timestamp,Home_Depot_TotalRevenue
2020-01-02T00:00:00,62358.78125
2020-01-03T00:00:00,69243.7734375
2020-01-04T00:00:00,26705.1796875
2020-01-05T00:00:00,19003.73046875
2020-01-06T00:00:00,152836.703125
2020-01-07T00:00:00,141708.1875
2020-01-08T00:00:00,56629.359375
2020-01-09T00:00:00,39668.6796875
2020-01-10T00:00:00,46804.859375
2020-01-11T00:00:00,14156.5302734375
2020-01-12T00:00:00,18015.9296875
2020-01-13T00:00:00,79489.1875
2020-01-14T00:00:00,116228.421875
2020-01-15T00:00:00,38727.51953125
2020-01-16T00:00:00,68075.7109375
2020-01-17T00:00:00,59213.87890625
2020-01-18T00:00:00,19530.2109375
2020-01-19T00:00:00,37203.05859375
2020-01-20T00:00:00,131309.296875
2020-01-21T00:00:00,64640.109375
2020-01-22T00:00:00,83875.7421875
2020-01-23T00:00:00,56983.7109375
2020-01-24T00:00:00,63437.98828125
2020-01-25T00:00:00,23994.150390625
2020-01-26T00:00:00,20245.859375
2020-01-27T00:00:00,106960.9375
2020-01-28T00:00:00,122010.4609375
2020-01-29T00:00:00,51845.421875
2020-01-30T00:00:00,52212.33984375
2020-01-31T00:00:00,83370.3984375
2020-02-01T00:00:00,26145.419921875
2020-02-02T00:00:00,12301.6103515625
2020-02-03T00:00:00,80430.2109375
2020-02-04T00:00:00,119383.4921875
2020-02-05T00:00:00,71189.90625
2020-02-06T00:00:00,73006.328125
2020-02-07T00:00:00,75052.671875
2020-02-08T00:00:00,17155.560546875
2020-02-09T00:00:00,16026.830078125
2020-02-10T00:00:00,95233.7109375
2020-02-11T00:00:00,87615.7265625
2020-02-12T00:00:00,70279.9609375
2020-02-13T00:00:00,61940.0390625
2020-02-14T00:00:00,61896.1015625
2020-02-15T00:00:00,17292.73046875
2020-02-16T00:00:00,21134.80078125
2020-02-17T00:00:00,175977.375
2020-02-18T00:00:00,80221.0390625
2020-02-19T00:00:00,77982.296875
2020-02-20T00:00:00,58378.421875
2020-02-21T00:00:00,62058.87109375
2020-02-22T00:00:00,15355.7001953125
2020-02-23T00:00:00,24539.3203125
2020-02-24T00:00:00,166843.34375
2020-02-25T00:00:00,38013.80078125
2020-02-26T00:00:00,33795.4296875
2020-02-27T00:00:00,37716.8515625
2020-02-28T00:00:00,52692.62109375
2020-02-29T00:00:00,36148.08984375
2020-03-01T00:00:00,19613.720703125
2020-03-02T00:00:00,84786.0234375
2020-03-03T00:00:00,69080.8671875
2020-03-04T00:00:00,61906.4296875
2020-03-05T00:00:00,25964.560546875
2020-03-06T00:00:00,43100.5390625
2020-03-07T00:00:00,9183.3896484375
2020-03-08T00:00:00,12901.080078125
2020-03-09T00:00:00,96997.109375
2020-03-10T00:00:00,89883.2421875
2020-03-11T00:00:00,56194.0703125
2020-03-12T00:00:00,20767.44921875
2020-03-13T00:00:00,37641.3984375
2020-03-14T00:00:00,11656.8896484375
2020-03-15T00:00:00,21434.529296875
2020-03-16T00:00:00,71443.953125
2020-03-17T00:00:00,104312.4296875
2020-03-18T00:00:00,39910.80078125
2020-03-19T00:00:00,48580.62890625
2020-03-20T00:00:00,36702.30859375
2020-03-21T00:00:00,13903.0
2020-03-22T00:00:00,10176.9296875
2020-03-23T00:00:00,110086.203125
2020-03-24T00:00:00,70980.78125
2020-03-25T00:00:00,37874.23046875
2020-03-26T00:00:00,22599.830078125
2020-03-27T00:00:00,25032.580078125
2020-03-28T00:00:00,16461.619140625
2020-03-29T00:00:00,12269.919921875
2020-03-30T00:00:00,105369.390625
2020-03-31T00:00:00,64127.6015625
2020-04-01T00:00:00,38939.33984375
2020-04-02T00:00:00,44026.23046875
2020-04-03T00:00:00,48727.05078125
2020-04-04T00:00:00,23087.73046875
2020-04-05T00:00:00,23698.8203125
2020-04-06T00:00:00,76889.34375
2020-04-07T00:00:00,79423.671875
2020-04-08T00:00:00,44429.421875
2020-04-09T00:00:00,36253.30859375
2020-04-10T00:00:00,28575.849609375
2020-04-11T00:00:00,14732.9501953125
2020-04-12T00:00:00,13009.759765625
2020-04-13T00:00:00,89358.046875
2020-04-14T00:00:00,72682.8828125
2020-04-15T00:00:00,47713.671875
2020-04-16T00:00:00,59827.1796875
2020-04-17T00:00:00,32564.390625
2020-04-18T00:00:00,6943.14990234375
2020-04-19T00:00:00,15762.3603515625
2020-04-20T00:00:00,45845.19921875
2020-04-21T00:00:00,86635.25
2020-04-22T00:00:00,51512.76171875
2020-04-23T00:00:00,37313.55078125
2020-04-24T00:00:00,20241.310546875
2020-04-25T00:00:00,13229.25
2020-04-26T00:00:00,15700.8896484375
2020-04-27T00:00:00,114556.71875
2020-04-28T00:00:00,80306.8671875
2020-04-29T00:00:00,55634.28125
2020-04-30T00:00:00,27494.779296875
2020-05-01T00:00:00,26020.05078125
2020-05-02T00:00:00,8123.81982421875
2020-05-03T00:00:00,6445.9599609375
2020-05-04T00:00:00,40144.71875
2020-05-05T00:00:00,74520.6171875
2020-05-06T00:00:00,28845.890625
2020-05-07T00:00:00,21873.009765625
2020-05-08T00:00:00,23217.76953125
2020-05-09T00:00:00,3345.780029296875
2020-05-10T00:00:00,14938.5703125
2020-05-11T00:00:00,48574.69921875
2020-05-12T00:00:00,33941.609375
2020-05-13T00:00:00,32195.390625
2020-05-14T00:00:00,39827.9609375
2020-05-15T00:00:00,25117.169921875
2020-05-16T00:00:00,12098.5302734375
2020-05-17T00:00:00,8538.830078125
2020-05-18T00:00:00,12729.0595703125
2020-05-19T00:00:00,55485.3203125
2020-05-20T00:00:00,28140.029296875
2020-05-21T00:00:00,26372.919921875
2020-05-22T00:00:00,11333.7802734375
2020-05-23T00:00:00,7226.5400390625
2020-05-24T00:00:00,4903.9501953125
2020-05-25T00:00:00,29767.779296875
2020-05-26T00:00:00,37440.421875
2020-05-27T00:00:00,15901.1103515625
2020-05-28T00:00:00,17683.970703125
2020-05-29T00:00:00,28637.720703125
2020-05-30T00:00:00,8894.259765625
2020-05-31T00:00:00,7664.60986328125
2020-06-01T00:00:00,67744.109375
2020-06-02T00:00:00,65088.2890625
2020-06-03T00:00:00,20196.58984375
2020-06-04T00:00:00,44743.46875
2020-06-05T00:00:00,13998.16015625
2020-06-06T00:00:00,9646.3701171875
2020-06-07T00:00:00,3083.52001953125
2020-06-08T00:00:00,59364.19140625
2020-06-09T00:00:00,43960.9609375
2020-06-10T00:00:00,36262.3515625
2020-06-11T00:00:00,34888.25
2020-06-12T00:00:00,19428.650390625
2020-06-13T00:00:00,11605.830078125
2020-06-14T00:00:00,11764.349609375
2020-06-15T00:00:00,68215.859375
2020-06-16T00:00:00,40398.609375
2020-06-17T00:00:00,35402.28125
2020-06-18T00:00:00,34210.69140625
2020-06-19T00:00:00,19108.009765625
2020-06-20T00:00:00,9822.91015625
2020-06-21T00:00:00,9585.150390625
2020-06-22T00:00:00,42660.109375
2020-06-23T00:00:00,56917.01953125
2020-06-24T00:00:00,18838.109375
2020-06-25T00:00:00,17885.279296875
2020-06-26T00:00:00,36739.12890625
2020-06-27T00:00:00,12248.9599609375
2020-06-28T00:00:00,6488.18994140625
2020-06-29T00:00:00,64416.0
2020-06-30T00:00:00,62013.44140625
2020-07-01T00:00:00,17407.8203125
2020-07-02T00:00:00,17785.55078125
2020-07-03T00:00:00,14817.6201171875
2020-07-04T00:00:00,0.0
2020-07-05T00:00:00,9446.73046875
2020-07-06T00:00:00,56504.359375
2020-07-07T00:00:00,39059.94921875
2020-07-08T00:00:00,34725.91015625
2020-07-09T00:00:00,26332.94921875
2020-07-10T00:00:00,30370.3203125
2020-07-11T00:00:00,13716.169921875
2020-07-12T00:00:00,14245.4404296875
2020-07-13T00:00:00,46180.609375
2020-07-14T00:00:00,45498.0703125
2020-07-15T00:00:00,34490.1484375
2020-07-16T00:00:00,18523.080078125
2020-07-17T00:00:00,36421.55859375
2020-07-18T00:00:00,12384.009765625
2020-07-19T00:00:00,10172.0703125
2020-07-20T00:00:00,40832.94140625
2020-07-21T00:00:00,72091.4375
2020-07-22T00:00:00,37518.4609375
2020-07-23T00:00:00,25255.359375
2020-07-24T00:00:00,27201.720703125
2020-07-25T00:00:00,7526.93017578125
2020-07-26T00:00:00,8096.7001953125
2020-07-27T00:00:00,52796.30859375
2020-07-28T00:00:00,29608.19921875
2020-07-29T00:00:00,25783.099609375
2020-07-30T00:00:00,21815.880859375
2020-07-31T00:00:00,27616.16015625
2020-08-01T00:00:00,19161.119140625
2020-08-02T00:00:00,9862.8603515625
2020-08-03T00:00:00,78879.84375
2020-08-04T00:00:00,38279.109375
2020-08-05T00:00:00,32029.939453125
2020-08-06T00:00:00,38484.21875
2020-08-07T00:00:00,45564.69140625
2020-08-08T00:00:00,20102.69921875
2020-08-09T00:00:00,18248.580078125
2020-08-10T00:00:00,56299.98828125
2020-08-11T00:00:00,73694.1484375
2020-08-12T00:00:00,58612.171875
2020-08-13T00:00:00,50895.140625
2020-08-14T00:00:00,41642.73828125
2020-08-15T00:00:00,12260.6298828125
2020-08-16T00:00:00,13808.7900390625
2020-08-17T00:00:00,81174.921875
2020-08-18T00:00:00,86556.140625
2020-08-19T00:00:00,15517.7998046875
2020-08-20T00:00:00,37619.640625
2020-08-21T00:00:00,45309.3984375
2020-08-22T00:00:00,10164.2099609375
2020-08-23T00:00:00,16314.1298828125
2020-08-24T00:00:00,73794.1171875
2020-08-25T00:00:00,92296.796875
2020-08-26T00:00:00,43124.87890625
2020-08-27T00:00:00,32597.9609375
2020-08-28T00:00:00,14927.83984375
2020-08-29T00:00:00,16354.58984375
2020-08-30T00:00:00,22839.919921875
2020-08-31T00:00:00,68093.3671875
2020-09-01T00:00:00,56094.1484375
2020-09-02T00:00:00,46186.359375
2020-09-03T00:00:00,44480.4609375
2020-09-04T00:00:00,32355.580078125
2020-09-05T00:00:00,15825.009765625
2020-09-06T00:00:00,21359.900390625
2020-09-07T00:00:00,19058.19921875
2020-09-08T00:00:00,91821.1484375
2020-09-09T00:00:00,47802.58984375
2020-09-10T00:00:00,56217.53125
2020-09-11T00:00:00,57042.12890625
2020-09-12T00:00:00,7527.7001953125
2020-09-13T00:00:00,12667.1796875
2020-09-14T00:00:00,51215.1484375
2020-09-15T00:00:00,63455.37890625
2020-09-16T00:00:00,25721.0703125
2020-09-17T00:00:00,32128.640625
2020-09-18T00:00:00,51659.37109375
2020-09-19T00:00:00,23081.849609375
2020-09-20T00:00:00,12191.8701171875
2020-09-21T00:00:00,98366.8125
2020-09-22T00:00:00,82903.921875
2020-09-23T00:00:00,42643.25
2020-09-24T00:00:00,51796.23828125
2020-09-25T00:00:00,33892.76171875
2020-09-26T00:00:00,17757.080078125
2020-09-27T00:00:00,5667.2001953125
2020-09-28T00:00:00,49168.3984375
2020-09-29T00:00:00,50416.75
2020-09-30T00:00:00,24323.630859375
2020-10-01T00:00:00,16766.7890625
2020-10-02T00:00:00,46840.87109375
2020-10-03T00:00:00,23729.509765625
2020-10-04T00:00:00,17886.26953125
2020-10-05T00:00:00,39955.828125
2020-10-06T00:00:00,65043.19921875
2020-10-07T00:00:00,50486.16015625
2020-10-08T00:00:00,49947.55859375
2020-10-09T00:00:00,62830.0
2020-10-10T00:00:00,26911.16015625
2020-10-11T00:00:00,29401.189453125
2020-10-12T00:00:00,166285.125
2020-10-13T00:00:00,180170.875
2020-10-14T00:00:00,88078.609375
2020-10-15T00:00:00,65179.328125
2020-10-16T00:00:00,45496.03125
2020-10-17T00:00:00,30417.140625
2020-10-18T00:00:00,25578.919921875
2020-10-19T00:00:00,56344.23046875
2020-10-20T00:00:00,131077.828125
2020-10-21T00:00:00,32127.970703125
2020-10-22T00:00:00,43565.83984375
2020-10-23T00:00:00,60850.12109375
2020-10-24T00:00:00,24263.439453125
2020-10-25T00:00:00,21746.580078125
2020-10-26T00:00:00,67505.7734375
2020-10-27T00:00:00,118608.921875
2020-10-28T00:00:00,57234.33984375
2020-10-29T00:00:00,82604.78125
2020-10-30T00:00:00,91305.0703125
2020-10-31T00:00:00,13939.1904296875
2020-11-01T00:00:00,23817.33984375
2020-11-02T00:00:00,140661.234375
2020-11-03T00:00:00,117756.96875
2020-11-04T00:00:00,59638.69140625
2020-11-05T00:00:00,41565.62109375
2020-11-06T00:00:00,53262.421875
2020-11-07T00:00:00,23894.779296875
2020-11-08T00:00:00,34232.5
2020-11-09T00:00:00,92008.3203125
2020-11-10T00:00:00,141087.71875
2020-11-11T00:00:00,86294.8984375
2020-11-12T00:00:00,66479.1484375
2020-11-13T00:00:00,61700.48828125
2020-11-14T00:00:00,15785.1904296875
2020-11-15T00:00:00,18508.58984375
2020-11-16T00:00:00,91979.2265625
2020-11-17T00:00:00,56016.05859375
2020-11-18T00:00:00,47129.71875
2020-11-19T00:00:00,65967.359375
2020-11-20T00:00:00,51010.890625
2020-11-21T00:00:00,20802.66015625
2020-11-22T00:00:00,31324.25
2020-11-23T00:00:00,64616.421875
2020-11-24T00:00:00,104650.671875
2020-11-25T00:00:00,32672.009765625
2020-11-26T00:00:00,0.0
2020-11-27T00:00:00,42861.140625
2020-11-28T00:00:00,20644.94921875
2020-11-29T00:00:00,25295.890625
2020-11-30T00:00:00,131468.5625
2020-12-01T00:00:00,107509.90625
2020-12-02T00:00:00,59588.58984375
2020-12-03T00:00:00,73388.171875
2020-12-04T00:00:00,49774.2109375
2020-12-05T00:00:00,20180.66015625
2020-12-06T00:00:00,23878.859375
2020-12-07T00:00:00,140946.703125
2020-12-08T00:00:00,71850.34375
2020-12-09T00:00:00,40699.3203125
2020-12-10T00:00:00,57122.1796875
2020-12-11T00:00:00,59688.30859375
2020-12-12T00:00:00,24947.05078125
2020-12-13T00:00:00,31818.5703125
2020-12-14T00:00:00,101239.2109375
2020-12-15T00:00:00,73723.2578125
2020-12-16T00:00:00,52714.55859375
2020-12-17T00:00:00,43499.55859375
2020-12-18T00:00:00,69209.671875
2020-12-19T00:00:00,7135.10986328125
2020-12-20T00:00:00,16641.919921875
2020-12-21T00:00:00,131176.765625
2020-12-22T00:00:00,141316.046875
2020-12-23T00:00:00,61784.80859375
2020-12-24T00:00:00,56429.12890625
2020-12-25T00:00:00,0.0
2020-12-26T00:00:00,24786.16015625
2020-12-27T00:00:00,28623.9296875
2020-12-28T00:00:00,78875.9765625
2020-12-29T00:00:00,87536.7265625
2020-12-30T00:00:00,79569.4609375
2020-12-31T00:00:00,74374.7890625
2021-01-01T00:00:00,0.0
2021-01-02T00:00:00,12934.740234375
2021-01-03T00:00:00,27261.150390625
2021-01-04T00:00:00,123008.59375
2021-01-05T00:00:00,133082.34375
2021-01-06T00:00:00,89581.453125
2021-01-07T00:00:00,76904.09375
2021-01-08T00:00:00,52694.98046875
2021-01-09T00:00:00,17992.2890625
2021-01-10T00:00:00,15908.8095703125
2021-01-11T00:00:00,84037.421875
2021-01-12T00:00:00,85529.5
2021-01-13T00:00:00,77071.2265625
2021-01-14T00:00:00,63635.2109375
2021-01-15T00:00:00,
2021-01-16T00:00:00,
2021-01-17T00:00:00,
2021-01-18T00:00:00,
2021-01-19T00:00:00,
2021-01-20T00:00:00,
2021-01-21T00:00:00,
2021-01-22T00:00:00,
2021-01-23T00:00:00,
2021-01-24T00:00:00,
2021-01-25T00:00:00,
2021-01-26T00:00:00,
2021-01-27T00:00:00,
2021-01-28T00:00:00,
2021-01-29T00:00:00,
2021-01-30T00:00:00,
2021-01-31T00:00:00,
2021-02-01T00:00:00,
2021-02-02T00:00:00,
2021-02-03T00:00:00,
2021-02-04T00:00:00,
2021-02-05T00:00:00,
2021-02-06T00:00:00,
2021-02-07T00:00:00,
2021-02-08T00:00:00,
2021-02-09T00:00:00,
2021-02-10T00:00:00,
2021-02-11T00:00:00,
2021-02-12T00:00:00,
2021-02-13T00:00:00,
2021-02-14T00:00:00,
2021-02-15T00:00:00,
2021-02-16T00:00:00,
2021-02-17T00:00:00,
2021-02-18T00:00:00,
2021-02-19T00:00:00,
2021-02-20T00:00:00,
2021-02-21T00:00:00,
2021-02-22T00:00:00,
2021-02-23T00:00:00,
2021-02-24T00:00:00,
2021-02-25T00:00:00,
2021-02-26T00:00:00,
2021-02-27T00:00:00,
2021-02-28T00:00:00,
2021-03-01T00:00:00,
2021-03-02T00:00:00,
2021-03-03T00:00:00,
2021-03-04T00:00:00,
2021-03-05T00:00:00,
2021-03-06T00:00:00,13971.1796875
2021-03-07T00:00:00,12679.9501953125
2021-03-08T00:00:00,62448.16015625
2021-03-09T00:00:00,76902.7265625
2021-03-10T00:00:00,35373.66015625
2021-03-11T00:00:00,43774.921875
2021-03-12T00:00:00,44064.73828125
2021-03-13T00:00:00,16643.0
2021-03-14T00:00:00,14543.7197265625
2021-03-15T00:00:00,94302.2109375
2021-03-16T00:00:00,43032.140625
2021-03-17T00:00:00,29880.029296875
2021-03-18T00:00:00,40292.6484375
2021-03-19T00:00:00,26786.060546875
2021-03-20T00:00:00,11427.8701171875
2021-03-21T00:00:00,14108.150390625
2021-03-22T00:00:00,50323.01171875
2021-03-23T00:00:00,83832.3984375
2021-03-24T00:00:00,38733.859375
2021-03-25T00:00:00,35166.33984375
2021-03-26T00:00:00,56523.30078125
2021-03-27T00:00:00,17643.5703125
2021-03-28T00:00:00,21397.009765625
2021-03-29T00:00:00,72185.2734375
2021-03-30T00:00:00,81706.640625
2021-03-31T00:00:00,39661.3984375
2021-04-01T00:00:00,36734.19921875
2021-04-02T00:00:00,33850.859375
2021-04-03T00:00:00,15006.8095703125
2021-04-04T00:00:00,7821.58984375
2021-04-05T00:00:00,82590.9921875
2021-04-06T00:00:00,43219.3203125
2021-04-07T00:00:00,37209.30859375
2021-04-08T00:00:00,41474.51171875
2021-04-09T00:00:00,21777.76953125
2021-04-10T00:00:00,14632.650390625
2021-04-11T00:00:00,17094.259765625
2021-04-12T00:00:00,86500.890625
2021-04-13T00:00:00,83945.5625
2021-04-14T00:00:00,37175.73828125
2021-04-15T00:00:00,27674.419921875
2021-04-16T00:00:00,45755.80078125
2021-04-17T00:00:00,13738.599609375
2021-04-18T00:00:00,16737.060546875
2021-04-19T00:00:00,40397.21875
2021-04-20T00:00:00,93962.6484375
2021-04-21T00:00:00,55577.921875
2021-04-22T00:00:00,51439.23828125
2021-04-23T00:00:00,41260.55859375
2021-04-24T00:00:00,9839.01953125
2021-04-25T00:00:00,23604.58984375
2021-04-26T00:00:00,118478.5
2021-04-27T00:00:00,86294.6875
2021-04-28T00:00:00,74368.0234375
2021-04-29T00:00:00,33083.53125
2021-04-30T00:00:00,28239.189453125
2021-05-01T00:00:00,14345.2099609375
2021-05-02T00:00:00,8077.3798828125
2021-05-03T00:00:00,40742.83984375
2021-05-04T00:00:00,66141.078125
2021-05-05T00:00:00,44014.8515625
2021-05-06T00:00:00,33548.0
2021-05-07T00:00:00,24131.189453125
2021-05-08T00:00:00,19148.419921875
2021-05-09T00:00:00,12071.419921875
2021-05-10T00:00:00,49253.53125
2021-05-11T00:00:00,58029.1015625
2021-05-12T00:00:00,38090.30078125
2021-05-13T00:00:00,13061.2998046875
2021-05-14T00:00:00,19448.7109375
2021-05-15T00:00:00,8863.1103515625
2021-05-16T00:00:00,6779.68017578125
2021-05-17T00:00:00,65149.390625
2021-05-18T00:00:00,61501.078125
2021-05-19T00:00:00,29433.140625
2021-05-20T00:00:00,40663.19140625
2021-05-21T00:00:00,25908.990234375
2021-05-22T00:00:00,15282.830078125
2021-05-23T00:00:00,8741.490234375
2021-05-24T00:00:00,71166.2265625
2021-05-25T00:00:00,42081.6484375
2021-05-26T00:00:00,25482.919921875
2021-05-27T00:00:00,18826.330078125
2021-05-28T00:00:00,28531.060546875
2021-05-29T00:00:00,8908.8095703125
2021-05-30T00:00:00,12392.41015625
2021-05-31T00:00:00,82360.2890625
2021-06-01T00:00:00,42201.80859375
2021-06-02T00:00:00,21208.470703125
2021-06-03T00:00:00,35209.8515625
2021-06-04T00:00:00,32040.259765625
2021-06-05T00:00:00,14424.1904296875
2021-06-06T00:00:00,12142.1796875
2021-06-07T00:00:00,96826.71875
2021-06-08T00:00:00,67908.609375
2021-06-09T00:00:00,53494.62109375
2021-06-10T00:00:00,24222.6796875
2021-06-11T00:00:00,35145.48828125
2021-06-12T00:00:00,8919.349609375
2021-06-13T00:00:00,8729.48046875
2021-06-14T00:00:00,69049.9765625
2021-06-15T00:00:00,86660.2109375
2021-06-16T00:00:00,18614.779296875
2021-06-17T00:00:00,48569.6796875
2021-06-18T00:00:00,38498.33984375
2021-06-19T00:00:00,8975.9599609375
2021-06-20T00:00:00,14419.740234375
2021-06-21T00:00:00,39049.359375
2021-06-22T00:00:00,72762.71875
2021-06-23T00:00:00,25718.599609375
2021-06-24T00:00:00,42580.078125
2021-06-25T00:00:00,30385.630859375
2021-06-26T00:00:00,9779.98046875
2021-06-27T00:00:00,10449.25
2021-06-28T00:00:00,62591.51171875
2021-06-29T00:00:00,59458.48046875
2021-06-30T00:00:00,17835.30078125
2021-07-01T00:00:00,34179.5703125
2021-07-02T00:00:00,43998.96875
2021-07-03T00:00:00,9892.0302734375
2021-07-04T00:00:00,0.0
2021-07-05T00:00:00,63649.01171875
2021-07-06T00:00:00,56143.46875
2021-07-07T00:00:00,19299.169921875
2021-07-08T00:00:00,29913.7109375
2021-07-09T00:00:00,26152.630859375
2021-07-10T00:00:00,11167.23046875
2021-07-11T00:00:00,11899.0703125
2021-07-12T00:00:00,70637.296875
2021-07-13T00:00:00,63167.05078125
2021-07-14T00:00:00,27970.8203125
2021-07-15T00:00:00,23986.880859375
2021-07-16T00:00:00,
2021-07-17T00:00:00,
2021-07-18T00:00:00,
2021-07-19T00:00:00,
2021-07-20T00:00:00,
2021-07-21T00:00:00,
2021-07-22T00:00:00,
2021-07-23T00:00:00,
2021-07-24T00:00:00,
2021-07-25T00:00:00,
2021-07-26T00:00:00,
2021-07-27T00:00:00,
2021-07-28T00:00:00,
2021-07-29T00:00:00,
2021-07-30T00:00:00,
2021-07-31T00:00:00,
2021-08-01T00:00:00,
2021-08-02T00:00:00,
2021-08-03T00:00:00,
2021-08-04T00:00:00,
2021-08-05T00:00:00,
2021-08-06T00:00:00,
2021-08-07T00:00:00,
2021-08-08T00:00:00,
2021-08-09T00:00:00,
2021-08-10T00:00:00,
2021-08-11T00:00:00,
2021-08-12T00:00:00,
2021-08-13T00:00:00,
2021-08-14T00:00:00,
2021-08-15T00:00:00,
2021-08-16T00:00:00,
2021-08-17T00:00:00,
2021-08-18T00:00:00,
2021-08-19T00:00:00,
2021-08-20T00:00:00,
2021-08-21T00:00:00,
2021-08-22T00:00:00,
2021-08-23T00:00:00,
2021-08-24T00:00:00,
2021-08-25T00:00:00,
2021-08-26T00:00:00,
2021-08-27T00:00:00,
2021-08-28T00:00:00,
2021-08-29T00:00:00,
2021-08-30T00:00:00,
2021-08-31T00:00:00,
2021-09-01T00:00:00,
2021-09-02T00:00:00,
2021-09-03T00:00:00,
2021-09-04T00:00:00,18282.2890625
2021-09-05T00:00:00,14026.9296875
2021-09-06T00:00:00,79090.84375
2021-09-07T00:00:00,111557.921875
2021-09-08T00:00:00,38881.421875
2021-09-09T00:00:00,32271.240234375
2021-09-10T00:00:00,40454.9296875
2021-09-11T00:00:00,17643.169921875
2021-09-12T00:00:00,15686.759765625
2021-09-13T00:00:00,90331.140625
2021-09-14T00:00:00,20087.7109375
2021-09-15T00:00:00,25973.859375
2021-09-16T00:00:00,49016.51171875
2021-09-17T00:00:00,58921.44140625
2021-09-18T00:00:00,20719.4296875
2021-09-19T00:00:00,21504.3203125
2021-09-20T00:00:00,70084.40625
2021-09-21T00:00:00,114169.9921875
2021-09-22T00:00:00,44821.73046875
2021-09-23T00:00:00,62744.359375
2021-09-24T00:00:00,38415.62890625
2021-09-25T00:00:00,15967.4501953125
2021-09-26T00:00:00,15685.66015625
2021-09-27T00:00:00,81578.6328125
2021-09-28T00:00:00,97800.53125
2021-09-29T00:00:00,22439.16015625
2021-09-30T00:00:00,37416.859375
2021-10-01T00:00:00,65187.44140625
2021-10-02T00:00:00,24766.08984375
2021-10-03T00:00:00,26663.310546875
2021-10-04T00:00:00,152267.703125
2021-10-05T00:00:00,127743.9609375
2021-10-06T00:00:00,48929.58984375
2021-10-07T00:00:00,72318.2890625
2021-10-08T00:00:00,53508.828125
2021-10-09T00:00:00,16885.9609375
2021-10-10T00:00:00,20479.689453125
2021-10-11T00:00:00,153680.5625
2021-10-12T00:00:00,177268.171875
2021-10-13T00:00:00,45386.73046875
2021-10-14T00:00:00,69632.859375
2021-10-15T00:00:00,75138.1796875
2021-10-16T00:00:00,20281.26953125
2021-10-17T00:00:00,25752.060546875
2021-10-18T00:00:00,105722.7421875
2021-10-19T00:00:00,94686.390625
2021-10-20T00:00:00,84771.9296875
2021-10-21T00:00:00,43288.71875
2021-10-22T00:00:00,61313.44921875
2021-10-23T00:00:00,22149.529296875
2021-10-24T00:00:00,22744.599609375
2021-10-25T00:00:00,89286.3125
2021-10-26T00:00:00,124772.609375
2021-10-27T00:00:00,77283.2421875
2021-10-28T00:00:00,77678.59375
2021-10-29T00:00:00,47094.37109375
2021-10-30T00:00:00,30893.19921875
2021-10-31T00:00:00,35087.46875
2021-11-01T00:00:00,120004.2734375
2021-11-02T00:00:00,94116.9375
2021-11-03T00:00:00,66283.78125
2021-11-04T00:00:00,32141.150390625
2021-11-05T00:00:00,50588.609375
2021-11-06T00:00:00,10890.150390625
2021-11-07T00:00:00,37264.1796875
2021-11-08T00:00:00,91588.9765625
2021-11-09T00:00:00,99179.6796875
2021-11-10T00:00:00,59127.9296875
2021-11-11T00:00:00,29270.69921875
2021-11-12T00:00:00,60859.98828125
2021-11-13T00:00:00,17110.419921875
2021-11-14T00:00:00,22376.150390625
2021-11-15T00:00:00,154288.984375
2021-11-16T00:00:00,96507.2890625
2021-11-17T00:00:00,30900.30078125
2021-11-18T00:00:00,97068.0625
2021-11-19T00:00:00,47952.19921875
2021-11-20T00:00:00,25122.640625
2021-11-21T00:00:00,22605.8203125
2021-11-22T00:00:00,195338.3125
2021-11-23T00:00:00,145858.09375
2021-11-24T00:00:00,32279.80078125
2021-11-25T00:00:00,0.0
2021-11-26T00:00:00,9755.5595703125
2021-11-27T00:00:00,20983.970703125
2021-11-28T00:00:00,21597.740234375
2021-11-29T00:00:00,141744.90625
2021-11-30T00:00:00,80715.7109375
2021-12-01T00:00:00,82979.328125
2021-12-02T00:00:00,49552.03125
2021-12-03T00:00:00,82787.546875
2021-12-04T00:00:00,29148.01953125
2021-12-05T00:00:00,19094.990234375
2021-12-06T00:00:00,186616.296875
2021-12-07T00:00:00,138939.34375
2021-12-08T00:00:00,49314.05859375
2021-12-09T00:00:00,77552.046875
2021-12-10T00:00:00,64104.26171875
2021-12-11T00:00:00,36233.828125
2021-12-12T00:00:00,34281.078125
2021-12-13T00:00:00,120056.2734375
2021-12-14T00:00:00,154679.0625
2021-12-15T00:00:00,67352.21875
2021-12-16T00:00:00,49859.21875
2021-12-17T00:00:00,73406.9921875
2021-12-18T00:00:00,19622.73046875
2021-12-19T00:00:00,11014.33984375
2021-12-20T00:00:00,118622.09375
2021-12-21T00:00:00,175311.15625
2021-12-22T00:00:00,82597.59375
2021-12-23T00:00:00,73772.5234375
2021-12-24T00:00:00,52663.30078125
2021-12-25T00:00:00,0.0
2021-12-26T00:00:00,22571.990234375
2021-12-27T00:00:00,188462.046875
2021-12-28T00:00:00,195266.921875
2021-12-29T00:00:00,90106.0
2021-12-30T00:00:00,82306.2265625
2021-12-31T00:00:00,77007.0
2022-01-01T00:00:00,0.0
2022-01-02T00:00:00,44530.78125
2022-01-03T00:00:00,115911.8125
2022-01-04T00:00:00,116938.640625
2022-01-05T00:00:00,74228.03125
2022-01-06T00:00:00,102415.25
2022-01-07T00:00:00,81614.9609375
2022-01-08T00:00:00,23944.580078125
2022-01-09T00:00:00,16989.5703125
2022-01-10T00:00:00,168740.90625
2022-01-11T00:00:00,126625.921875
2022-01-12T00:00:00,76439.5078125
2022-01-13T00:00:00,75341.046875
2022-01-14T00:00:00,49365.23828125
2022-01-15T00:00:00,24522.9296875
2022-01-16T00:00:00,16260.4501953125
2022-01-17T00:00:00,173873.375
2022-01-18T00:00:00,205006.9375
2022-01-19T00:00:00,48555.21875
2022-01-20T00:00:00,62890.26171875
2022-01-21T00:00:00,78404.8515625
2022-01-22T00:00:00,22014.0703125
2022-01-23T00:00:00,26702.359375
2022-01-24T00:00:00,201545.125
2022-01-25T00:00:00,121654.3203125
2022-01-26T00:00:00,72820.6875
2022-01-27T00:00:00,109711.2109375
2022-01-28T00:00:00,67970.6015625
2022-01-29T00:00:00,21788.099609375
2022-01-30T00:00:00,31955.130859375
2022-01-31T00:00:00,149806.1875
2022-02-01T00:00:00,174305.671875
2022-02-02T00:00:00,58949.6484375
2022-02-03T00:00:00,92694.7421875
2022-02-04T00:00:00,77955.2578125
2022-02-05T00:00:00,30338.83984375
2022-02-06T00:00:00,35134.73046875
2022-02-07T00:00:00,152260.4375
2022-02-08T00:00:00,114899.9296875
2022-02-09T00:00:00,40161.94140625
2022-02-10T00:00:00,65623.40625
2022-02-11T00:00:00,76729.46875
2022-02-12T00:00:00,26692.580078125
2022-02-13T00:00:00,25184.859375
2022-02-14T00:00:00,136080.8125
2022-02-15T00:00:00,178935.671875
2022-02-16T00:00:00,81004.421875
2022-02-17T00:00:00,79579.1484375
2022-02-18T00:00:00,80603.03125
2022-02-19T00:00:00,33712.3984375
2022-02-20T00:00:00,22224.470703125
2022-02-21T00:00:00,116285.1796875
2022-02-22T00:00:00,118569.2890625
2022-02-23T00:00:00,51109.19140625
2022-02-24T00:00:00,79035.140625
2022-02-25T00:00:00,71652.9609375
2022-02-26T00:00:00,23244.01953125
2022-02-27T00:00:00,13037.2001953125
2022-02-28T00:00:00,57324.390625
2022-03-01T00:00:00,79624.890625
2022-03-02T00:00:00,46776.62109375
2022-03-03T00:00:00,37103.73046875
2022-03-04T00:00:00,52702.53125
2022-03-05T00:00:00,18956.9609375
2022-03-06T00:00:00,25851.419921875
2022-03-07T00:00:00,85311.65625
2022-03-08T00:00:00,84952.71875
2022-03-09T00:00:00,44733.98828125
2022-03-10T00:00:00,56116.78125
2022-03-11T00:00:00,41370.16015625
2022-03-12T00:00:00,17065.150390625
2022-03-13T00:00:00,18712.580078125
2022-03-14T00:00:00,51025.4609375
2022-03-15T00:00:00,136473.578125
2022-03-16T00:00:00,52007.71875
2022-03-17T00:00:00,35564.5703125
2022-03-18T00:00:00,64990.21875
2022-03-19T00:00:00,16226.8095703125
2022-03-20T00:00:00,26092.5
2022-03-21T00:00:00,86612.453125
2022-03-22T00:00:00,129732.21875
2022-03-23T00:00:00,49989.23046875
2022-03-24T00:00:00,38185.26953125
2022-03-25T00:00:00,54507.87109375
2022-03-26T00:00:00,18093.05078125
2022-03-27T00:00:00,18037.9296875
2022-03-28T00:00:00,122887.9921875
2022-03-29T00:00:00,127304.6015625
2022-03-30T00:00:00,35919.578125
2022-03-31T00:00:00,55545.890625
2022-04-01T00:00:00,47353.578125
2022-04-02T00:00:00,15351.9501953125
2022-04-03T00:00:00,5679.0498046875
2022-04-04T00:00:00,98037.453125
2022-04-05T00:00:00,72482.859375
2022-04-06T00:00:00,28817.580078125
2022-04-07T00:00:00,38763.4296875
2022-04-08T00:00:00,66804.796875
2022-04-09T00:00:00,20239.359375
2022-04-10T00:00:00,22171.69921875
2022-04-11T00:00:00,115939.8515625
2022-04-12T00:00:00,83082.75
2022-04-13T00:00:00,60887.609375
2022-04-14T00:00:00,45779.4609375
2022-04-15T00:00:00,67122.40625
2022-04-16T00:00:00,23199.140625
2022-04-17T00:00:00,20699.689453125
2022-04-18T00:00:00,61482.53125
2022-04-19T00:00:00,68470.84375
2022-04-20T00:00:00,40537.0703125
2022-04-21T00:00:00,44804.69921875
2022-04-22T00:00:00,64116.3984375
2022-04-23T00:00:00,8511.25
2022-04-24T00:00:00,16089.1298828125
2022-04-25T00:00:00,124284.6328125
2022-04-26T00:00:00,47651.5703125
2022-04-27T00:00:00,52523.91015625
2022-04-28T00:00:00,43276.5390625
2022-04-29T00:00:00,46803.828125
2022-04-30T00:00:00,11766.3603515625
2022-05-01T00:00:00,12745.3203125
2022-05-02T00:00:00,45896.87109375
2022-05-03T00:00:00,49480.6796875
2022-05-04T00:00:00,38693.6796875
2022-05-05T00:00:00,21583.849609375
2022-05-06T00:00:00,35787.9296875
2022-05-07T00:00:00,8788.26953125
2022-05-08T00:00:00,5955.97998046875
2022-05-09T00:00:00,93425.828125
2022-05-10T00:00:00,58194.640625
2022-05-11T00:00:00,34980.01953125
2022-05-12T00:00:00,20485.9296875
2022-05-13T00:00:00,31403.98046875
2022-05-14T00:00:00,12023.3798828125
2022-05-15T00:00:00,18338.30078125
2022-05-16T00:00:00,51270.6796875
2022-05-17T00:00:00,57431.51953125
2022-05-18T00:00:00,44891.26171875
2022-05-19T00:00:00,33700.21875
2022-05-20T00:00:00,50147.08984375
2022-05-21T00:00:00,14736.0302734375
2022-05-22T00:00:00,6543.169921875
2022-05-23T00:00:00,45490.08984375
2022-05-24T00:00:00,53070.01171875
2022-05-25T00:00:00,39062.16015625
2022-05-26T00:00:00,35007.30078125
2022-05-27T00:00:00,27009.490234375
2022-05-28T00:00:00,8576.8701171875
2022-05-29T00:00:00,15869.650390625
2022-05-30T00:00:00,79311.296875
2022-05-31T00:00:00,75629.5234375
2022-06-01T00:00:00,28948.8203125
2022-06-02T00:00:00,21312.25
2022-06-03T00:00:00,17268.08984375
2022-06-04T00:00:00,9312.5595703125
2022-06-05T00:00:00,13268.2998046875
2022-06-06T00:00:00,72438.921875
2022-06-07T00:00:00,15429.8896484375
2022-06-08T00:00:00,27242.5703125
2022-06-09T00:00:00,33277.69140625
2022-06-10T00:00:00,55356.5390625
2022-06-11T00:00:00,12260.8203125
2022-06-12T00:00:00,14049.5498046875
2022-06-13T00:00:00,44227.69921875
2022-06-14T00:00:00,46433.9609375
2022-06-15T00:00:00,28726.380859375
2022-06-16T00:00:00,42196.640625
2022-06-17T00:00:00,37253.390625
2022-06-18T00:00:00,16224.8798828125
2022-06-19T00:00:00,15270.0400390625
2022-06-20T00:00:00,60169.03125
2022-06-21T00:00:00,62001.359375
2022-06-22T00:00:00,39145.78125
2022-06-23T00:00:00,41753.94921875
2022-06-24T00:00:00,18515.990234375
2022-06-25T00:00:00,16286.3798828125
2022-06-26T00:00:00,13533.26953125
2022-06-27T00:00:00,86517.0390625
2022-06-28T00:00:00,66708.8828125
2022-06-29T00:00:00,44170.78125
2022-06-30T00:00:00,37537.37890625
2022-07-01T00:00:00,29423.9609375
2022-07-02T00:00:00,8622.349609375
2022-07-03T00:00:00,13538.23046875
2022-07-04T00:00:00,0.0
2022-07-05T00:00:00,61375.19921875
2022-07-06T00:00:00,40369.19140625
2022-07-07T00:00:00,15667.08984375
2022-07-08T00:00:00,27687.970703125
2022-07-09T00:00:00,20511.369140625
2022-07-10T00:00:00,11473.5
2022-07-11T00:00:00,65229.03125
2022-07-12T00:00:00,33108.71875
2022-07-13T00:00:00,24792.439453125
2022-07-14T00:00:00,43825.26171875
2022-07-15T00:00:00,35328.21875
2022-07-16T00:00:00,15838.8896484375
2022-07-17T00:00:00,10111.33984375
2022-07-18T00:00:00,94035.9609375
2022-07-19T00:00:00,55266.62890625
2022-07-20T00:00:00,38889.98828125
2022-07-21T00:00:00,24883.240234375
2022-07-22T00:00:00,30957.359375
2022-07-23T00:00:00,12284.1103515625
2022-07-24T00:00:00,13252.98046875
2022-07-25T00:00:00,72376.6328125
2022-07-26T00:00:00,69109.5625
2022-07-27T00:00:00,30549.640625
2022-07-28T00:00:00,29478.01953125
2022-07-29T00:00:00,24078.650390625
2022-07-30T00:00:00,9308.1298828125
2022-07-31T00:00:00,11556.599609375
2022-08-01T00:00:00,24806.669921875
2022-08-02T00:00:00,69766.6875
2022-08-03T00:00:00,43933.05078125
2022-08-04T00:00:00,44689.80078125
2022-08-05T00:00:00,43728.5390625
2022-08-06T00:00:00,29840.169921875
2022-08-07T00:00:00,10956.8798828125
2022-08-08T00:00:00,118661.1015625
2022-08-09T00:00:00,68612.8984375
2022-08-10T00:00:00,40844.8203125
2022-08-11T00:00:00,49609.76953125
2022-08-12T00:00:00,37650.2890625
2022-08-13T00:00:00,21481.919921875
2022-08-14T00:00:00,12171.3203125
2022-08-15T00:00:00,92366.9921875
2022-08-16T00:00:00,43419.01171875
2022-08-17T00:00:00,34807.8203125
2022-08-18T00:00:00,38060.44140625
2022-08-19T00:00:00,56142.12109375
2022-08-20T00:00:00,13710.3701171875
2022-08-21T00:00:00,13186.4697265625
2022-08-22T00:00:00,85965.0625
2022-08-23T00:00:00,82680.4609375
2022-08-24T00:00:00,44169.73046875
2022-08-25T00:00:00,54945.6015625
2022-08-26T00:00:00,53815.4609375
2022-08-27T00:00:00,20684.099609375
2022-08-28T00:00:00,27729.73046875
2022-08-29T00:00:00,127866.71875
2022-08-30T00:00:00,90558.4765625
2022-08-31T00:00:00,24658.099609375
2022-09-01T00:00:00,46382.55078125
2022-09-02T00:00:00,29606.310546875
2022-09-03T00:00:00,29566.939453125
2022-09-04T00:00:00,17512.619140625
2022-09-05T00:00:00,106867.78125
2022-09-06T00:00:00,100365.96875
2022-09-07T00:00:00,57664.9609375
2022-09-08T00:00:00,52167.51953125
2022-09-09T00:00:00,34750.62109375
2022-09-10T00:00:00,26164.060546875
2022-09-11T00:00:00,21854.2109375
2022-09-12T00:00:00,101890.046875
2022-09-13T00:00:00,121229.171875
2022-09-14T00:00:00,41722.2109375
2022-09-15T00:00:00,39328.69921875
2022-09-16T00:00:00,41924.08984375
2022-09-17T00:00:00,16221.1796875
2022-09-18T00:00:00,17687.189453125
2022-09-19T00:00:00,154490.65625
2022-09-20T00:00:00,139255.109375
2022-09-21T00:00:00,33972.359375
2022-09-22T00:00:00,59377.51953125
2022-09-23T00:00:00,53570.66015625
2022-09-24T00:00:00,15331.83984375
2022-09-25T00:00:00,5351.97021484375
2022-09-26T00:00:00,83312.5078125
2022-09-27T00:00:00,80041.0625
2022-09-28T00:00:00,29436.529296875
2022-09-29T00:00:00,61801.9609375
2022-09-30T00:00:00,64933.6796875
2022-10-01T00:00:00,30885.91015625
2022-10-02T00:00:00,35928.58984375
2022-10-03T00:00:00,141093.359375
2022-10-04T00:00:00,160346.71875
2022-10-05T00:00:00,50682.03125
2022-10-06T00:00:00,56679.609375
2022-10-07T00:00:00,93542.84375
2022-10-08T00:00:00,27428.740234375
2022-10-09T00:00:00,49312.62890625
2022-10-10T00:00:00,186068.875
2022-10-11T00:00:00,135310.09375
2022-10-12T00:00:00,79476.78125
2022-10-13T00:00:00,75940.46875
2022-10-14T00:00:00,83628.65625
2022-10-15T00:00:00,31962.330078125
2022-10-16T00:00:00,35070.109375
2022-10-17T00:00:00,145798.6875
2022-10-18T00:00:00,139735.515625
2022-10-19T00:00:00,74593.9921875
2022-10-20T00:00:00,95872.7734375
2022-10-21T00:00:00,94871.2265625
2022-10-22T00:00:00,21799.119140625
2022-10-23T00:00:00,40712.94921875
2022-10-24T00:00:00,187669.328125
2022-10-25T00:00:00,108454.1484375
2022-10-26T00:00:00,63939.28125
2022-10-27T00:00:00,80014.6015625
2022-10-28T00:00:00,77555.96875
2022-10-29T00:00:00,32607.349609375
2022-10-30T00:00:00,21833.900390625
2022-10-31T00:00:00,60734.3984375
2022-11-01T00:00:00,76335.640625
2022-11-02T00:00:00,50340.1015625
2022-11-03T00:00:00,80375.6875
2022-11-04T00:00:00,52536.05078125
2022-11-05T00:00:00,29634.169921875
2022-11-06T00:00:00,17984.66015625
2022-11-07T00:00:00,132572.484375
2022-11-08T00:00:00,153330.65625
2022-11-09T00:00:00,43491.80078125
2022-11-10T00:00:00,101638.8984375
2022-11-11T00:00:00,44888.37890625
2022-11-12T00:00:00,23169.76953125
2022-11-13T00:00:00,30826.470703125
2022-11-14T00:00:00,144201.0625
2022-11-15T00:00:00,103272.4296875
2022-11-16T00:00:00,75004.4375
2022-11-17T00:00:00,42019.26953125
2022-11-18T00:00:00,48924.73046875
2022-11-19T00:00:00,13851.4404296875
2022-11-20T00:00:00,34875.01171875
2022-11-21T00:00:00,120375.4921875
2022-11-22T00:00:00,68684.8125
2022-11-23T00:00:00,75303.7265625
2022-11-24T00:00:00,0.0
2022-11-25T00:00:00,66249.921875
2022-11-26T00:00:00,34566.359375
2022-11-27T00:00:00,20742.990234375
2022-11-28T00:00:00,137299.40625
2022-11-29T00:00:00,137156.9375
2022-11-30T00:00:00,60595.0
2022-12-01T00:00:00,68786.3203125
2022-12-02T00:00:00,55192.58984375
2022-12-03T00:00:00,24178.970703125
2022-12-04T00:00:00,16558.8203125
2022-12-05T00:00:00,106471.3984375
2022-12-06T00:00:00,175755.3125
2022-12-07T00:00:00,65694.9921875
2022-12-08T00:00:00,109829.1328125
2022-12-09T00:00:00,60736.8515625
2022-12-10T00:00:00,19056.859375
2022-12-11T00:00:00,30393.80078125
2022-12-12T00:00:00,92239.2734375
2022-12-13T00:00:00,130421.5234375
2022-12-14T00:00:00,25459.689453125
2022-12-15T00:00:00,62160.41015625
2022-12-16T00:00:00,46690.3515625
2022-12-17T00:00:00,23284.169921875
2022-12-18T00:00:00,26794.689453125
2022-12-19T00:00:00,81848.65625
2022-12-20T00:00:00,87426.3984375
2022-12-21T00:00:00,78210.03125
2022-12-22T00:00:00,57232.01171875
2022-12-23T00:00:00,85211.6015625
2022-12-24T00:00:00,23432.73046875
2022-12-25T00:00:00,0.0
2022-12-26T00:00:00,115390.578125
2022-12-27T00:00:00,171246.65625
2022-12-28T00:00:00,69016.7265625
2022-12-29T00:00:00,45822.87109375
2022-12-30T00:00:00,109493.703125
2022-12-31T00:00:00,26627.48046875
2023-01-01T00:00:00,0.0
2023-01-02T00:00:00,141745.09375
2023-01-03T00:00:00,176640.015625
2023-01-04T00:00:00,87994.8125
2023-01-05T00:00:00,47212.05859375
2023-01-06T00:00:00,80615.640625
2023-01-07T00:00:00,18536.94921875
2023-01-08T00:00:00,31063.859375
2023-01-09T00:00:00,101327.4765625
2023-01-10T00:00:00,103149.9921875
2023-01-11T00:00:00,86697.75
2023-01-12T00:00:00,65984.7421875
2023-01-13T00:00:00,73759.40625
2023-01-14T00:00:00,45240.8203125
2023-01-15T00:00:00,34423.1015625
2023-01-16T00:00:00,120797.7109375
2023-01-17T00:00:00,219840.234375
2023-01-18T00:00:00,94558.6015625
2023-01-19T00:00:00,55111.33984375
2023-01-20T00:00:00,115741.4296875
2023-01-21T00:00:00,33623.3515625
2023-01-22T00:00:00,31647.439453125
2023-01-23T00:00:00,60105.890625
2023-01-24T00:00:00,103983.4296875
2023-01-25T00:00:00,109527.3671875
2023-01-26T00:00:00,62583.80859375
2023-01-27T00:00:00,49886.51171875
2023-01-28T00:00:00,46296.0703125
2023-01-29T00:00:00,28758.33984375
2023-01-30T00:00:00,153696.890625
2023-01-31T00:00:00,139122.078125
2023-02-01T00:00:00,105523.21875
2023-02-02T00:00:00,37467.28125
2023-02-03T00:00:00,83082.421875
2023-02-04T00:00:00,32137.369140625
2023-02-05T00:00:00,41964.05859375
2023-02-06T00:00:00,124830.5625
2023-02-07T00:00:00,190473.15625
2023-02-08T00:00:00,80569.3828125
2023-02-09T00:00:00,68142.2890625
2023-02-10T00:00:00,110648.5703125
2023-02-11T00:00:00,25925.830078125
2023-02-12T00:00:00,8649.2998046875
2023-02-13T00:00:00,142310.953125
2023-02-14T00:00:00,86729.03125
2023-02-15T00:00:00,47749.94921875
2023-02-16T00:00:00,47699.78125
2023-02-17T00:00:00,52267.05859375
2023-02-18T00:00:00,35009.94140625
2023-02-19T00:00:00,28348.01953125
2023-02-20T00:00:00,198823.59375
2023-02-21T00:00:00,123828.9609375
2023-02-22T00:00:00,75464.703125
2023-02-23T00:00:00,52217.26171875
2023-02-24T00:00:00,51405.55078125
2023-02-25T00:00:00,27521.9296875
2023-02-26T00:00:00,29234.009765625
2023-02-27T00:00:00,145604.75
2023-02-28T00:00:00,114654.578125
2023-03-01T00:00:00,71115.421875
2023-03-02T00:00:00,66539.046875
2023-03-03T00:00:00,47628.5703125
2023-03-04T00:00:00,22450.0
2023-03-05T00:00:00,17066.55078125
2023-03-06T00:00:00,88034.90625
2023-03-07T00:00:00,134751.125
2023-03-08T00:00:00,37552.48046875
2023-03-09T00:00:00,60376.578125
2023-03-10T00:00:00,34055.3203125
2023-03-11T00:00:00,25185.869140625
2023-03-12T00:00:00,22362.83984375
2023-03-13T00:00:00,83217.1015625
2023-03-14T00:00:00,99838.96875
2023-03-15T00:00:00,36933.5390625
2023-03-16T00:00:00,18798.0390625
2023-03-17T00:00:00,45530.140625
2023-03-18T00:00:00,27517.880859375
2023-03-19T00:00:00,11977.51953125
2023-03-20T00:00:00,95581.7890625
2023-03-21T00:00:00,110826.78125
2023-03-22T00:00:00,17511.2890625
2023-03-23T00:00:00,42954.0390625
2023-03-24T00:00:00,38543.1015625
2023-03-25T00:00:00,17228.759765625
2023-03-26T00:00:00,26586.390625
2023-03-27T00:00:00,125999.578125
2023-03-28T00:00:00,107087.59375
2023-03-29T00:00:00,44125.58984375
2023-03-30T00:00:00,77324.046875
2023-03-31T00:00:00,63674.2890625
2023-04-01T00:00:00,12774.58984375
2023-04-02T00:00:00,21950.55078125
2023-04-03T00:00:00,88154.3125
2023-04-04T00:00:00,122268.1015625
2023-04-05T00:00:00,53978.55078125
2023-04-06T00:00:00,33908.71875
2023-04-07T00:00:00,51205.87109375
2023-04-08T00:00:00,23713.419921875
2023-04-09T00:00:00,15736.5498046875
2023-04-10T00:00:00,121599.296875
2023-04-11T00:00:00,132426.984375
2023-04-12T00:00:00,34150.078125
2023-04-13T00:00:00,59395.1015625
2023-04-14T00:00:00,48991.33984375
2023-04-15T00:00:00,19666.609375
2023-04-16T00:00:00,15634.6298828125
2023-04-17T00:00:00,87181.5
2023-04-18T00:00:00,91490.2578125
2023-04-19T00:00:00,38521.30859375
2023-04-20T00:00:00,55610.01953125
2023-04-21T00:00:00,52009.41015625
2023-04-22T00:00:00,7847.0498046875
2023-04-23T00:00:00,15371.23046875
2023-04-24T00:00:00,112361.7578125
2023-04-25T00:00:00,100581.796875
2023-04-26T00:00:00,39806.921875
2023-04-27T00:00:00,44179.8203125
2023-04-28T00:00:00,31829.76953125
2023-04-29T00:00:00,18200.869140625
2023-04-30T00:00:00,19853.140625
2023-05-01T00:00:00,92526.921875
2023-05-02T00:00:00,53807.37890625
2023-05-03T00:00:00,53642.03125
2023-05-04T00:00:00,16237.599609375
2023-05-05T00:00:00,35538.6015625
2023-05-06T00:00:00,12483.1103515625
2023-05-07T00:00:00,22655.609375
2023-05-08T00:00:00,65985.8671875
2023-05-09T00:00:00,57817.0703125
2023-05-10T00:00:00,21093.970703125
2023-05-11T00:00:00,49463.51953125
2023-05-12T00:00:00,53679.03125
2023-05-13T00:00:00,12309.7099609375
2023-05-14T00:00:00,16879.2890625
2023-05-15T00:00:00,104627.4375
2023-05-16T00:00:00,74028.59375
2023-05-17T00:00:00,37856.828125
2023-05-18T00:00:00,48686.078125
2023-05-19T00:00:00,39490.80078125
2023-05-20T00:00:00,8127.52001953125
2023-05-21T00:00:00,15468.6103515625
2023-05-22T00:00:00,58058.83984375
2023-05-23T00:00:00,48224.640625
2023-05-24T00:00:00,34172.55859375
2023-05-25T00:00:00,30479.609375
2023-05-26T00:00:00,23282.689453125
2023-05-27T00:00:00,14551.4501953125
2023-05-28T00:00:00,12721.23046875
2023-05-29T00:00:00,70077.28125
2023-05-30T00:00:00,72636.3203125
2023-05-31T00:00:00,25332.94921875
2023-06-01T00:00:00,27076.419921875
2023-06-02T00:00:00,35715.171875
2023-06-03T00:00:00,15276.240234375
2023-06-04T00:00:00,15694.76953125
2023-06-05T00:00:00,72546.0625
2023-06-06T00:00:00,52533.7890625
2023-06-07T00:00:00,29297.939453125
2023-06-08T00:00:00,52606.5
2023-06-09T00:00:00,27365.66015625
2023-06-10T00:00:00,7092.009765625
2023-06-11T00:00:00,14810.8603515625
2023-06-12T00:00:00,66558.25
2023-06-13T00:00:00,82828.8515625
2023-06-14T00:00:00,25019.349609375
2023-06-15T00:00:00,34376.91015625
2023-06-16T00:00:00,36449.76953125
2023-06-17T00:00:00,13194.419921875
2023-06-18T00:00:00,7866.169921875
2023-06-19T00:00:00,74945.546875
2023-06-20T00:00:00,98485.5703125
2023-06-21T00:00:00,28376.810546875
2023-06-22T00:00:00,38344.16015625
2023-06-23T00:00:00,32278.810546875
2023-06-24T00:00:00,15821.9501953125
2023-06-25T00:00:00,20072.58984375
2023-06-26T00:00:00,110150.7265625
2023-06-27T00:00:00,47010.62890625
2023-06-28T00:00:00,32549.380859375
2023-06-29T00:00:00,46936.05859375
2023-06-30T00:00:00,58071.171875
2023-07-01T00:00:00,12230.48046875
2023-07-02T00:00:00,14792.2998046875
2023-07-03T00:00:00,70398.4609375
2023-07-04T00:00:00,0.0
2023-07-05T00:00:00,37743.87890625
2023-07-06T00:00:00,17626.640625
2023-07-07T00:00:00,31348.009765625
2023-07-08T00:00:00,8987.4697265625
2023-07-09T00:00:00,17855.30078125
2023-07-10T00:00:00,66440.890625
2023-07-11T00:00:00,54627.58984375
2023-07-12T00:00:00,23350.25
2023-07-13T00:00:00,42664.73828125
2023-07-14T00:00:00,43533.87890625
2023-07-15T00:00:00,15109.5498046875
2023-07-16T00:00:00,17922.470703125
2023-07-17T00:00:00,99755.453125
2023-07-18T00:00:00,79975.3125
2023-07-19T00:00:00,41429.94140625
2023-07-20T00:00:00,42045.828125
2023-07-21T00:00:00,27032.05078125
2023-07-22T00:00:00,8838.98046875
2023-07-23T00:00:00,15587.33984375
2023-07-24T00:00:00,99721.546875
2023-07-25T00:00:00,75015.7265625
2023-07-26T00:00:00,23852.400390625
2023-07-27T00:00:00,37231.51171875
2023-07-28T00:00:00,25111.0
2023-07-29T00:00:00,10271.2998046875
2023-07-30T00:00:00,3266.389892578125
2023-07-31T00:00:00,88896.65625
2023-08-01T00:00:00,97499.3125
2023-08-02T00:00:00,60445.0703125
2023-08-03T00:00:00,66930.53125
2023-08-04T00:00:00,48487.6015625
2023-08-05T00:00:00,15840.1298828125
2023-08-06T00:00:00,16532.380859375
2023-08-07T00:00:00,144617.546875
2023-08-08T00:00:00,67987.21875
2023-08-09T00:00:00,38484.859375
2023-08-10T00:00:00,42123.23046875
2023-08-11T00:00:00,42104.48828125
2023-08-12T00:00:00,20243.099609375
2023-08-13T00:00:00,15515.76953125
2023-08-14T00:00:00,111238.953125
2023-08-15T00:00:00,137313.875
2023-08-16T00:00:00,62607.421875
2023-08-17T00:00:00,73513.4921875
2023-08-18T00:00:00,32222.529296875
2023-08-19T00:00:00,31535.509765625
2023-08-20T00:00:00,8256.6201171875
2023-08-21T00:00:00,85261.359375
2023-08-22T00:00:00,39435.171875
2023-08-23T00:00:00,71910.3125
2023-08-24T00:00:00,50430.421875
2023-08-25T00:00:00,51982.359375
2023-08-26T00:00:00,24030.220703125
2023-08-27T00:00:00,14663.919921875
2023-08-28T00:00:00,96515.921875
2023-08-29T00:00:00,103500.28125
2023-08-30T00:00:00,72802.203125
2023-08-31T00:00:00,50260.96875
2023-09-01T00:00:00,37687.76171875
2023-09-02T00:00:00,24124.7890625
2023-09-03T00:00:00,29597.529296875
2023-09-04T00:00:00,113291.796875
2023-09-05T00:00:00,79295.9375
2023-09-06T00:00:00,56654.8515625
2023-09-07T00:00:00,44623.80078125
2023-09-08T00:00:00,36489.5
2023-09-09T00:00:00,16437.9609375
2023-09-10T00:00:00,20199.69921875
2023-09-11T00:00:00,72756.4921875
2023-09-12T00:00:00,81206.21875
2023-09-13T00:00:00,50368.6015625
2023-09-14T00:00:00,28077.240234375
2023-09-15T00:00:00,79846.4375
2023-09-16T00:00:00,19235.73046875
2023-09-17T00:00:00,24545.439453125
2023-09-18T00:00:00,104154.5
2023-09-19T00:00:00,137338.3125
2023-09-20T00:00:00,34269.3515625
2023-09-21T00:00:00,51956.75
2023-09-22T00:00:00,38061.890625
2023-09-23T00:00:00,21969.2109375
2023-09-24T00:00:00,28172.720703125
2023-09-25T00:00:00,105964.140625
2023-09-26T00:00:00,131537.90625
2023-09-27T00:00:00,31957.69921875
2023-09-28T00:00:00,52267.51953125
2023-09-29T00:00:00,63903.578125
2023-09-30T00:00:00,18196.94921875
2023-10-01T00:00:00,38967.12109375
2023-10-02T00:00:00,178767.703125
2023-10-03T00:00:00,144172.109375
2023-10-04T00:00:00,70305.2109375
2023-10-05T00:00:00,82020.1875
2023-10-06T00:00:00,78831.390625
2023-10-07T00:00:00,23840.189453125
2023-10-08T00:00:00,26967.560546875
2023-10-09T00:00:00,118490.921875
2023-10-10T00:00:00,190632.65625
2023-10-11T00:00:00,71145.7265625
2023-10-12T00:00:00,83726.7265625
2023-10-13T00:00:00,50647.76171875
2023-10-14T00:00:00,17095.119140625
2023-10-15T00:00:00,10551.2001953125
2023-10-16T00:00:00,281573.03125
2023-10-17T00:00:00,206995.546875
2023-10-18T00:00:00,36916.87109375
2023-10-19T00:00:00,50124.73828125
2023-10-20T00:00:00,74421.7265625
2023-10-21T00:00:00,24462.400390625
2023-10-22T00:00:00,7168.39013671875
2023-10-23T00:00:00,155947.484375
2023-10-24T00:00:00,144039.828125
2023-10-25T00:00:00,57508.55859375
2023-10-26T00:00:00,80444.0390625
2023-10-27T00:00:00,75969.6015625
2023-10-28T00:00:00,30434.619140625
2023-10-29T00:00:00,20123.08984375
2023-10-30T00:00:00,241441.6875
2023-10-31T00:00:00,221014.421875
2023-11-01T00:00:00,92871.7421875
2023-11-02T00:00:00,73167.78125
2023-11-03T00:00:00,85256.203125
2023-11-04T00:00:00,32053.76953125
2023-11-05T00:00:00,24116.390625
2023-11-06T00:00:00,23800.470703125
2023-11-07T00:00:00,113224.7578125
2023-11-08T00:00:00,63944.140625
2023-11-09T00:00:00,80523.1484375
2023-11-10T00:00:00,95141.140625
2023-11-11T00:00:00,15505.4599609375
2023-11-12T00:00:00,19562.69921875
2023-11-13T00:00:00,217426.375
2023-11-14T00:00:00,211694.625
2023-11-15T00:00:00,77763.7109375
2023-11-16T00:00:00,78601.140625
2023-11-17T00:00:00,103757.4921875
2023-11-18T00:00:00,32337.01953125
2023-11-19T00:00:00,27358.0703125
2023-11-20T00:00:00,182618.984375
2023-11-21T00:00:00,150024.6875
2023-11-22T00:00:00,87653.75
2023-11-23T00:00:00,0.0
2023-11-24T00:00:00,52688.8203125
2023-11-25T00:00:00,26602.419921875
2023-11-26T00:00:00,19811.779296875
2023-11-27T00:00:00,209023.015625
2023-11-28T00:00:00,74118.0
2023-11-29T00:00:00,99737.9921875
2023-11-30T00:00:00,96988.421875
2023-12-01T00:00:00,43025.51953125
2023-12-02T00:00:00,42194.828125
2023-12-03T00:00:00,31118.640625
2023-12-04T00:00:00,177532.921875
2023-12-05T00:00:00,120111.28125
2023-12-06T00:00:00,45480.46875
2023-12-07T00:00:00,91418.171875
2023-12-08T00:00:00,65906.34375
2023-12-09T00:00:00,44606.859375
2023-12-10T00:00:00,32794.21875
2023-12-11T00:00:00,192995.984375
2023-12-12T00:00:00,174417.359375
2023-12-13T00:00:00,86720.7109375
2023-12-14T00:00:00,75939.6171875
2023-12-15T00:00:00,76671.453125
2023-12-16T00:00:00,38054.51953125
2023-12-17T00:00:00,38365.21875
2023-12-18T00:00:00,155973.3125
2023-12-19T00:00:00,166678.8125
2023-12-20T00:00:00,93870.0625
2023-12-21T00:00:00,47199.66015625
2023-12-22T00:00:00,68928.9921875
2023-12-23T00:00:00,
2023-12-24T00:00:00,
2023-12-25T00:00:00,
2023-12-26T00:00:00,
2023-12-27T00:00:00,
2023-12-28T00:00:00,
2023-12-29T00:00:00,
2023-12-30T00:00:00,
2023-12-31T00:00:00,
2024-01-01T00:00:00,
2024-01-02T00:00:00,
2024-01-03T00:00:00,
2024-01-04T00:00:00,
2024-01-05T00:00:00,
2024-01-06T00:00:00,
2024-01-07T00:00:00,
2024-01-08T00:00:00,
2024-01-09T00:00:00,
2024-01-10T00:00:00,
2024-01-11T00:00:00,
2024-01-12T00:00:00,
2024-01-13T00:00:00,
2024-01-14T00:00:00,
2024-01-15T00:00:00,
2024-01-16T00:00:00,
2024-01-17T00:00:00,
2024-01-18T00:00:00,
2024-01-19T00:00:00,
2024-01-20T00:00:00,
2024-01-21T00:00:00,
2024-01-22T00:00:00,
2024-01-23T00:00:00,
2024-01-24T00:00:00,
2024-01-25T00:00:00,
2024-01-26T00:00:00,
2024-01-27T00:00:00,
2024-01-28T00:00:00,
2024-01-29T00:00:00,
2024-01-30T00:00:00,
2024-01-31T00:00:00,
2024-02-01T00:00:00,
2024-02-02T00:00:00,
2024-02-03T00:00:00,
2024-02-04T00:00:00,
2024-02-05T00:00:00,
2024-02-06T00:00:00,
2024-02-07T00:00:00,
2024-02-08T00:00:00,
2024-02-09T00:00:00,
2024-02-10T00:00:00,
2024-02-11T00:00:00,38795.421875
2024-02-12T00:00:00,183686.4375
2024-02-13T00:00:00,79799.3203125
2024-02-14T00:00:00,57941.80078125
2024-02-15T00:00:00,65961.6171875
2024-02-16T00:00:00,87375.671875
2024-02-17T00:00:00,18797.759765625
2024-02-18T00:00:00,42061.8984375
2024-02-19T00:00:00,270725.1875
2024-02-20T00:00:00,170051.671875
2024-02-21T00:00:00,37544.640625
2024-02-22T00:00:00,84160.2421875
2024-02-23T00:00:00,72993.15625
2024-02-24T00:00:00,37659.19921875
2024-02-25T00:00:00,32844.16015625
2024-02-26T00:00:00,168781.3125
2024-02-27T00:00:00,191784.53125
2024-02-28T00:00:00,88404.1875
2024-02-29T00:00:00,86612.578125
2024-03-01T00:00:00,71690.40625
2024-03-02T00:00:00,27979.73046875
2024-03-03T00:00:00,18035.4609375
2024-03-04T00:00:00,86038.8984375
2024-03-05T00:00:00,129935.453125
2024-03-06T00:00:00,47632.51953125
2024-03-07T00:00:00,24076.259765625
2024-03-08T00:00:00,50661.16015625
2024-03-09T00:00:00,10112.1796875
2024-03-10T00:00:00,25234.359375
2024-03-11T00:00:00,44300.3515625
2024-03-12T00:00:00,65965.1484375
2024-03-13T00:00:00,79839.8203125
2024-03-14T00:00:00,53848.671875
2024-03-15T00:00:00,66638.140625
2024-03-16T00:00:00,14438.33984375
2024-03-17T00:00:00,20182.7890625
2024-03-18T00:00:00,97481.328125
2024-03-19T00:00:00,144127.90625
2024-03-20T00:00:00,39225.26953125
2024-03-21T00:00:00,35597.37890625
2024-03-22T00:00:00,55042.109375
2024-03-23T00:00:00,23097.140625
2024-03-24T00:00:00,24077.1796875
2024-03-25T00:00:00,76546.0390625
2024-03-26T00:00:00,162450.640625
2024-03-27T00:00:00,83296.890625
2024-03-28T00:00:00,51313.7109375
2024-03-29T00:00:00,46894.19140625
2024-03-30T00:00:00,14004.3896484375
2024-03-31T00:00:00,25143.599609375
2024-04-01T00:00:00,153428.140625
2024-04-02T00:00:00,171338.515625
2024-04-03T00:00:00,44389.828125
2024-04-04T00:00:00,83634.34375
2024-04-05T00:00:00,5698.5
2024-04-06T00:00:00,25789.140625
2024-04-07T00:00:00,26818.080078125
2024-04-08T00:00:00,181065.578125
2024-04-09T00:00:00,150974.765625
2024-04-10T00:00:00,54923.87109375
2024-04-11T00:00:00,51516.83984375
2024-04-12T00:00:00,61350.3515625
2024-04-13T00:00:00,17203.640625
2024-04-14T00:00:00,20624.310546875
2024-04-15T00:00:00,129167.8125
2024-04-16T00:00:00,125214.8203125
2024-04-17T00:00:00,53915.80859375
2024-04-18T00:00:00,62338.6796875
2024-04-19T00:00:00,90767.9609375
2024-04-20T00:00:00,10308.6904296875
2024-04-21T00:00:00,23918.83984375
2024-04-22T00:00:00,148657.078125
2024-04-23T00:00:00,102712.046875
2024-04-24T00:00:00,75735.0078125
2024-04-25T00:00:00,45024.44140625
2024-04-26T00:00:00,45296.08984375
2024-04-27T00:00:00,32242.3203125
2024-04-28T00:00:00,21950.529296875
2024-04-29T00:00:00,149611.375
2024-04-30T00:00:00,120728.4609375
2024-05-01T00:00:00,42605.1015625
2024-05-02T00:00:00,48264.1484375
2024-05-03T00:00:00,27443.0703125
2024-05-04T00:00:00,19305.849609375
2024-05-05T00:00:00,11867.9697265625
2024-05-06T00:00:00,77478.7734375
2024-05-07T00:00:00,80768.90625
2024-05-08T00:00:00,28493.439453125
2024-05-09T00:00:00,27775.51953125
2024-05-10T00:00:00,55138.05078125
2024-05-11T00:00:00,21384.259765625
2024-05-12T00:00:00,18455.349609375
2024-05-13T00:00:00,48621.94140625
2024-05-14T00:00:00,57008.1484375
2024-05-15T00:00:00,38205.25
2024-05-16T00:00:00,38543.19921875
2024-05-17T00:00:00,33131.19921875
2024-05-18T00:00:00,26416.1796875
2024-05-19T00:00:00,22675.25
2024-05-20T00:00:00,26817.76953125
2024-05-21T00:00:00,66060.4765625
2024-05-22T00:00:00,40420.1484375
2024-05-23T00:00:00,17534.619140625
2024-05-24T00:00:00,59248.6796875
2024-05-25T00:00:00,13836.4697265625
2024-05-26T00:00:00,6449.89990234375
2024-05-27T00:00:00,64646.05859375
2024-05-28T00:00:00,101339.421875
2024-05-29T00:00:00,29112.830078125
2024-05-30T00:00:00,36370.6484375
2024-05-31T00:00:00,45296.2109375
2024-06-01T00:00:00,8118.66015625
2024-06-02T00:00:00,12731.259765625
2024-06-03T00:00:00,51435.33984375
2024-06-04T00:00:00,53967.62890625
2024-06-05T00:00:00,42894.75
2024-06-06T00:00:00,35475.62890625
2024-06-07T00:00:00,22210.009765625
2024-06-08T00:00:00,20755.41015625
2024-06-09T00:00:00,9318.2802734375
2024-06-10T00:00:00,96499.5234375
2024-06-11T00:00:00,40272.0
2024-06-12T00:00:00,5342.7001953125
2024-06-13T00:00:00,43691.01953125
2024-06-14T00:00:00,29904.91015625
2024-06-15T00:00:00,16921.05078125
2024-06-16T00:00:00,5749.64013671875
2024-06-17T00:00:00,103279.3671875
2024-06-18T00:00:00,72567.0390625
2024-06-19T00:00:00,46209.421875
2024-06-20T00:00:00,33707.5703125
2024-06-21T00:00:00,46673.96875
2024-06-22T00:00:00,11950.2900390625
2024-06-23T00:00:00,14143.1103515625
2024-06-24T00:00:00,64532.12890625
2024-06-25T00:00:00,68781.9296875
2024-06-26T00:00:00,15416.4697265625
2024-06-27T00:00:00,36304.80859375
2024-06-28T00:00:00,36986.55859375
2024-06-29T00:00:00,16619.130859375
2024-06-30T00:00:00,17685.05078125
2024-07-01T00:00:00,135772.734375
2024-07-02T00:00:00,52242.98828125
2024-07-03T00:00:00,29950.0390625
2024-07-04T00:00:00,0.0
2024-07-05T00:00:00,42427.8515625
2024-07-06T00:00:00,13575.740234375
2024-07-07T00:00:00,13438.7900390625
2024-07-08T00:00:00,42188.98828125
2024-07-09T00:00:00,69945.296875
2024-07-10T00:00:00,35285.390625
2024-07-11T00:00:00,39776.94921875
2024-07-12T00:00:00,14309.3701171875
2024-07-13T00:00:00,11538.1103515625
2024-07-14T00:00:00,19217.01953125
2024-07-15T00:00:00,107070.6875
2024-07-16T00:00:00,60408.48046875
2024-07-17T00:00:00,53346.37109375
2024-07-18T00:00:00,27266.509765625
2024-07-19T00:00:00,30330.7109375
2024-07-20T00:00:00,20007.5
2024-07-21T00:00:00,15444.099609375
2024-07-22T00:00:00,69146.1875
2024-07-23T00:00:00,93883.921875
2024-07-24T00:00:00,29366.9609375
2024-07-25T00:00:00,32597.349609375
2024-07-26T00:00:00,36710.51953125
2024-07-27T00:00:00,5598.7900390625
2024-07-28T00:00:00,20131.4296875
2024-07-29T00:00:00,83336.0703125
2024-07-30T00:00:00,95551.75
2024-07-31T00:00:00,33797.76171875
2024-08-01T00:00:00,25048.330078125
2024-08-02T00:00:00,42501.46875
2024-08-03T00:00:00,25949.380859375
2024-08-04T00:00:00,27405.5390625
2024-08-05T00:00:00,86828.1171875
2024-08-06T00:00:00,113875.5234375
2024-08-07T00:00:00,59055.2109375
2024-08-08T00:00:00,27202.669921875
2024-08-09T00:00:00,27281.900390625
2024-08-10T00:00:00,28724.41015625
2024-08-11T00:00:00,21901.900390625
2024-08-12T00:00:00,118097.171875
2024-08-13T00:00:00,93513.890625
2024-08-14T00:00:00,31882.650390625
2024-08-15T00:00:00,39106.73828125
2024-08-16T00:00:00,33200.41015625
2024-08-17T00:00:00,31508.7109375
2024-08-18T00:00:00,9992.75
2024-08-19T00:00:00,77184.2265625
2024-08-20T00:00:00,85095.1484375
2024-08-21T00:00:00,64654.921875
2024-08-22T00:00:00,49201.9609375
2024-08-23T00:00:00,63870.96875
2024-08-24T00:00:00,19824.5390625
2024-08-25T00:00:00,20405.779296875
2024-08-26T00:00:00,72075.5703125
2024-08-27T00:00:00,103840.1171875
2024-08-28T00:00:00,79405.4375
2024-08-29T00:00:00,58741.83984375
2024-08-30T00:00:00,46612.1484375
2024-08-31T00:00:00,23547.5390625
2024-09-01T00:00:00,11761.490234375
2024-09-02T00:00:00,101928.7109375
2024-09-03T00:00:00,71186.421875
2024-09-04T00:00:00,33094.55078125
2024-09-05T00:00:00,52751.46875
2024-09-06T00:00:00,76321.1484375
2024-09-07T00:00:00,26494.619140625
2024-09-08T00:00:00,10458.5498046875
2024-09-09T00:00:00,159126.875
2024-09-10T00:00:00,110490.1015625
2024-09-11T00:00:00,53363.859375
2024-09-12T00:00:00,29132.509765625
2024-09-13T00:00:00,68053.9609375
2024-09-14T00:00:00,23724.7890625
2024-09-15T00:00:00,30510.4296875
2024-09-16T00:00:00,73291.3828125
2024-09-17T00:00:00,124415.421875
2024-09-18T00:00:00,36943.80078125
2024-09-19T00:00:00,14676.8203125
2024-09-20T00:00:00,49665.6796875
2024-09-21T00:00:00,23364.720703125
2024-09-22T00:00:00,22824.560546875
2024-09-23T00:00:00,163715.953125
2024-09-24T00:00:00,126405.34375
2024-09-25T00:00:00,70409.6484375
2024-09-26T00:00:00,52758.4609375
2024-09-27T00:00:00,64028.12890625
2024-09-28T00:00:00,24553.33984375
2024-09-29T00:00:00,16628.169921875
2024-09-30T00:00:00,87085.203125
2024-10-01T00:00:00,164554.90625
2024-10-02T00:00:00,83062.828125
2024-10-03T00:00:00,58062.0703125
2024-10-04T00:00:00,127896.5625
2024-10-05T00:00:00,32101.919921875
2024-10-06T00:00:00,33635.109375
2024-10-07T00:00:00,177012.0
2024-10-08T00:00:00,118549.75
2024-10-09T00:00:00,70591.140625
2024-10-10T00:00:00,50317.859375
2024-10-11T00:00:00,81403.046875
2024-10-12T00:00:00,49998.6484375
2024-10-13T00:00:00,34622.6484375
2024-10-14T00:00:00,80750.890625
2024-10-15T00:00:00,105907.203125
2024-10-16T00:00:00,70816.2421875
2024-10-17T00:00:00,49173.30859375
2024-10-18T00:00:00,57868.66015625
2024-10-19T00:00:00,30560.669921875
2024-10-20T00:00:00,22863.390625
2024-10-21T00:00:00,129388.65625
2024-10-22T00:00:00,202564.25
2024-10-23T00:00:00,103319.90625
2024-10-24T00:00:00,100708.4921875
2024-10-25T00:00:00,72803.5
2024-10-26T00:00:00,29604.880859375
2024-10-27T00:00:00,15409.740234375
2024-10-28T00:00:00,135836.609375
2024-10-29T00:00:00,122579.7109375
2024-10-30T00:00:00,47636.3515625
2024-10-31T00:00:00,77250.9296875
2024-11-01T00:00:00,115215.140625
2024-11-02T00:00:00,15457.349609375
2024-11-03T00:00:00,25343.01953125
2024-11-04T00:00:00,298322.34375
2024-11-05T00:00:00,109875.796875
2024-11-06T00:00:00,95920.9609375
2024-11-07T00:00:00,96316.90625
2024-11-08T00:00:00,96850.859375
2024-11-09T00:00:00,40693.51953125
2024-11-10T00:00:00,39853.80859375
2024-11-11T00:00:00,124248.7890625
2024-11-12T00:00:00,136222.140625
2024-11-13T00:00:00,98793.390625
2024-11-14T00:00:00,59409.37890625
2024-11-15T00:00:00,105455.453125
2024-11-16T00:00:00,27505.560546875
2024-11-17T00:00:00,33460.69921875
2024-11-18T00:00:00,238104.234375
2024-11-19T00:00:00,185149.84375
2024-11-20T00:00:00,78292.53125
2024-11-21T00:00:00,95280.8671875
2024-11-22T00:00:00,79208.390625
2024-11-23T00:00:00,35997.9609375
2024-11-24T00:00:00,40562.55078125
2024-11-25T00:00:00,189494.796875
2024-11-26T00:00:00,167948.0625
2024-11-27T00:00:00,43669.76953125
2024-11-28T00:00:00,0.0
2024-11-29T00:00:00,80698.65625
2024-11-30T00:00:00,32806.73046875
2024-12-01T00:00:00,22355.470703125
2024-12-02T00:00:00,196735.953125
2024-12-03T00:00:00,93833.2578125
2024-12-04T00:00:00,109841.3984375
2024-12-05T00:00:00,42721.46875
2024-12-06T00:00:00,135486.015625
2024-12-07T00:00:00,32601.779296875
2024-12-08T00:00:00,35666.609375
2024-12-09T00:00:00,126991.5234375
2024-12-10T00:00:00,220100.703125
2024-12-11T00:00:00,59212.01953125
2024-12-12T00:00:00,104986.1484375
2024-12-13T00:00:00,62793.8515625
2024-12-14T00:00:00,19488.01953125
2024-12-15T00:00:00,33129.6015625
2024-12-16T00:00:00,183078.578125
2024-12-17T00:00:00,106755.21875
2024-12-18T00:00:00,53584.19140625
2024-12-19T00:00:00,71195.671875
2024-12-20T00:00:00,44490.37890625
2024-12-21T00:00:00,39192.171875
2024-12-22T00:00:00,28033.01953125
2024-12-23T00:00:00,172028.734375
2024-12-24T00:00:00,247606.921875
2024-12-25T00:00:00,0.0
2024-12-26T00:00:00,104251.328125
2024-12-27T00:00:00,87590.0625
2024-12-28T00:00:00,29133.689453125
2024-12-29T00:00:00,24331.599609375
2024-12-30T00:00:00,254635.375
2024-12-31T00:00:00,203922.546875
2025-01-01T00:00:00,0.0
2025-01-02T00:00:00,78480.59375
2025-01-03T00:00:00,99727.328125
2025-01-04T00:00:00,18410.75
2025-01-05T00:00:00,31507.119140625
2025-01-06T00:00:00,191122.453125
2025-01-07T00:00:00,230107.65625
2025-01-08T00:00:00,57166.01171875
2025-01-09T00:00:00,67349.078125
2025-01-10T00:00:00,83419.0390625
2025-01-11T00:00:00,39290.51171875
2025-01-12T00:00:00,24711.1796875
2025-01-13T00:00:00,226757.28125
2025-01-14T00:00:00,211768.40625
2025-01-15T00:00:00,115971.390625
2025-01-16T00:00:00,95108.4609375
2025-01-17T00:00:00,88636.3125
2025-01-18T00:00:00,23843.98046875
2025-01-19T00:00:00,15305.490234375
2025-01-20T00:00:00,163991.046875
2025-01-21T00:00:00,143411.40625
2025-01-22T00:00:00,90762.8984375
2025-01-23T00:00:00,96869.96875
2025-01-24T00:00:00,111132.46875
2025-01-25T00:00:00,27669.23046875
2025-01-26T00:00:00,43503.33984375
2025-01-27T00:00:00,201768.90625
2025-01-28T00:00:00,112078.3203125
2025-01-29T00:00:00,108811.8828125
2025-01-30T00:00:00,67430.109375
2025-01-31T00:00:00,77472.90625
2025-02-01T00:00:00,27182.740234375
2025-02-02T00:00:00,48516.48828125
2025-02-03T00:00:00,107885.1875
2025-02-04T00:00:00,263485.1875
2025-02-05T00:00:00,92346.09375
2025-02-06T00:00:00,53642.6484375
2025-02-07T00:00:00,91234.671875
2025-02-08T00:00:00,46325.19140625
2025-02-09T00:00:00,23288.779296875
2025-02-10T00:00:00,168310.515625
2025-02-11T00:00:00,236937.359375
2025-02-12T00:00:00,55774.30859375
2025-02-13T00:00:00,84623.5078125
2025-02-14T00:00:00,77682.71875
2025-02-15T00:00:00,34778.3203125
2025-02-16T00:00:00,34115.08984375
2025-02-17T00:00:00,184650.265625
2025-02-18T00:00:00,115872.7109375
2025-02-19T00:00:00,74156.4765625
2025-02-20T00:00:00,126722.2890625
2025-02-21T00:00:00,94335.0078125
2025-02-22T00:00:00,19893.69921875
2025-02-23T00:00:00,16065.2197265625
2025-02-24T00:00:00,226468.9375
2025-02-25T00:00:00,105812.0234375
2025-02-26T00:00:00,98055.96875
2025-02-27T00:00:00,131296.625
2025-02-28T00:00:00,91753.421875
2025-03-01T00:00:00,15317.1396484375
2025-03-02T00:00:00,22543.669921875
2025-03-03T00:00:00,77884.84375
2025-03-04T00:00:00,159185.640625
2025-03-05T00:00:00,61048.83984375
2025-03-06T00:00:00,59876.37109375
2025-03-07T00:00:00,43009.69140625
2025-03-08T00:00:00,34961.01171875
2025-03-09T00:00:00,28615.169921875
2025-03-10T00:00:00,143230.296875
2025-03-11T00:00:00,120383.390625
2025-03-12T00:00:00,68965.1484375
2025-03-13T00:00:00,44188.94140625
2025-03-14T00:00:00,64393.05859375
2025-03-15T00:00:00,32799.12890625
2025-03-16T00:00:00,26964.83984375
2025-03-17T00:00:00,106177.0078125
2025-03-18T00:00:00,100465.046875
2025-03-19T00:00:00,85012.671875
2025-03-20T00:00:00,23873.869140625
2025-03-21T00:00:00,49317.4296875
2025-03-22T00:00:00,22563.830078125
2025-03-23T00:00:00,19990.2890625
2025-03-24T00:00:00,130859.140625
2025-03-25T00:00:00,107582.5625
2025-03-26T00:00:00,71624.5
2025-03-27T00:00:00,49766.1484375
2025-03-28T00:00:00,45826.78125
2025-03-29T00:00:00,28053.630859375
2025-03-30T00:00:00,27342.419921875
2025-03-31T00:00:00,104570.28125
2025-04-01T00:00:00,83318.2265625
2025-04-02T00:00:00,48218.4609375
2025-04-03T00:00:00,53292.5703125
2025-04-04T00:00:00,32068.6796875
2025-04-05T00:00:00,24074.009765625
2025-04-06T00:00:00,21881.30078125
2025-04-07T00:00:00,176178.203125
2025-04-08T00:00:00,120741.9921875
2025-04-09T00:00:00,54615.5703125
2025-04-10T00:00:00,91045.9609375
2025-04-11T00:00:00,52764.53125
2025-04-12T00:00:00,12411.98046875
2025-04-13T00:00:00,27108.359375
2025-04-14T00:00:00,119040.546875
2025-04-15T00:00:00,100295.6328125
2025-04-16T00:00:00,74819.1796875
2025-04-17T00:00:00,49102.640625
2025-04-18T00:00:00,35821.1484375
2025-04-19T00:00:00,22391.330078125
2025-04-20T00:00:00,20939.869140625
2025-04-21T00:00:00,194115.1875
2025-04-22T00:00:00,156538.234375
2025-04-23T00:00:00,91079.609375
2025-04-24T00:00:00,46244.73046875
2025-04-25T00:00:00,49606.53125
2025-04-26T00:00:00,12092.8203125
2025-04-27T00:00:00,20801.3203125
2025-04-28T00:00:00,72032.359375
2025-04-29T00:00:00,152450.6875
2025-04-30T00:00:00,54939.0703125
2025-05-01T00:00:00,30076.740234375
2025-05-02T00:00:00,50740.8203125
2025-05-03T00:00:00,4297.330078125
2025-05-04T00:00:00,17658.01953125
2025-05-05T00:00:00,37196.58984375
2025-05-06T00:00:00,43776.2890625
2025-05-07T00:00:00,65645.3671875
2025-05-08T00:00:00,56868.48046875
2025-05-09T00:00:00,44329.80859375
2025-05-10T00:00:00,15158.1904296875
2025-05-11T00:00:00,17928.4296875
2025-05-12T00:00:00,91458.3515625
2025-05-13T00:00:00,44505.44140625
2025-05-14T00:00:00,36509.87890625
2025-05-15T00:00:00,40884.1484375
2025-05-16T00:00:00,56155.8515625
2025-05-17T00:00:00,20024.259765625
2025-05-18T00:00:00,15129.01953125
2025-05-19T00:00:00,79462.96875
2025-05-20T00:00:00,89542.7265625
2025-05-21T00:00:00,42132.83984375
2025-05-22T00:00:00,43048.01953125
2025-05-23T00:00:00,38556.578125
2025-05-24T00:00:00,11142.080078125
2025-05-25T00:00:00,11816.73046875
2025-05-26T00:00:00,116210.7578125
2025-05-27T00:00:00,83292.8125
2025-05-28T00:00:00,54371.73046875
2025-05-29T00:00:00,35028.05078125
2025-05-30T00:00:00,56266.5
2025-05-31T00:00:00,10746.98046875
2025-06-01T00:00:00,24599.130859375
2025-06-02T00:00:00,101799.7265625
2025-06-03T00:00:00,67751.703125
2025-06-04T00:00:00,35872.55859375
2025-06-05T00:00:00,35407.94921875
2025-06-06T00:00:00,30772.69921875
2025-06-07T00:00:00,16740.919921875
2025-06-08T00:00:00,11169.080078125
2025-06-09T00:00:00,69462.2265625
2025-06-10T00:00:00,85510.2578125
2025-06-11T00:00:00,29777.05078125
2025-06-12T00:00:00,53502.078125
2025-06-13T00:00:00,29107.279296875
2025-06-14T00:00:00,12563.2802734375
2025-06-15T00:00:00,20362.609375
2025-06-16T00:00:00,112898.359375
2025-06-17T00:00:00,93166.6328125
2025-06-18T00:00:00,51825.75
2025-06-19T00:00:00,33404.9296875
2025-06-20T00:00:00,28379.189453125
2025-06-21T00:00:00,21189.330078125
2025-06-22T00:00:00,12256.75
2025-06-23T00:00:00,80140.3125
2025-06-24T00:00:00,115048.921875
2025-06-25T00:00:00,28175.390625
2025-06-26T00:00:00,16891.58984375
2025-06-27T00:00:00,44681.25
2025-06-28T00:00:00,17989.830078125
2025-06-29T00:00:00,13413.76953125
2025-06-30T00:00:00,89841.5
