dataset,term,ratio_code,imputation_method,window_idx,distribution_gap,smape,smape_diff_vs_clean
Australia_Solar_H,long,010,backward,0,1.9396481018698406,104.05676739793476,3.630841434228529
Australia_Solar_H,long,010,backward,1,1.256190342501727,141.46838292396436,52.481101380449786
Australia_Solar_H,long,010,backward,2,1.128726670546827,97.762761745124,9.397470741855713
Australia_Solar_H,long,010,backward,3,1.0809059892116049,90.22394419164263,8.066236837599291
Australia_Solar_H,long,010,backward,4,1.7545118476720836,163.14038299653078,-2.8618074976930927
Australia_Solar_H,long,010,backward,5,1.1068969385176082,98.83023769046913,14.10454625553821
Australia_Solar_H,long,010,backward,6,1.8305993744489644,153.77091385943055,28.771311734743804
Australia_Solar_H,long,010,backward,7,3.001956423873814,170.87135751246737,25.73529031906847
Australia_Solar_H,long,010,backward,8,1.714452528768106,117.25313759845497,9.219859796741929
Australia_Solar_H,long,010,backward,9,1.4389977093771307,104.51806395004797,4.954419048655524
Australia_Solar_H,long,010,backward,10,2.315551529912341,120.91974267473616,22.06156578596847
Australia_Solar_H,long,010,backward,11,1.1025524860736866,102.90403047480629,7.3479171906350444
Australia_Solar_H,long,010,backward,12,1.7877396661245673,124.97931054758833,25.86185509954035
Australia_Solar_H,long,010,backward,13,1.6772323530988182,163.64136984887912,72.40704776920794
Australia_Solar_H,long,010,backward,14,1.8910407953446162,96.33809087529278,8.921202628152216
Australia_Solar_H,long,010,backward,15,1.475349936899777,131.11629065847058,0.5070992737536244
Australia_Solar_H,long,010,backward,16,1.1513113105132282,119.99695776326351,4.29668855479899
Australia_Solar_H,long,010,backward,17,1.170187100034016,86.55279008153836,-0.13580328043568102
Australia_Solar_H,long,010,backward,18,1.127543017612525,86.16617501597662,0.13312989464739644
Australia_Solar_H,long,010,backward,19,1.2740288864883795,98.03225474376745,-1.4487135810844904
Australia_Solar_H,long,020,backward,0,1.349357394214224,106.30894195797794,5.883015994271702
Australia_Solar_H,long,020,backward,1,1.4563933005114884,99.64135965665766,10.654078113143086
Australia_Solar_H,long,020,backward,2,1.1660444548086615,127.4063739923196,39.04108298905132
Australia_Solar_H,long,020,backward,3,1.8747527233446055,99.29251745665562,17.134810102612278
Australia_Solar_H,long,020,backward,4,1.4438244089757681,156.3998497446225,-9.602340749601382
Australia_Solar_H,long,020,backward,5,1.4250921672946792,86.94524341631349,2.2195519813825655
Australia_Solar_H,long,020,backward,6,2.427816001474476,126.01783737736693,1.018235252680185
Australia_Solar_H,long,020,backward,7,2.608352768327512,163.42601883939298,18.28995164599408
Australia_Solar_H,long,020,backward,8,1.134677991460429,109.44037517821444,1.4070973765013974
Australia_Solar_H,long,020,backward,9,1.5863535914930957,108.07131303770099,8.507668136308538
Australia_Solar_H,long,020,backward,10,1.4756805005588842,124.43518691750806,25.577010028740375
Australia_Solar_H,long,020,backward,11,1.2248085884626765,124.77553461955222,29.21942133538097
Australia_Solar_H,long,020,backward,12,1.026674380025199,110.27416729510577,11.156711847057792
Australia_Solar_H,long,020,backward,13,1.8033850596345402,126.45582921531829,35.2215071356471
Australia_Solar_H,long,020,backward,14,1.6042525478364484,90.24316159018807,2.8262733430475038
Australia_Solar_H,long,020,backward,15,3.0133478905127786,189.1931247415829,58.58393335686594
Australia_Solar_H,long,020,backward,16,0.9535897356058617,124.24175563650712,8.541486428042603
Australia_Solar_H,long,020,backward,17,1.2553963966645845,103.88389183795623,17.195298475982185
Australia_Solar_H,long,020,backward,18,1.163003089571927,90.66851772350228,4.635472602173053
Australia_Solar_H,long,020,backward,19,1.1876256836223655,105.11633656131465,5.6353682364627105
Australia_Solar_H,long,030,backward,0,1.547260781935462,110.7229362948315,10.297010331125264
Australia_Solar_H,long,030,backward,1,1.5527205573771978,157.7512842941477,68.76400275063313
Australia_Solar_H,long,030,backward,2,1.2741972897790645,137.24004243506985,48.87475143180157
Australia_Solar_H,long,030,backward,3,2.090896673626725,125.18903092789408,43.03132357385074
Australia_Solar_H,long,030,backward,4,2.6295250934515617,110.50428752703733,-55.49790296718653
Australia_Solar_H,long,030,backward,5,1.057236229628195,106.78393189962918,22.058240464698258
Australia_Solar_H,long,030,backward,6,2.6973011630650787,138.8758334249402,13.876231300253451
Australia_Solar_H,long,030,backward,7,2.105420052511367,126.09381527826929,-19.04225191512961
Australia_Solar_H,long,030,backward,8,1.9306884154385227,113.81354633330251,5.780268531589471
Australia_Solar_H,long,030,backward,9,1.4498058131119542,125.93390865106674,26.370263749674294
Australia_Solar_H,long,030,backward,10,1.7965152686362733,108.0799691700241,9.221792281256413
Australia_Solar_H,long,030,backward,11,1.3623595480771722,100.8064102189753,5.250296934804055
Australia_Solar_H,long,030,backward,12,1.3146812041361928,113.98313945021512,14.865684002167143
Australia_Solar_H,long,030,backward,13,1.6577122445338253,109.52028908040884,18.285967000737656
Australia_Solar_H,long,030,backward,14,1.3099349201065147,146.84887173393753,59.431983486796966
Australia_Solar_H,long,030,backward,15,1.8889434544650512,134.33432658393795,3.7251351992210004
Australia_Solar_H,long,030,backward,16,1.1681775499191513,140.77550514014348,25.07523593167896
Australia_Solar_H,long,030,backward,17,1.6369353225246097,116.52184061350128,29.83324725152724
Australia_Solar_H,long,030,backward,18,1.5517425836472838,101.57886587850994,15.54582075718072
Australia_Solar_H,long,030,backward,19,1.2769545666460744,103.7511650057105,4.270196680858561
Coastal_T_S_15T,long,010,backward,0,1.686251960218927,0.2505948418451474,0.0036168438784848767
Coastal_T_S_15T,long,010,backward,1,1.498700303614811,0.3319914201193537,0.10673794939164369
Coastal_T_S_15T,long,010,backward,2,1.4061037045259608,0.17136258496553425,0.002015337579340082
Coastal_T_S_15T,long,010,backward,3,1.4601971402211622,0.13118605293620522,0.013170442354559359
Coastal_T_S_15T,long,010,backward,4,1.4390262132609075,0.16974021543721463,-0.009272096672022667
Coastal_T_S_15T,long,010,backward,5,1.6229366116101085,0.1452082250721612,-0.11967585723859925
Coastal_T_S_15T,long,010,backward,6,2.3950566882476876,0.16077149394784382,-0.010882243714413098
Coastal_T_S_15T,long,010,backward,7,2.0733540527092025,0.3211822300739847,0.039440616532240846
Coastal_T_S_15T,long,010,backward,8,1.9022198351303412,0.1947786360483601,-0.0014727361495455449
Coastal_T_S_15T,long,010,backward,9,1.2238105164246935,0.22909229627711344,0.024317055092056256
Coastal_T_S_15T,long,010,backward,10,1.3393800114435859,0.15759189873219862,-0.0019813430752196326
Coastal_T_S_15T,long,010,backward,11,1.580358198356921,0.14776887434662572,-0.025182725705902992
Coastal_T_S_15T,long,010,backward,12,1.7980642228642882,0.21152048541194057,0.11899250159202082
Coastal_T_S_15T,long,010,backward,13,1.5825614991844046,0.34813326580388726,-0.017588140501932192
Coastal_T_S_15T,long,010,backward,14,2.041553978286459,0.25273942137857025,-0.004627064683218163
Coastal_T_S_15T,long,010,backward,15,2.3237077925028213,0.1338514750559186,0.008963611960484605
Coastal_T_S_15T,long,010,backward,16,1.9869264646208853,0.20033072814380845,0.024160510171406913
Coastal_T_S_15T,long,010,backward,17,1.832025498381156,0.1542094622245226,-0.000309869473285207
Coastal_T_S_15T,long,010,backward,18,1.913609832492794,0.24218659956856056,0.012954525520876475
Coastal_T_S_15T,long,010,backward,19,1.9841994447709688,0.28729348180284364,-0.03936168737338225
Coastal_T_S_15T,long,020,backward,0,1.299460940249061,0.2543727501008348,0.007394752134172289
Coastal_T_S_15T,long,020,backward,1,1.4923885458589539,0.3422659639459506,0.11701249321824062
Coastal_T_S_15T,long,020,backward,2,1.0267331497201286,0.20674866466798167,0.0374014172817875
Coastal_T_S_15T,long,020,backward,3,1.4090368919488618,0.12783902692283924,0.00982341634119338
Coastal_T_S_15T,long,020,backward,4,2.724491941191898,0.19692683967047592,0.017914527561238625
Coastal_T_S_15T,long,020,backward,5,1.3645182310251234,0.1016448669945246,-0.16323921531623584
Coastal_T_S_15T,long,020,backward,6,1.606322276827634,0.13962595528721145,-0.03202778237504547
Coastal_T_S_15T,long,020,backward,7,1.9474443713817007,0.279442914431038,-0.0022986991107058485
Coastal_T_S_15T,long,020,backward,8,1.357940308205237,0.19417845555406715,-0.0020729166438384905
Coastal_T_S_15T,long,020,backward,9,1.672825419478806,0.23308618689779423,0.02831094571273704
Coastal_T_S_15T,long,020,backward,10,1.9570163784406793,0.16698082185664906,0.007407580049230811
Coastal_T_S_15T,long,020,backward,11,1.728239489420205,0.17771092511873554,0.0047593250662068265
Coastal_T_S_15T,long,020,backward,12,1.936885082297518,0.11054554264304914,0.018017558823129387
Coastal_T_S_15T,long,020,backward,13,1.9700603209830574,0.3403194181825665,-0.02540198812325295
Coastal_T_S_15T,long,020,backward,14,1.7802903450737648,0.2431168072190145,-0.014249678842773922
Coastal_T_S_15T,long,020,backward,15,1.8831316880886093,0.09592509922793505,-0.02896276386749895
Coastal_T_S_15T,long,020,backward,16,1.5939495702322928,0.18142091613556904,0.005250698163167505
Coastal_T_S_15T,long,020,backward,17,1.1959052920043078,0.15634979063817153,0.0018304589403637384
Coastal_T_S_15T,long,020,backward,18,2.0890836055030473,0.2391720551250181,0.009939981077334015
Coastal_T_S_15T,long,020,backward,19,1.451691979606958,0.36779629054166585,0.04114112136543996
Coastal_T_S_15T,long,030,backward,0,1.6068424351908126,0.30266006906810794,0.05568207110144541
Coastal_T_S_15T,long,030,backward,1,2.0086458461594514,0.2600168415754997,0.034763370847789715
Coastal_T_S_15T,long,030,backward,2,0.6864716469465725,0.2099307144093033,0.04058346702310914
Coastal_T_S_15T,long,030,backward,3,1.4517346089718384,0.11938568659900738,0.0013700760173615129
Coastal_T_S_15T,long,030,backward,4,1.913855927258207,0.16863395850497875,-0.010378353604258539
Coastal_T_S_15T,long,030,backward,5,1.808703242905782,0.09704629729803223,-0.16783778501272822
Coastal_T_S_15T,long,030,backward,6,1.8375990747396616,0.16423595501282898,-0.00741778264942794
Coastal_T_S_15T,long,030,backward,7,2.114102073649616,0.26620316177701686,-0.015538451764727013
Coastal_T_S_15T,long,030,backward,8,1.6581119426508562,0.19161486234811442,-0.0046365098497912205
Coastal_T_S_15T,long,030,backward,9,1.627490416105089,0.2451741178684499,0.040398876683392704
Coastal_T_S_15T,long,030,backward,10,1.6737188838991761,0.15827042571919223,-0.001302816088226022
Coastal_T_S_15T,long,030,backward,11,1.2887074807966334,0.18479441568491295,0.011842815632384235
Coastal_T_S_15T,long,030,backward,12,2.019471073840769,0.1425221014074332,0.04999411758751346
Coastal_T_S_15T,long,030,backward,13,2.224408076277155,0.33952340945071124,-0.026197996855108208
Coastal_T_S_15T,long,030,backward,14,1.5509195806074492,0.25883404039978464,0.0014675543379962241
Coastal_T_S_15T,long,030,backward,15,1.5082170753528241,0.10860651319886433,-0.016281349896569666
Coastal_T_S_15T,long,030,backward,16,1.5022361768807972,0.1988230553296983,0.022652837357296757
Coastal_T_S_15T,long,030,backward,17,1.5527908979314808,0.15794732980568485,0.003427998107877056
Coastal_T_S_15T,long,030,backward,18,2.12225494792064,0.22713822833076788,-0.002093845716916204
Coastal_T_S_15T,long,030,backward,19,1.6683287657920902,0.3350814240860364,0.008426254909810527
Coastal_T_S_20T,long,010,backward,0,1.974504258424416,25.468840993800345,0.29105149249707907
Coastal_T_S_20T,long,010,backward,1,1.1639370228801942,12.433211748060241,-0.1766627805557448
Coastal_T_S_20T,long,010,backward,2,1.0061423873953605,4.265972741440734,-0.19530302688485612
Coastal_T_S_20T,long,010,backward,3,1.6214832034185276,2.265072718212829,0.07869097584553142
Coastal_T_S_20T,long,010,backward,4,1.8549839808956041,4.035668243966159,-0.023351992001127364
Coastal_T_S_20T,long,010,backward,5,2.349164903539678,5.843765170911476,-0.34018372601001534
Coastal_T_S_20T,long,010,backward,6,1.7558428862519722,17.21622644324101,-0.04548848666007643
Coastal_T_S_20T,long,020,backward,0,1.944531608774967,25.634827233175557,0.45703773187229046
Coastal_T_S_20T,long,020,backward,1,1.4611102746409608,12.576970046579799,-0.03290448203618723
Coastal_T_S_20T,long,020,backward,2,2.149162321351954,4.302650455508758,-0.15862531281683268
Coastal_T_S_20T,long,020,backward,3,1.7391707766557198,2.306934176482012,0.12055243411471439
Coastal_T_S_20T,long,020,backward,4,1.8352167620050424,4.326105609453309,0.26708537348602324
Coastal_T_S_20T,long,020,backward,5,1.2851964911163394,6.042649555839487,-0.14129934108200448
Coastal_T_S_20T,long,020,backward,6,1.4954751461716032,17.23064489079007,-0.03107003911101458
Coastal_T_S_20T,long,030,backward,0,1.3899238020359999,25.685874967364086,0.5080854660608196
Coastal_T_S_20T,long,030,backward,1,1.05899633653018,12.641728798825733,0.03185427020974707
Coastal_T_S_20T,long,030,backward,2,1.9080575425987605,4.191536123157318,-0.2697396451682721
Coastal_T_S_20T,long,030,backward,3,2.2575991625122036,2.227973610920565,0.04159186855326702
Coastal_T_S_20T,long,030,backward,4,1.8087080309630112,3.7897593407058525,-0.2692608952614335
Coastal_T_S_20T,long,030,backward,5,1.7642033441403187,5.726742554184324,-0.45720634273716776
Coastal_T_S_20T,long,030,backward,6,1.2797140529027713,16.49613841150867,-0.7655765183924146
Coastal_T_S_5T,long,010,backward,0,2.273901485420009,78.21873668198249,0.1835184059389121
Coastal_T_S_5T,long,010,backward,1,2.483927670571085,77.19739630135899,-0.32294897387826893
Coastal_T_S_5T,long,010,backward,2,2.853538845000495,74.33740582502637,0.08266394823257883
Coastal_T_S_5T,long,010,backward,3,2.1368484723602736,79.01551502996398,0.05997010686498072
Coastal_T_S_5T,long,010,backward,4,0.9340601412244588,53.13819053763643,0.5041926445216305
Coastal_T_S_5T,long,010,backward,5,1.4047968270107258,7.968997916669809,-2.425516256674812
Coastal_T_S_5T,long,010,backward,6,0.9772067623881633,4.4568159582049205,-1.4811706568193301
Coastal_T_S_5T,long,010,backward,7,1.2638157850844018,3.554377397387707,-2.489116325993449
Coastal_T_S_5T,long,010,backward,8,1.0728681154050048,10.970377115905059,-0.21789438595474842
Coastal_T_S_5T,long,010,backward,9,1.1973008806414545,2.5022019090662933,0.2614927813427599
Coastal_T_S_5T,long,010,backward,10,1.44197992206625,1.3923900596430716,-0.07134766847891982
Coastal_T_S_5T,long,010,backward,11,0.9786654955787335,5.901644382250068,0.026785146692139605
Coastal_T_S_5T,long,010,backward,12,1.2711298416895895,4.037876390034814,-0.05689681043161432
Coastal_T_S_5T,long,010,backward,13,1.4021869590112077,3.0694482392369,0.04498313059594805
Coastal_T_S_5T,long,010,backward,14,1.512685413312439,12.190039466984514,0.7369149628971918
Coastal_T_S_5T,long,010,backward,15,1.7413146742111285,9.312402986901482,0.6071941583345879
Coastal_T_S_5T,long,010,backward,16,1.7550462498920207,87.80475497201276,-1.8692322512465864
Coastal_T_S_5T,long,010,backward,17,0.7554188330616961,122.55438354235517,0.08471204229229556
Coastal_T_S_5T,long,010,backward,18,1.1098020960578674,140.4982874873727,33.620816982067026
Coastal_T_S_5T,long,010,backward,19,2.0283518673751857,102.60169324416901,-10.48111907455656
Coastal_T_S_5T,long,020,backward,0,2.6675532835151268,77.99708434005355,-0.03813393599003234
Coastal_T_S_5T,long,020,backward,1,2.603039073388024,77.13587367860077,-0.38447159663648733
Coastal_T_S_5T,long,020,backward,2,2.995993247944117,73.77202649230657,-0.4827153844872214
Coastal_T_S_5T,long,020,backward,3,2.2153195496101747,79.01895935570423,0.06341443260522794
Coastal_T_S_5T,long,020,backward,4,1.4728170662396864,52.88252562162472,0.2485277285099201
Coastal_T_S_5T,long,020,backward,5,1.0389052107295873,8.480741532641447,-1.9137726407031739
Coastal_T_S_5T,long,020,backward,6,1.5786810689391202,6.183391506716635,0.24540489169238455
Coastal_T_S_5T,long,020,backward,7,1.4596178399931246,3.0036106322980602,-3.0398830910830954
Coastal_T_S_5T,long,020,backward,8,0.9457995660800766,10.67085365988618,-0.5174178419736268
Coastal_T_S_5T,long,020,backward,9,1.190877062872326,2.5973696012985865,0.35666047357505315
Coastal_T_S_5T,long,020,backward,10,1.187419863488466,1.3551687935664736,-0.10856893455551786
Coastal_T_S_5T,long,020,backward,11,0.8492381233161679,7.5573122626647935,1.682453027106865
Coastal_T_S_5T,long,020,backward,12,1.0700580686430747,4.087925287341433,-0.006847913124995664
Coastal_T_S_5T,long,020,backward,13,1.4133202645737568,3.000738081767121,-0.02372702687383077
Coastal_T_S_5T,long,020,backward,14,1.4620998546354118,11.625881454938837,0.17275695085151455
Coastal_T_S_5T,long,020,backward,15,1.5012729788271448,6.815571469727947,-1.8896373588389475
Coastal_T_S_5T,long,020,backward,16,1.8756462007431929,76.81317856432685,-12.860808658932498
Coastal_T_S_5T,long,020,backward,17,1.1374486884690926,13.070597649340431,-109.39907385072244
Coastal_T_S_5T,long,020,backward,18,1.595106937854395,106.79260849193778,-0.08486201336788213
Coastal_T_S_5T,long,020,backward,19,1.1976414393010961,126.15361770057957,13.070805381854
Coastal_T_S_5T,long,030,backward,0,2.3554236037040237,78.11337741737289,0.07815914132930857
Coastal_T_S_5T,long,030,backward,1,2.268725168068954,77.27351982072734,-0.2468254545099171
Coastal_T_S_5T,long,030,backward,2,2.69052612264542,74.1696962638669,-0.08504561292689061
Coastal_T_S_5T,long,030,backward,3,2.1441959553656247,79.04936104522994,0.0938161221309457
Coastal_T_S_5T,long,030,backward,4,1.5000969390866514,52.95235213148065,0.3183542383658491
Coastal_T_S_5T,long,030,backward,5,0.9183643718260888,9.881569622920033,-0.5129445504245886
Coastal_T_S_5T,long,030,backward,6,1.0207684283965117,6.595717807359883,0.6577311923356319
Coastal_T_S_5T,long,030,backward,7,1.1882314915365138,4.719429123305301,-1.3240646000758547
Coastal_T_S_5T,long,030,backward,8,1.2474513258206836,10.626295932879337,-0.5619755689804702
Coastal_T_S_5T,long,030,backward,9,1.0031498549430138,2.066486756571393,-0.17422237115214045
Coastal_T_S_5T,long,030,backward,10,1.1118653388564992,1.1671821628002315,-0.29655556532176
Coastal_T_S_5T,long,030,backward,11,0.7531809669891752,5.904122205949889,0.029262970391960685
Coastal_T_S_5T,long,030,backward,12,0.9874697161375029,4.921408059115454,0.826634858649026
Coastal_T_S_5T,long,030,backward,13,1.3925685473997864,3.3759076687369256,0.35144256009597363
Coastal_T_S_5T,long,030,backward,14,1.1449200146444298,12.034296557113054,0.5811720530257318
Coastal_T_S_5T,long,030,backward,15,1.717651950779614,8.331845671572344,-0.37336315699455014
Coastal_T_S_5T,long,030,backward,16,2.6889225456726034,110.8419489436846,21.167961720425254
Coastal_T_S_5T,long,030,backward,17,1.4078948896131827,79.81386111172668,-42.65581038833619
Coastal_T_S_5T,long,030,backward,18,1.0944745743941862,86.02161595457501,-20.855854550730655
Coastal_T_S_5T,long,030,backward,19,1.009018093141741,80.73244586392553,-32.35036645480004
Coastal_T_S_H,long,010,backward,0,1.1541574240124075,63.424431040431685,-1.4001646507261825
Coastal_T_S_H,long,010,backward,1,1.1400283839117524,116.16114637085985,4.946753149443637
Coastal_T_S_H,long,010,backward,2,1.3552311912596535,109.62087654163548,4.063118495684662
Coastal_T_S_H,long,010,backward,3,1.744138624076398,52.06160329098779,-0.22018709880574505
Coastal_T_S_H,long,010,backward,4,1.5458700420938547,28.779544894414897,-0.21480732507821187
Coastal_T_S_H,long,010,backward,5,1.5784555970806475,53.57018893719986,0.1839543621945836
Coastal_T_S_H,long,010,backward,6,1.5844425289735142,102.47943092218715,-0.1114822955186412
Coastal_T_S_H,long,010,backward,7,2.217957605836223,95.5899275810593,1.0346299358822364
Coastal_T_S_H,long,020,backward,0,1.5172037596072185,62.91222980149943,-1.9123658896584388
Coastal_T_S_H,long,020,backward,1,1.5440714388505106,106.26726505425805,-4.947128167158169
Coastal_T_S_H,long,020,backward,2,1.334329602657027,104.8003418225362,-0.7574162234146229
Coastal_T_S_H,long,020,backward,3,1.4853817573936587,49.17544138490436,-3.106349004889175
Coastal_T_S_H,long,020,backward,4,1.9793436895936471,29.46794139633853,0.47358917684542234
Coastal_T_S_H,long,020,backward,5,1.5874252166137368,53.54464399008637,0.15840941508109552
Coastal_T_S_H,long,020,backward,6,1.625313179420295,101.8848528097709,-0.7060604079348849
Coastal_T_S_H,long,020,backward,7,2.1116598053772453,98.01861866165841,3.463321016481345
Coastal_T_S_H,long,030,backward,0,1.5474317485016231,64.06070949029706,-0.76388620086081
Coastal_T_S_H,long,030,backward,1,1.3100375750894875,107.64409078725659,-3.570302434159629
Coastal_T_S_H,long,030,backward,2,1.4788745831614423,109.09529669304779,3.537538647096966
Coastal_T_S_H,long,030,backward,3,1.29994253164662,52.53717778344673,0.2553873936531943
Coastal_T_S_H,long,030,backward,4,1.6385535028968161,29.461111487782976,0.46675926828986647
Coastal_T_S_H,long,030,backward,5,1.6401166394053879,54.00801073043549,0.6217761554302115
Coastal_T_S_H,long,030,backward,6,1.6652850941325883,101.87420121903247,-0.7167119986733184
Coastal_T_S_H,long,030,backward,7,2.490637447292146,93.54309923425986,-1.0121984109172075
ETTh1,long,010,backward,0,1.562541214889695,13.466364742478486,-0.8121763568782789
ETTh1,long,010,backward,1,1.7458385677363764,49.768086672035125,7.229001019819286
ETTh1,long,010,backward,2,2.0322711405615714,91.92436182100266,-0.3252924258804484
ETTh1,long,010,backward,3,1.7387828865977977,103.71391274949839,0.533335831552975
ETTh1,long,010,backward,4,1.657469504461735,140.28620675136418,-2.4381890914740154
ETTh1,long,010,backward,5,1.163000096219794,134.03363280257497,-0.6633605744221143
ETTh1,long,010,backward,6,1.5535099234200886,94.6004598625686,1.5338645679522074
ETTh1,long,010,backward,7,1.8179963710043168,25.69203378947561,-1.0986344627450464
ETTh1,long,010,backward,8,1.5784769224660622,50.23069104764334,3.8725911216355513
ETTh1,long,010,backward,9,1.674875865664742,109.77165774115132,-3.248258528186156
ETTh1,long,010,backward,10,1.5944233664502554,183.57627467866533,13.961706910665157
ETTh1,long,010,backward,11,1.8891787301524658,145.0510920171797,-0.26556876494586845
ETTh1,long,010,backward,12,1.3462631667453955,65.33205132354357,5.427643233561803
ETTh1,long,010,backward,13,1.9047302531879096,66.69554380840282,3.2423873574510225
ETTh1,long,010,backward,14,1.8958773339839916,42.01560781327716,-0.26313402483523873
ETTh1,long,020,backward,0,1.3594877130835428,16.001776264219288,1.7232351648625226
ETTh1,long,020,backward,1,1.6339218516607559,40.38636931476437,-2.1527163374514657
ETTh1,long,020,backward,2,1.7321560167111663,80.33926790957726,-11.910386337305852
ETTh1,long,020,backward,3,1.6676341991552899,103.64434149680335,0.46376457885793343
ETTh1,long,020,backward,4,1.4471646605956352,141.3586654057492,-1.3657304370889847
ETTh1,long,020,backward,5,1.4592807197688162,134.46688296649145,-0.23011041050563108
ETTh1,long,020,backward,6,1.3760188378567961,102.46450114960189,9.397905854985495
ETTh1,long,020,backward,7,1.9159053922295886,28.8173302673637,2.026662015143046
ETTh1,long,020,backward,8,1.5956395845496305,42.212165973455996,-4.145933952551793
ETTh1,long,020,backward,9,1.8751263630280683,106.11691890621984,-6.902997363117635
ETTh1,long,020,backward,10,2.0198196201744554,173.26190696858473,3.647339200584554
ETTh1,long,020,backward,11,1.9059271685973975,141.50110573644648,-3.8155550456791048
ETTh1,long,020,backward,12,1.8048630820617646,66.88486747309238,6.98045938311062
ETTh1,long,020,backward,13,1.6977820943930895,73.34378024988422,9.890623798932424
ETTh1,long,020,backward,14,2.1579644034074135,37.58774257561542,-4.690999262496973
ETTh1,long,030,backward,0,1.5421428199162515,15.644942696746975,1.36640159739021
ETTh1,long,030,backward,1,1.5627470086275728,33.639079970709865,-8.900005681505974
ETTh1,long,030,backward,2,1.6838908597600906,86.24205659265496,-6.0075976542281495
ETTh1,long,030,backward,3,1.7780092855870626,101.15415530085644,-2.026421617088971
ETTh1,long,030,backward,4,1.9132399366131216,143.23842113071103,0.5140252878728404
ETTh1,long,030,backward,5,1.4878003126506654,136.180341816083,1.4833484390859155
ETTh1,long,030,backward,6,1.771447823162912,101.82976736825606,8.763172073639666
ETTh1,long,030,backward,7,1.5418646577157826,25.768864922016093,-1.0218033302045626
ETTh1,long,030,backward,8,1.5737046593179982,37.55534405793861,-8.802755868069177
ETTh1,long,030,backward,9,1.467488006299214,84.16438591256447,-28.855530356773002
ETTh1,long,030,backward,10,1.758413389559882,163.06653478742007,-6.548032980580103
ETTh1,long,030,backward,11,1.6046738752443506,135.86045806820812,-9.456202713917463
ETTh1,long,030,backward,12,1.577714796151846,59.87572904617121,-0.028679043810555527
ETTh1,long,030,backward,13,1.739896407118886,53.90206419709477,-9.551092253857028
ETTh1,long,030,backward,14,2.2477123385595212,35.41861637585606,-6.860125462256335
ETTh2,long,010,backward,0,1.7783339251103545,52.00409294413514,0.04498154680781852
ETTh2,long,010,backward,1,1.5914891825569406,13.774506251807225,-0.34069562055844926
ETTh2,long,010,backward,2,1.8042509345970734,38.43889621721181,2.6453235270116764
ETTh2,long,010,backward,3,1.4804107681114083,63.75603441330703,2.192432369337439
ETTh2,long,010,backward,4,1.528387914201499,128.1216960241938,0.5498153947199569
ETTh2,long,010,backward,5,1.3128528594422726,115.84916087309165,-2.1672184418477087
ETTh2,long,010,backward,6,1.9004974845301092,82.37410811607059,1.1045118544663666
ETTh2,long,010,backward,7,1.7964452474078614,17.590207813148552,-0.14639595092192437
ETTh2,long,010,backward,8,1.6209819690151706,32.90219316000106,-0.1525431782282709
ETTh2,long,010,backward,9,1.8053561096927813,88.80661520044484,0.5729119716882138
ETTh2,long,010,backward,10,2.180551306737627,141.76881758781897,5.561043310273874
ETTh2,long,010,backward,11,2.227562903784764,97.94077499036159,-1.1922574106885264
ETTh2,long,010,backward,12,1.9498334014718932,25.264289063215585,-0.6790492841718923
ETTh2,long,010,backward,13,1.647673440847473,14.115035055495312,-0.23897649560523604
ETTh2,long,010,backward,14,1.6549125785893344,29.169204018785834,0.2651463459423802
ETTh2,long,020,backward,0,1.677650438018238,53.83305074922793,1.87393935190061
ETTh2,long,020,backward,1,1.9702807698606755,16.200566581928012,2.085364709562338
ETTh2,long,020,backward,2,1.1706576626198126,37.02497846219365,1.231405771993515
ETTh2,long,020,backward,3,1.6505541917027546,62.0619971224856,0.49839507851601184
ETTh2,long,020,backward,4,1.6712600246466554,127.71410690635754,0.14222627688370437
ETTh2,long,020,backward,5,1.6742220957108667,116.69249927860467,-1.3238800363346854
ETTh2,long,020,backward,6,2.0413612647723505,84.33689948764379,3.06730322603957
ETTh2,long,020,backward,7,2.083231876224455,18.343314276990668,0.6067105129201913
ETTh2,long,020,backward,8,1.642578534445652,36.88806879251487,3.8333324542855394
ETTh2,long,020,backward,9,1.5346470199476578,87.32682377490781,-0.9068794538488163
ETTh2,long,020,backward,10,1.9079419914287938,140.25144258965778,4.043668312112686
ETTh2,long,020,backward,11,1.484221794795591,93.37071234548293,-5.762320055567187
ETTh2,long,020,backward,12,1.9485715764384304,21.913855645699797,-4.02948270168768
ETTh2,long,020,backward,13,1.572813181932747,19.638416611786035,5.284405060685486
ETTh2,long,020,backward,14,2.618189072289429,29.28056423034039,0.37650655749693485
ETTh2,long,030,backward,0,1.5805961063188245,43.320245034979244,-8.638866362348075
ETTh2,long,030,backward,1,1.8858229314732315,14.146785723256738,0.03158385089106375
ETTh2,long,030,backward,2,1.952444210912736,36.4989665882049,0.7053938980047647
ETTh2,long,030,backward,3,1.656531003182824,60.685517605343954,-0.8780844386256348
ETTh2,long,030,backward,4,1.6303503217183304,129.04803488543487,1.4761542559610348
ETTh2,long,030,backward,5,1.3738148004920894,115.6524278132641,-2.3639515016752597
ETTh2,long,030,backward,6,1.597878232180816,79.19436410236348,-2.0752321592407412
ETTh2,long,030,backward,7,1.6205108089038032,17.416848179848145,-0.31975558422233163
ETTh2,long,030,backward,8,1.9336751728596397,34.65110550928144,1.5963691710521104
ETTh2,long,030,backward,9,1.3667272602735472,89.03885144742601,0.8051482186693875
ETTh2,long,030,backward,10,2.183430899850978,144.38138778491256,8.173613507367463
ETTh2,long,030,backward,11,2.1013651299212053,94.89776678457542,-4.235265616474692
ETTh2,long,030,backward,12,2.0167717585029497,34.62557626093884,8.682237913551365
ETTh2,long,030,backward,13,1.7617185010083651,14.184026663840074,-0.16998488726047434
ETTh2,long,030,backward,14,1.9603058197192813,30.587494689144012,1.6834370163005588
EWELD_Load_15T,long,010,backward,0,2.1777361889593396,147.39312606333291,-2.347531196396318
EWELD_Load_15T,long,010,backward,1,1.6439740809743688,139.7701070276816,-8.087579308864434
EWELD_Load_15T,long,010,backward,2,1.3610001853775247,146.52058884074413,-8.928547257181208
EWELD_Load_15T,long,010,backward,3,1.2697566808512097,150.41936852853922,0.5314759906672464
EWELD_Load_15T,long,010,backward,4,1.614635557515939,156.74495959728776,-1.656596295486736
EWELD_Load_15T,long,010,backward,5,1.2961024208943048,156.2949835565454,0.0697678002587736
EWELD_Load_15T,long,010,backward,6,1.3989516535962039,155.87372911264467,-1.6634402826515213
EWELD_Load_15T,long,010,backward,7,1.3803494722963972,163.71173085149456,2.377449586536443
EWELD_Load_15T,long,010,backward,8,1.5982674024080192,161.21848239012252,1.631842322223548
EWELD_Load_15T,long,010,backward,9,1.3385776293783602,161.1066277391734,0.863668718112649
EWELD_Load_15T,long,010,backward,10,1.440289234513129,166.8261372220928,2.944252727508598
EWELD_Load_15T,long,010,backward,11,3.2816084547694184,128.0517439269518,-33.651033817585045
EWELD_Load_15T,long,010,backward,12,1.2489606348467257,156.6256999491771,-3.0071051589478657
EWELD_Load_15T,long,010,backward,13,1.1083373457918528,159.91399214097157,-0.33268202887671805
EWELD_Load_15T,long,010,backward,14,1.012077506091717,153.7770475405297,1.4647368523913826
EWELD_Load_15T,long,010,backward,15,1.057982714606687,154.0726009701463,1.9395337031220095
EWELD_Load_15T,long,010,backward,16,1.3941607789684602,152.4312911001801,-0.9950308360453164
EWELD_Load_15T,long,010,backward,17,1.3408999832525041,138.24489646672959,-4.98054741838078
EWELD_Load_15T,long,020,backward,0,1.9591910010521492,147.261363842769,-2.479293416960246
EWELD_Load_15T,long,020,backward,1,1.5388185815457438,145.38267775191116,-2.475008584634878
EWELD_Load_15T,long,020,backward,2,2.1429008558408067,133.41110906465843,-22.0380270332669
EWELD_Load_15T,long,020,backward,3,2.0712513101477215,139.14913840337022,-10.738754134501761
EWELD_Load_15T,long,020,backward,4,1.4176333047620016,157.70902236267494,-0.6925335300995528
EWELD_Load_15T,long,020,backward,5,1.2690873118761985,152.97199798317806,-3.2532177731085596
EWELD_Load_15T,long,020,backward,6,1.2342845643696543,156.3556770820412,-1.181492313254978
EWELD_Load_15T,long,020,backward,7,1.4884088590837397,155.46886282285232,-5.865418442105806
EWELD_Load_15T,long,020,backward,8,1.4607236303363011,160.14271400769726,0.5560739397982957
EWELD_Load_15T,long,020,backward,9,1.0150251868691178,149.8924864618854,-10.350472559175358
EWELD_Load_15T,long,020,backward,10,1.1607499400122536,151.36835482912957,-12.513529665454627
EWELD_Load_15T,long,020,backward,11,2.0746414416817722,132.81268631900474,-28.89009142553209
EWELD_Load_15T,long,020,backward,12,1.7472344324338738,147.5925856281644,-12.04021947996057
EWELD_Load_15T,long,020,backward,13,1.6830776980396804,159.86124501850202,-0.38542915134627265
EWELD_Load_15T,long,020,backward,14,1.8325978986548048,145.60934829540034,-6.702962392737987
EWELD_Load_15T,long,020,backward,15,1.1757350119005063,140.72198988947835,-11.41107737754595
EWELD_Load_15T,long,020,backward,16,1.3815668436665867,151.5853363709876,-1.8409855652378155
EWELD_Load_15T,long,020,backward,17,1.2657699067246533,140.55197675903324,-2.673467126077128
EWELD_Load_15T,long,030,backward,0,1.742491888044325,119.4494251588988,-30.291232100830427
EWELD_Load_15T,long,030,backward,1,1.7931899452904765,129.40576687791295,-18.451919458633085
EWELD_Load_15T,long,030,backward,2,2.153320819808279,134.7753795477073,-20.67375655021803
EWELD_Load_15T,long,030,backward,3,1.2852601928013574,132.26395807088417,-17.623934466987805
EWELD_Load_15T,long,030,backward,4,1.0173277868848367,146.67165703315248,-11.729898859622011
EWELD_Load_15T,long,030,backward,5,1.31829415203798,139.75850264789509,-16.46671310839153
EWELD_Load_15T,long,030,backward,6,2.0281892990507835,140.92872802924344,-16.608441366052745
EWELD_Load_15T,long,030,backward,7,1.5556358651678546,153.7326437256379,-7.6016375393202225
EWELD_Load_15T,long,030,backward,8,1.7741603225813576,150.9217258895613,-8.664914178337682
EWELD_Load_15T,long,030,backward,9,1.447349230931791,141.09746909608216,-19.14548992497859
EWELD_Load_15T,long,030,backward,10,1.4592477274358147,152.9064695708608,-10.975414923723406
EWELD_Load_15T,long,030,backward,11,1.4785022272672594,154.29869377031986,-7.404083974216974
EWELD_Load_15T,long,030,backward,12,1.1057914535653066,151.46444700932386,-8.168358098801093
EWELD_Load_15T,long,030,backward,13,1.1950058673244663,138.24983523891618,-21.996838930932114
EWELD_Load_15T,long,030,backward,14,2.477377748520068,130.6979955840487,-21.614315104089627
EWELD_Load_15T,long,030,backward,15,1.5035119270738344,139.6023652267446,-12.530702040279692
EWELD_Load_15T,long,030,backward,16,1.6883422877704244,116.2177014226047,-37.2086205136207
EWELD_Load_15T,long,030,backward,17,1.5424615798847825,124.00700644049239,-19.218437444617976
Finland_Traffic_15T,long,010,backward,0,1.509673663756905,128.87363439622044,-1.6188549832294825
Finland_Traffic_15T,long,010,backward,1,1.7344749128999097,126.1391832115685,0.22065728061402012
Finland_Traffic_15T,long,010,backward,2,1.7564644815993231,122.58471433404333,-2.2703892383342463
Finland_Traffic_15T,long,010,backward,3,2.197868102606487,123.20738588684029,-0.9930977163995038
Finland_Traffic_15T,long,010,backward,4,2.106034554498809,125.41994612718528,0.24871671852400823
Finland_Traffic_15T,long,010,backward,5,1.4051605602259913,123.11176444369269,-1.0103003455852786
Finland_Traffic_15T,long,010,backward,6,1.9108313877702956,117.93960856096169,-7.243566627261089
Finland_Traffic_15T,long,010,backward,7,1.745293222214927,119.96591296875452,-4.595208895657137
Finland_Traffic_15T,long,010,backward,8,1.4288066105410047,125.33558792338191,-1.924900463199151
Finland_Traffic_15T,long,010,backward,9,1.404815819853556,126.36198780864962,-0.29563345408554653
Finland_Traffic_15T,long,010,backward,10,1.645770384083409,127.82545427702274,-0.6607880887497402
Finland_Traffic_15T,long,010,backward,11,1.6602089737072818,124.42203729677574,-0.5424337465929057
Finland_Traffic_15T,long,010,backward,12,1.8095746328399536,125.71311291097078,-0.5433700119207714
Finland_Traffic_15T,long,010,backward,13,1.4493828133181748,124.65587693307543,0.018766814033554624
Finland_Traffic_15T,long,010,backward,14,1.334659282488368,127.3070805485902,1.5578532622189272
Finland_Traffic_15T,long,010,backward,15,2.253344612188003,121.7273713595874,-4.4969874433651995
Finland_Traffic_15T,long,010,backward,16,1.4319553808271852,125.77086751117142,0.5539013181656856
Finland_Traffic_15T,long,010,backward,17,1.9561528741655052,126.03212510613946,1.5904035191287988
Finland_Traffic_15T,long,010,backward,18,1.8526323775336355,124.46664993513939,-0.4853690282747607
Finland_Traffic_15T,long,010,backward,19,1.3155089735822658,122.91158171789998,-0.05398694659463388
Finland_Traffic_15T,long,020,backward,0,2.2899875141058907,123.28469673268667,-7.207792646763252
Finland_Traffic_15T,long,020,backward,1,1.467084612814193,120.36053340785702,-5.557992523097454
Finland_Traffic_15T,long,020,backward,2,1.5478520801598188,123.0625625718663,-1.792541000511278
Finland_Traffic_15T,long,020,backward,3,1.28560099578833,114.81470415305093,-9.385779450188863
Finland_Traffic_15T,long,020,backward,4,1.3608550834077007,123.0906461140174,-2.0805832946438727
Finland_Traffic_15T,long,020,backward,5,1.1852251772628846,118.68234371093745,-5.439721078340526
Finland_Traffic_15T,long,020,backward,6,1.3656306871536492,123.37161998894011,-1.8115551992826653
Finland_Traffic_15T,long,020,backward,7,1.5730098177470533,111.58550602042743,-12.97561584398423
Finland_Traffic_15T,long,020,backward,8,1.749122659627337,109.57275179051236,-17.687736596068703
Finland_Traffic_15T,long,020,backward,9,1.4858313555446374,115.96026990179182,-10.697351360943344
Finland_Traffic_15T,long,020,backward,10,1.9572340523879395,123.87219745581399,-4.614044909958494
Finland_Traffic_15T,long,020,backward,11,1.8511078910111123,124.97820579907113,0.013734755702486723
Finland_Traffic_15T,long,020,backward,12,1.9540487615396793,126.00915606822167,-0.24732685466987903
Finland_Traffic_15T,long,020,backward,13,1.5895172938817852,120.66227422398809,-3.9748358950537863
Finland_Traffic_15T,long,020,backward,14,1.9074470237815324,127.00546522203275,1.2562379356614741
Finland_Traffic_15T,long,020,backward,15,2.124064219496965,123.65091060732674,-2.5734481956258577
Finland_Traffic_15T,long,020,backward,16,2.0541428194450684,123.58808603098872,-1.628880162017012
Finland_Traffic_15T,long,020,backward,17,1.9426800867464997,121.01345993750586,-3.4282616495048046
Finland_Traffic_15T,long,020,backward,18,1.7228036760864998,121.61515333298563,-3.3368656304285196
Finland_Traffic_15T,long,020,backward,19,1.5457163426252793,125.22488426003594,2.2593155955413238
Finland_Traffic_15T,long,030,backward,0,1.665702001229602,121.17747564107069,-9.315013738379236
Finland_Traffic_15T,long,030,backward,1,2.1737940394956254,117.46482573869899,-8.453700192255482
Finland_Traffic_15T,long,030,backward,2,1.6950650609743891,111.61266811117142,-13.242435461206156
Finland_Traffic_15T,long,030,backward,3,1.344992991688789,121.69764641339533,-2.502837189844456
Finland_Traffic_15T,long,030,backward,4,1.7328507694774355,115.31298984278293,-9.85823956587835
Finland_Traffic_15T,long,030,backward,5,1.2360913966647329,119.81489081649126,-4.307173972786714
Finland_Traffic_15T,long,030,backward,6,1.7533450637117838,118.92851575656604,-6.254659431656734
Finland_Traffic_15T,long,030,backward,7,1.526460597506152,126.54494623092648,1.983824366514824
Finland_Traffic_15T,long,030,backward,8,1.6316641087740822,117.98232067282513,-9.278167713755934
Finland_Traffic_15T,long,030,backward,9,1.962745334090333,124.6804177433695,-1.9772035193656592
Finland_Traffic_15T,long,030,backward,10,1.4101560379398228,117.5966836695311,-10.88955869624138
Finland_Traffic_15T,long,030,backward,11,1.7471050792437333,111.00549503497186,-13.958976008396789
Finland_Traffic_15T,long,030,backward,12,2.024359552617689,122.6801256967367,-3.5763572261548546
Finland_Traffic_15T,long,030,backward,13,1.3806476820139182,111.04813978325095,-13.588970335790933
Finland_Traffic_15T,long,030,backward,14,1.2892616774956642,124.57808965672396,-1.171137629647319
Finland_Traffic_15T,long,030,backward,15,1.4702533764828358,122.59224457034014,-3.6321142326124516
Finland_Traffic_15T,long,030,backward,16,1.616695625337396,124.3332778549212,-0.8836883380845251
Finland_Traffic_15T,long,030,backward,17,2.162314685077955,122.9946252250997,-1.4470963619109654
Finland_Traffic_15T,long,030,backward,18,1.402492993695995,120.8943013788375,-4.05771758457665
Finland_Traffic_15T,long,030,backward,19,2.066450698863361,117.2439995525414,-5.721569111953215
NE_China_Wind_H,long,010,backward,0,1.8089772591699964,130.9461799597227,1.1030040180264962
NE_China_Wind_H,long,010,backward,1,2.300633922755035,181.69920854770714,1.1664140564422212
NE_China_Wind_H,long,010,backward,2,2.2307245462601957,192.98443734488268,0.7242197578008245
NE_China_Wind_H,long,010,backward,3,1.7101271345974076,119.55767630606896,1.2065732557689017
NE_China_Wind_H,long,010,backward,4,1.8967299074197803,39.357890523552456,7.385077780859426
NE_China_Wind_H,long,010,backward,5,1.3636011722435661,173.57437189481385,-17.590923413183333
NE_China_Wind_H,long,010,backward,6,1.3902814027507857,199.48676329662806,0.0014950617823785706
NE_China_Wind_H,long,010,backward,7,1.8447142762929931,179.16425442032477,0.9894376110379142
NE_China_Wind_H,long,020,backward,0,1.7796775909369686,116.60724181544279,-13.235934126253426
NE_China_Wind_H,long,020,backward,1,2.3058667534421398,184.61612979557407,4.083335304309145
NE_China_Wind_H,long,020,backward,2,2.460977567106844,193.08031844907143,0.8201008619895731
NE_China_Wind_H,long,020,backward,3,1.4768842436980867,127.12637281979558,8.775269769495523
NE_China_Wind_H,long,020,backward,4,1.928294070733265,35.85672789456055,3.8839151518675195
NE_China_Wind_H,long,020,backward,5,1.603823819140932,196.40101118304273,5.235715875045543
NE_China_Wind_H,long,020,backward,6,1.654306789643187,199.4704549830963,-0.014813251749387746
NE_China_Wind_H,long,020,backward,7,1.1297550340725306,175.87643777622165,-2.2983790330652027
NE_China_Wind_H,long,030,backward,0,2.0554763504119764,144.9356071126929,15.09243117099669
NE_China_Wind_H,long,030,backward,1,1.5766018916082303,185.00746895033444,4.474674459069519
NE_China_Wind_H,long,030,backward,2,1.9529035665055932,193.09890099206984,0.8386834049879894
NE_China_Wind_H,long,030,backward,3,1.8813970725583626,120.452228114566,2.1011250642659434
NE_China_Wind_H,long,030,backward,4,1.9779422990550652,38.43008919999995,6.457276457306918
NE_China_Wind_H,long,030,backward,5,1.5160294621809454,199.34729284141957,8.18199753342239
NE_China_Wind_H,long,030,backward,6,1.3735791200086613,199.51018162729017,0.02491339244448909
NE_China_Wind_H,long,030,backward,7,1.1974055207405063,176.48864397063642,-1.6861728386504353
OpenElectricity_NEM_5T,long,010,backward,0,1.6872356456893123,15.14342640420479,0.06487593922552826
OpenElectricity_NEM_5T,long,010,backward,1,1.4017502610366206,16.88788689668508,0.6192056919078226
OpenElectricity_NEM_5T,long,010,backward,2,1.9053095581780395,23.247680992737013,2.4361414609233982
OpenElectricity_NEM_5T,long,010,backward,3,1.2478409810654907,23.945209485139753,0.2864430200462671
OpenElectricity_NEM_5T,long,010,backward,4,1.8150079607856604,20.245773202878578,-1.3004372611488684
OpenElectricity_NEM_5T,long,010,backward,5,0.9306023753439983,17.946969238206584,0.4061328352671474
OpenElectricity_NEM_5T,long,010,backward,6,1.162983769294104,15.173189973742593,-0.5919876136607112
OpenElectricity_NEM_5T,long,010,backward,7,1.6527090117407162,16.342065959271746,-2.7395298424545125
OpenElectricity_NEM_5T,long,010,backward,8,2.5542659821427898,21.38221129351969,5.832901736538078
OpenElectricity_NEM_5T,long,010,backward,9,1.575179230971589,19.596384149655346,-0.47346933667705215
OpenElectricity_NEM_5T,long,010,backward,10,1.7291267363596252,18.209842332043817,-0.7347482580190245
OpenElectricity_NEM_5T,long,010,backward,11,2.0966272588650576,19.486127261437673,0.3261754536007828
OpenElectricity_NEM_5T,long,010,backward,12,2.168978671172652,15.626493869113398,-0.09210010757673004
OpenElectricity_NEM_5T,long,010,backward,13,1.4036396511286444,18.8869824794946,0.0
OpenElectricity_NEM_5T,long,010,backward,14,1.2360644188636434,14.75192994386441,-1.185183381568491
OpenElectricity_NEM_5T,long,010,backward,15,1.3677377201992165,18.495943274715675,0.02396081350030954
OpenElectricity_NEM_5T,long,010,backward,16,2.2732785337932775,22.32350363600681,1.7477863446416677
OpenElectricity_NEM_5T,long,010,backward,17,1.8177798315594798,29.765176158528213,2.2954125751696424
OpenElectricity_NEM_5T,long,010,backward,18,1.2263403094335814,19.006040074762186,-0.16116096175555583
OpenElectricity_NEM_5T,long,010,backward,19,0.9001913689082945,16.62535668078871,1.557514582118495
OpenElectricity_NEM_5T,long,020,backward,0,1.1768591192021338,16.276087863103413,1.197537398124151
OpenElectricity_NEM_5T,long,020,backward,1,1.86468759880194,15.36756576755649,-0.9011154372207688
OpenElectricity_NEM_5T,long,020,backward,2,1.2518477714803575,19.335559858484615,-1.4759796733290003
OpenElectricity_NEM_5T,long,020,backward,3,1.5274629666183137,22.554129167975564,-1.1046372971179217
OpenElectricity_NEM_5T,long,020,backward,4,1.991295351106929,20.39865597061089,-1.147554493416557
OpenElectricity_NEM_5T,long,020,backward,5,1.1546470140134735,20.580850899049967,3.0400144961105298
OpenElectricity_NEM_5T,long,020,backward,6,1.4237515718151754,16.2868565286984,0.5216789412950966
OpenElectricity_NEM_5T,long,020,backward,7,1.4148082136853148,20.259074396654007,1.1774785949277486
OpenElectricity_NEM_5T,long,020,backward,8,1.1540396481151214,16.896310307322643,1.3470007503410333
OpenElectricity_NEM_5T,long,020,backward,9,1.8632701308732142,18.530889769906334,-1.538963716426064
OpenElectricity_NEM_5T,long,020,backward,10,1.5354155592253573,17.45590929121,-1.4886812988528426
OpenElectricity_NEM_5T,long,020,backward,11,1.2513035840593278,19.07405869737751,-0.08589311045938075
OpenElectricity_NEM_5T,long,020,backward,12,2.680281632279439,15.531829863053717,-0.18676411363641066
OpenElectricity_NEM_5T,long,020,backward,13,1.50873865585095,19.78123200895983,0.8942495294652311
OpenElectricity_NEM_5T,long,020,backward,14,2.151701912676736,17.545507306033524,1.6083939806006242
OpenElectricity_NEM_5T,long,020,backward,15,1.7404782733658446,16.660191335527557,-1.811791125687808
OpenElectricity_NEM_5T,long,020,backward,16,1.6103266189726508,19.179082724746234,-1.396634566618907
OpenElectricity_NEM_5T,long,020,backward,17,1.4808204020518685,24.77147207743249,-2.698291505926079
OpenElectricity_NEM_5T,long,020,backward,18,0.9899293768174906,15.93583343598485,-3.2313676005328915
OpenElectricity_NEM_5T,long,020,backward,19,0.8975109288968217,14.374903751939256,-0.6929383467309584
OpenElectricity_NEM_5T,long,030,backward,0,1.5719310497605934,12.280988045908023,-2.797562419071239
OpenElectricity_NEM_5T,long,030,backward,1,1.7080233881185531,15.320328620615618,-0.9483525841616416
OpenElectricity_NEM_5T,long,030,backward,2,1.2036404413334036,21.898844152187344,1.0873046203737289
OpenElectricity_NEM_5T,long,030,backward,3,1.829586856041733,23.865276805909936,0.20651034081645037
OpenElectricity_NEM_5T,long,030,backward,4,1.7819574101959772,19.116485677448406,-2.4297247865790403
OpenElectricity_NEM_5T,long,030,backward,5,1.862161253162062,17.301980135791016,-0.2388562671484209
OpenElectricity_NEM_5T,long,030,backward,6,1.8949274013292292,15.650422454289275,-0.11475513311402885
OpenElectricity_NEM_5T,long,030,backward,7,1.75413413467829,18.438443971580355,-0.6431518301459036
OpenElectricity_NEM_5T,long,030,backward,8,1.8883859948404609,17.33863625374226,1.7893266967606483
OpenElectricity_NEM_5T,long,030,backward,9,1.2182697590107137,19.839376605518165,-0.23047688081423345
OpenElectricity_NEM_5T,long,030,backward,10,0.9413447088871646,14.059417429999163,-4.885173160063678
OpenElectricity_NEM_5T,long,030,backward,11,1.55065802731799,16.451906309958712,-2.708045497878178
OpenElectricity_NEM_5T,long,030,backward,12,1.0799965966381961,11.959874646422557,-3.7587193302675708
OpenElectricity_NEM_5T,long,030,backward,13,2.327996445403631,15.618592601834747,-3.2683898776598515
OpenElectricity_NEM_5T,long,030,backward,14,2.103296216668327,12.90154204397343,-3.03557128145947
OpenElectricity_NEM_5T,long,030,backward,15,1.1119296708617805,16.522872265724047,-1.9491101954913184
OpenElectricity_NEM_5T,long,030,backward,16,1.4481923332540807,16.270096887371572,-4.305620403993569
OpenElectricity_NEM_5T,long,030,backward,17,1.6457309036611,29.320001437013165,1.850237853654594
OpenElectricity_NEM_5T,long,030,backward,18,1.4179512256722995,14.752953260362228,-4.414247776155515
OpenElectricity_NEM_5T,long,030,backward,19,2.0168246373911707,16.86683792258445,1.7989958239142343
Port_Activity_D,long,010,backward,0,2.028315279629665,147.20765859167554,0.0
Port_Activity_D,long,010,backward,1,1.831756963477178,134.36487179749116,-3.789215157528247
Port_Activity_D,long,010,backward,2,1.813170329399923,150.23543341972487,-1.2778198535146714
Port_Activity_D,long,020,backward,0,2.0590677680611877,146.04639641105436,-1.1612621806211791
Port_Activity_D,long,020,backward,1,2.0272563180150573,161.51827386539193,23.364186910372524
Port_Activity_D,long,020,backward,2,1.4558385666912077,158.39878095347294,6.885527680233395
Port_Activity_D,long,030,backward,0,2.299868376766407,146.61556522898317,-0.592093362692367
Port_Activity_D,long,030,backward,1,1.7448362902172436,143.08826052519825,4.934173570178842
Port_Activity_D,long,030,backward,2,1.6158874373760463,154.6364785230796,3.1232252498400612
Supply_Chain_Customer_D,long,010,backward,0,1.9446452730955062,85.67721314718514,0.7166021154214803
Supply_Chain_Customer_D,long,010,backward,1,1.8149576351257328,39.59071251476059,6.805079665633592
Supply_Chain_Customer_D,long,010,backward,2,1.8765924420271567,80.52090057993274,-5.127556643440357
Supply_Chain_Customer_D,long,020,backward,0,2.2463874963663684,70.18691125417237,-14.77369977759129
Supply_Chain_Customer_D,long,020,backward,1,1.6411354873615747,43.87391298831758,11.08828013919058
Supply_Chain_Customer_D,long,020,backward,2,1.6363959320499029,73.5516520026745,-12.096805220698599
Supply_Chain_Customer_D,long,030,backward,0,2.004312993014165,73.10322281231191,-11.85738821945175
Supply_Chain_Customer_D,long,030,backward,1,1.7784221384892005,42.686162605110596,9.900529755983598
Supply_Chain_Customer_D,long,030,backward,2,1.9076234502561515,67.44424684773792,-18.204210375635185
Supply_Chain_Location_D,long,010,backward,0,2.0412352642726628,83.36729556091095,3.492780435804548
Supply_Chain_Location_D,long,010,backward,1,1.9209071563676454,56.68195821350653,17.67165370304442
Supply_Chain_Location_D,long,010,backward,2,1.711379813725593,83.65495661636491,2.2115086410772875
Supply_Chain_Location_D,long,020,backward,0,1.9021457912034279,79.58120302485922,-0.2933121002471779
Supply_Chain_Location_D,long,020,backward,1,2.099092470710061,84.01285956389886,45.002555053436744
Supply_Chain_Location_D,long,020,backward,2,1.7353454135838327,76.59428070852607,-4.849167266761555
Supply_Chain_Location_D,long,030,backward,0,2.1208257893362332,76.91121166951646,-2.963303455589937
Supply_Chain_Location_D,long,030,backward,1,1.991163549292425,44.91718653827529,5.906882027813175
Supply_Chain_Location_D,long,030,backward,2,1.5221960343558285,69.31953719811884,-12.123910777168788
Water_Quality_Darwin_15T,long,010,backward,0,1.049635156294432,8.191872146604142,-0.021713985703081917
Water_Quality_Darwin_15T,long,010,backward,1,1.5485758523527224,7.103646167807498,0.3272904335019087
Water_Quality_Darwin_15T,long,010,backward,2,1.9872563152115186,10.554338400761203,-0.05780602864217599
Water_Quality_Darwin_15T,long,010,backward,3,1.7119025816080446,3.6876373968305884,-0.1319737208566507
Water_Quality_Darwin_15T,long,010,backward,4,1.1289730247308298,4.756105706726861,-0.05070600827855998
Water_Quality_Darwin_15T,long,010,backward,5,1.154354123300221,5.572311570002266,0.5788407154337971
Water_Quality_Darwin_15T,long,010,backward,6,1.208219702899647,2.756975209215068,-0.1571077341893763
Water_Quality_Darwin_15T,long,010,backward,7,1.2032646777327578,1.9824640888857386,0.0458559858428782
Water_Quality_Darwin_15T,long,010,backward,8,1.5413527756567837,0.9334880789316118,-0.2185767354581334
Water_Quality_Darwin_15T,long,010,backward,9,1.0756554195211074,1.172704574594994,-0.3344095054317915
Water_Quality_Darwin_15T,long,010,backward,10,1.842164702112053,1.6125625056222135,-0.22542336700055698
Water_Quality_Darwin_15T,long,010,backward,11,1.9453869950340614,5.362997581673913,-0.16240951285209704
Water_Quality_Darwin_15T,long,010,backward,12,1.7566792595629097,1.820945843363593,0.11767472800355905
Water_Quality_Darwin_15T,long,010,backward,13,2.408550170866084,6.86158565250305,-0.10651000293607993
Water_Quality_Darwin_15T,long,010,backward,14,1.5211536440479243,8.624161652479868,0.7727255422620525
Water_Quality_Darwin_15T,long,010,backward,15,1.609410129711549,6.870320182262798,0.06248628041426585
Water_Quality_Darwin_15T,long,020,backward,0,1.7578401846356233,7.885346446663719,-0.3282396856435055
Water_Quality_Darwin_15T,long,020,backward,1,1.7182284145104518,6.991073174898121,0.21471744059253162
Water_Quality_Darwin_15T,long,020,backward,2,1.553503953950593,10.54074188741121,-0.07140254199216933
Water_Quality_Darwin_15T,long,020,backward,3,1.6363893387215516,4.015075139917261,0.19546402223002213
Water_Quality_Darwin_15T,long,020,backward,4,1.8605517217777747,4.761777289783602,-0.045034425221818886
Water_Quality_Darwin_15T,long,020,backward,5,1.2795149869577747,5.160504196587045,0.16703334201857611
Water_Quality_Darwin_15T,long,020,backward,6,1.7518415430449483,2.7482442995033294,-0.16583864390111502
Water_Quality_Darwin_15T,long,020,backward,7,1.5690767879119956,1.940300223123549,0.0036921200806887544
Water_Quality_Darwin_15T,long,020,backward,8,1.5527516443609426,0.8820698939662058,-0.26999492042353934
Water_Quality_Darwin_15T,long,020,backward,9,1.1502691400996772,1.206599376664687,-0.3005147033620985
Water_Quality_Darwin_15T,long,020,backward,10,1.3067487395016262,1.6713551633017503,-0.1666307093210202
Water_Quality_Darwin_15T,long,020,backward,11,1.7025528872064613,5.690561668118729,0.16515457359271934
Water_Quality_Darwin_15T,long,020,backward,12,2.080621004367094,1.9328582048392287,0.2295870894791947
Water_Quality_Darwin_15T,long,020,backward,13,1.7532158164138065,6.836513758414216,-0.13158189702491363
Water_Quality_Darwin_15T,long,020,backward,14,1.3265655388385356,8.571143299015931,0.7197071887981155
Water_Quality_Darwin_15T,long,020,backward,15,1.3925260856806334,6.522622395687922,-0.28521150616061064
Water_Quality_Darwin_15T,long,030,backward,0,1.7890538412768995,7.632034803327372,-0.5815513289798524
Water_Quality_Darwin_15T,long,030,backward,1,1.4705036413297796,6.767275296942478,-0.009080437363111038
Water_Quality_Darwin_15T,long,030,backward,2,1.931330605347577,10.465532618436523,-0.14661181096685638
Water_Quality_Darwin_15T,long,030,backward,3,1.156188873116783,4.016087821385157,0.1964767036979178
Water_Quality_Darwin_15T,long,030,backward,4,1.8431112427070908,4.8109743144997505,0.004162599494329733
Water_Quality_Darwin_15T,long,030,backward,5,1.4875703477500073,5.304869809096572,0.3113989545281033
Water_Quality_Darwin_15T,long,030,backward,6,1.0445941322523573,2.5029623985443856,-0.4111205448600588
Water_Quality_Darwin_15T,long,030,backward,7,1.6963833490549896,2.404982566664575,0.46837446362171486
Water_Quality_Darwin_15T,long,030,backward,8,2.0690371199349737,1.4292142734545428,0.2771494590647976
Water_Quality_Darwin_15T,long,030,backward,9,1.3396216727994916,1.3476531526232687,-0.1594609274035168
Water_Quality_Darwin_15T,long,030,backward,10,1.450175444366872,1.8077413092065584,-0.030244563416212067
Water_Quality_Darwin_15T,long,030,backward,11,1.8785984784214107,5.38736647770418,-0.13804061682182933
Water_Quality_Darwin_15T,long,030,backward,12,0.8532814869484115,1.5665269617100777,-0.1367441536499563
Water_Quality_Darwin_15T,long,030,backward,13,1.4226180561937467,8.84477782799701,1.8766821725578806
Water_Quality_Darwin_15T,long,030,backward,14,1.69459085236239,8.406142822120785,0.5547067119029689
Water_Quality_Darwin_15T,long,030,backward,15,1.4278541691603759,6.837795422831274,0.02996152098274152
azure2019_U_5T,long,010,backward,0,2.0,118.15839967148534,-4.919055426977451
azure2019_U_5T,long,020,backward,0,2.0,105.58138422789168,-17.496070870571117
azure2019_U_5T,long,030,backward,0,2.0,142.28994860298707,19.212493504524275
current_velocity_15T,long,010,backward,0,1.4602464612427501,12.654256339998241,0.070499028090099
current_velocity_15T,long,010,backward,1,1.5067874060107003,10.978743569550566,-0.13882821125601374
current_velocity_15T,long,010,backward,2,2.463383519384026,14.163438737715353,0.6769376229141972
current_velocity_15T,long,010,backward,3,2.46175885547608,12.444453192936672,-0.047475281809687075
current_velocity_15T,long,010,backward,4,1.459816995577813,10.389184949619764,-0.0898898059378439
current_velocity_15T,long,010,backward,5,1.8200510870086952,3.8838238285961704,-0.017218412218189982
current_velocity_15T,long,010,backward,6,1.254730280759532,2.7114645064808354,-0.03994198603368737
current_velocity_15T,long,010,backward,7,1.542091084162358,0.861202048807423,-0.42012367754006363
current_velocity_15T,long,010,backward,8,1.4447693740035565,0.9538093253393917,-0.18941434975169924
current_velocity_15T,long,010,backward,9,0.705280829101492,4.010236939153481,0.1850471064829149
current_velocity_15T,long,010,backward,10,1.7545537132794953,4.8339801311217165,-0.7837352808352795
current_velocity_15T,long,010,backward,11,0.9224037082904447,13.457747874876539,-0.29829130550775496
current_velocity_15T,long,010,backward,12,1.4197193284272467,13.6398401538888,-0.048439387983478355
current_velocity_15T,long,010,backward,13,1.0184841045771629,12.349186562794602,0.187885740010314
current_velocity_15T,long,010,backward,14,0.7791900100619723,11.497409642325776,-0.011841026502326102
current_velocity_15T,long,020,backward,0,1.146530549388806,12.591485006642303,0.007727694734160906
current_velocity_15T,long,020,backward,1,1.9615879442939113,11.301361757564967,0.18378997675838704
current_velocity_15T,long,020,backward,2,2.278331623918325,14.06220351204003,0.5757023972388744
current_velocity_15T,long,020,backward,3,2.6633607197653997,12.371201721598283,-0.12072675314807668
current_velocity_15T,long,020,backward,4,1.343363362869727,10.29124077257859,-0.18783398297901854
current_velocity_15T,long,020,backward,5,1.929509398244739,3.938756921624178,0.03771468080981766
current_velocity_15T,long,020,backward,6,2.0541475037031693,2.6220634323104326,-0.12934306020409014
current_velocity_15T,long,020,backward,7,1.303008036353571,1.23135802996698,-0.04996769638050669
current_velocity_15T,long,020,backward,8,0.8583602956136882,0.8525154576372361,-0.2907082174538548
current_velocity_15T,long,020,backward,9,0.8116919676627229,3.36972389216074,-0.45546594050982625
current_velocity_15T,long,020,backward,10,1.3121444286160109,4.847713457646776,-0.7700019543102199
current_velocity_15T,long,020,backward,11,1.122919941880923,12.457114131664133,-1.298925048720161
current_velocity_15T,long,020,backward,12,1.3548571028800134,14.468252724410362,0.7799731825380842
current_velocity_15T,long,020,backward,13,1.1240903400582427,12.125548947673739,-0.03575187511054878
current_velocity_15T,long,020,backward,14,0.8588874623554655,11.0377627726089,-0.47148789621920173
current_velocity_15T,long,030,backward,0,0.9984106491619505,12.798852388990795,0.21509507708265296
current_velocity_15T,long,030,backward,1,1.3876847486704196,11.09833726771883,-0.019234513087750926
current_velocity_15T,long,030,backward,2,2.3447597054063976,13.814456456218302,0.32795534141714633
current_velocity_15T,long,030,backward,3,2.323152348905233,13.041382199203166,0.5494537244568072
current_velocity_15T,long,030,backward,4,2.0951001418744783,10.420701299615445,-0.05837345594216359
current_velocity_15T,long,030,backward,5,1.955224203124388,3.808937453767637,-0.09210478704672331
current_velocity_15T,long,030,backward,6,0.9094035649675399,2.72900036883166,-0.022406123682862766
current_velocity_15T,long,030,backward,7,1.1814162860913857,0.792103954777342,-0.4892217715701447
current_velocity_15T,long,030,backward,8,1.319869283371711,1.108634106635056,-0.03458956845603489
current_velocity_15T,long,030,backward,9,1.0030081240049007,3.155285567520262,-0.6699042651503042
current_velocity_15T,long,030,backward,10,1.544528707487688,4.7278086701273905,-0.8899067418296056
current_velocity_15T,long,030,backward,11,1.7279093245934385,12.857922127152355,-0.8981170532319389
current_velocity_15T,long,030,backward,12,1.312617298273303,14.25623717169244,0.5679576298201621
current_velocity_15T,long,030,backward,13,0.8405504770112873,13.595486908335094,1.434186085550806
current_velocity_15T,long,030,backward,14,1.3379588846432613,11.093869043626341,-0.4153816252017606
current_velocity_20T,long,010,backward,0,0.9419076702227354,3.0893047495861854,0.175950141405246
current_velocity_20T,long,010,backward,1,1.5665226949456144,4.125290168021378,0.8492671244351717
current_velocity_20T,long,010,backward,2,1.4937983728986781,3.4272480617813024,-0.6608172633643044
current_velocity_20T,long,010,backward,3,1.7136310272066904,6.500330517407231,2.03818197238832
current_velocity_20T,long,010,backward,4,1.3813945833510461,5.445194046870908,1.3645887213315513
current_velocity_20T,long,010,backward,5,1.9281771225777875,4.448346413916712,-1.3794297160705273
current_velocity_20T,long,010,backward,6,1.8175844656230593,6.025514812654223,-0.441522309167949
current_velocity_20T,long,010,backward,7,1.0311083336614477,3.2533606905558545,0.1501658838578357
current_velocity_20T,long,010,backward,8,1.6392805361878067,3.568502750929018,-0.08274788200255179
current_velocity_20T,long,010,backward,9,1.9540793055497903,3.346942286416711,0.08314946659726674
current_velocity_20T,long,010,backward,10,1.6955469648014942,4.005238402971825,-0.01116917528344974
current_velocity_20T,long,010,backward,11,2.390053493672889,3.9115273668193944,-0.019251353830628037
current_velocity_20T,long,010,backward,12,1.9556075458307496,5.058961435627326,2.13053487237115
current_velocity_20T,long,010,backward,13,2.1276343810248157,3.6937506959331152,0.16158254344902812
current_velocity_20T,long,020,backward,0,1.3681296474360742,3.1680516938730108,0.2546970856920714
current_velocity_20T,long,020,backward,1,1.2821388810025094,3.372980808801275,0.09695776521506883
current_velocity_20T,long,020,backward,2,1.3692426250518075,11.979947034936032,7.891881709790425
current_velocity_20T,long,020,backward,3,1.3243742349637102,3.7973234087156937,-0.6648251363032172
current_velocity_20T,long,020,backward,4,2.140399293705999,6.50802275000628,2.427417424466923
current_velocity_20T,long,020,backward,5,1.8532634011182962,5.77606969114824,-0.05170643883900006
current_velocity_20T,long,020,backward,6,2.2862740585611343,6.744356928021785,0.27731980619961316
current_velocity_20T,long,020,backward,7,0.9724807359873169,3.177837951518648,0.07464314482062928
current_velocity_20T,long,020,backward,8,1.0563551703721819,3.430150798635386,-0.22109983429618385
current_velocity_20T,long,020,backward,9,1.3525149516851287,2.8833791505138473,-0.38041366930559706
current_velocity_20T,long,020,backward,10,1.9142546788912866,3.9489049546919452,-0.06750262356332959
current_velocity_20T,long,020,backward,11,1.6371840424453288,5.426314181524162,1.4955354608741391
current_velocity_20T,long,020,backward,12,1.5308755875294309,2.7553683043564696,-0.17305825889970672
current_velocity_20T,long,020,backward,13,1.8417869906171307,3.6024394686245915,0.07027131614050441
current_velocity_20T,long,030,backward,0,1.4727886613328744,3.338108399202707,0.4247537910217676
current_velocity_20T,long,030,backward,1,1.4226530446045855,3.9134324491577757,0.6374094055715696
current_velocity_20T,long,030,backward,2,1.5594214263781738,4.502684494063944,0.41461916891833717
current_velocity_20T,long,030,backward,3,1.6922147080279661,4.481853627481977,0.019705082463065793
current_velocity_20T,long,030,backward,4,1.7100634572928108,4.915371766479644,0.8347664409402871
current_velocity_20T,long,030,backward,5,2.0449090032996065,5.90957710774208,0.08180097775484008
current_velocity_20T,long,030,backward,6,1.5472244183835326,6.282177128613221,-0.18485999320895097
current_velocity_20T,long,030,backward,7,1.2096659201175695,3.2418109639935753,0.13861615729555643
current_velocity_20T,long,030,backward,8,1.004783471304079,3.198718563910578,-0.45253206902099175
current_velocity_20T,long,030,backward,9,1.3216226551388632,4.613384641129413,1.3495918213099682
current_velocity_20T,long,030,backward,10,1.7269280727614165,3.8309161600342803,-0.18549141822099457
current_velocity_20T,long,030,backward,11,2.174216625387834,5.082414914252203,1.1516361936021804
current_velocity_20T,long,030,backward,12,1.4749143396984552,2.746817545690116,-0.18160901756606052
current_velocity_20T,long,030,backward,13,1.8958042675279347,3.6557859164776616,0.12361776399357449
current_velocity_5T,long,010,backward,0,1.5786635610956758,0.3791919749151472,-0.037022113514468546
current_velocity_5T,long,010,backward,1,0.9086852826711856,0.1321987165814062,0.0
current_velocity_5T,long,010,backward,2,1.8153258093188465,0.504146071151892,-0.0195811765112619
current_velocity_5T,long,010,backward,3,1.466110793086666,0.5376663217779653,0.0983475581175185
current_velocity_5T,long,010,backward,4,2.2634825698369934,0.20321478660478848,-0.1651035344558383
current_velocity_5T,long,010,backward,5,1.6568264796871586,0.6662273081271995,-0.011529970054027339
current_velocity_5T,long,010,backward,6,1.066574696790599,0.3121661090492947,0.05052016379360641
current_velocity_5T,long,010,backward,7,1.528992307721298,0.2907437502283168,-0.07221368420978852
current_velocity_5T,long,010,backward,8,1.1455577183844516,0.5777158473045819,0.06853038351146834
current_velocity_5T,long,010,backward,9,2.321149536581966,0.4044612255447354,0.11776399347421129
current_velocity_5T,long,010,backward,10,2.781275333353278,0.2347159989942842,-0.05160990846264313
current_velocity_5T,long,010,backward,11,2.0703609305435373,0.4808449098243585,-0.050401002518724425
current_velocity_5T,long,010,backward,12,1.9261965612621905,0.36866559869081666,-0.018879194795999754
current_velocity_5T,long,010,backward,13,1.2041109324951353,0.20781721199847475,0.021231949058674843
current_velocity_5T,long,010,backward,14,1.9537001340434696,0.6316224981847274,0.027001707728274704
current_velocity_5T,long,010,backward,15,1.636504415012299,0.35043715498304584,0.02818340969608779
current_velocity_5T,long,010,backward,16,1.4874350617845287,0.37577250616335894,-0.09656162867265361
current_velocity_5T,long,010,backward,17,1.5470044807874173,0.560273205955727,0.033877530672376754
current_velocity_5T,long,010,backward,18,1.2363597184014112,0.20858031184691414,0.061935672984446855
current_velocity_5T,long,010,backward,19,1.174117947017656,0.3780353040613098,0.006397238805059824
current_velocity_5T,long,020,backward,0,1.8254927621154273,0.33264832610500705,-0.08356576232460872
current_velocity_5T,long,020,backward,1,1.7878066442551952,0.15613150667386852,0.023932790092462325
current_velocity_5T,long,020,backward,2,1.6523940736871896,0.45096659937191447,-0.07276064829123946
current_velocity_5T,long,020,backward,3,1.8560883752888238,0.6168609354271563,0.1775421717667095
current_velocity_5T,long,020,backward,4,2.8227913472242294,0.28358599639748155,-0.08473232466314523
current_velocity_5T,long,020,backward,5,1.4599622353283463,0.5445233627199096,-0.13323391546131724
current_velocity_5T,long,020,backward,6,1.3159072400654837,0.3450102305328542,0.08336428527716588
current_velocity_5T,long,020,backward,7,1.1211012426995615,0.2845633299805734,-0.07839410445753192
current_velocity_5T,long,020,backward,8,0.944052303622134,0.5691167054249238,0.059931241631810184
current_velocity_5T,long,020,backward,9,1.2300061795530886,0.4402608975746935,0.1535636655041694
current_velocity_5T,long,020,backward,10,1.196111007140152,0.272434748553174,-0.013891158903753309
current_velocity_5T,long,020,backward,11,1.8585098117563892,0.4455076063941051,-0.08573830594897786
current_velocity_5T,long,020,backward,12,1.3047029214643908,0.30264925125744,-0.0848955422293764
current_velocity_5T,long,020,backward,13,2.775793665201593,0.12127319201794597,-0.06531207092185394
current_velocity_5T,long,020,backward,14,1.5697662235033223,0.5520866511642317,-0.05253413929222095
current_velocity_5T,long,020,backward,15,1.687205525922072,0.46989848902751685,0.1476447437405588
current_velocity_5T,long,020,backward,16,1.1167994354381907,0.36021873717822467,-0.11211539765778789
current_velocity_5T,long,020,backward,17,2.0581918447533765,0.5314065621108464,0.005010886827496064
current_velocity_5T,long,020,backward,18,1.6325905265832052,0.2857152246797516,0.1390705858172843
current_velocity_5T,long,020,backward,19,2.277019606106606,0.3720774577111093,0.0004393924548592998
current_velocity_5T,long,030,backward,0,2.607942710110832,0.3761053781741013,-0.04010871025551449
current_velocity_5T,long,030,backward,1,1.5086948957949984,0.22666030925673394,0.09446159267532775
current_velocity_5T,long,030,backward,2,1.3577577601207222,0.4083847962392701,-0.11534245142388383
current_velocity_5T,long,030,backward,3,1.9042351942836542,0.5524693387705794,0.1131505751101326
current_velocity_5T,long,030,backward,4,2.0374751951769787,0.21346373435889432,-0.15485458670173247
current_velocity_5T,long,030,backward,5,1.2098240008516792,0.5221786381111709,-0.15557864007005595
current_velocity_5T,long,030,backward,6,1.544435132403167,0.38727686212593027,0.12563091687024197
current_velocity_5T,long,030,backward,7,1.6245441516080714,0.2435499719084327,-0.1194074625296726
current_velocity_5T,long,030,backward,8,1.2383087329208948,0.48692312160003426,-0.02226234219307932
current_velocity_5T,long,030,backward,9,1.2833134228032883,0.3966189188894241,0.10992168681889997
current_velocity_5T,long,030,backward,10,1.3219808884964797,0.169980638719849,-0.11634526873707832
current_velocity_5T,long,030,backward,11,1.7064391532560854,0.38004590757658324,-0.1512000047664997
current_velocity_5T,long,030,backward,12,1.7121239772029155,0.33020694563574676,-0.05733784785106966
current_velocity_5T,long,030,backward,13,1.3827456918175751,0.1717458530496764,-0.0148394098901235
current_velocity_5T,long,030,backward,14,1.8959498827701786,0.5806074488344284,-0.024013341622024287
current_velocity_5T,long,030,backward,15,1.7552860442334306,0.4125203256510986,0.09026658036414054
current_velocity_5T,long,030,backward,16,1.8311230035038848,0.3146620790504426,-0.15767205578556998
current_velocity_5T,long,030,backward,17,1.7298095217479792,0.4847036358208807,-0.04169203946246958
current_velocity_5T,long,030,backward,18,1.4339674581838484,0.3955839013168373,0.24893926245437
current_velocity_5T,long,030,backward,19,2.4018748961175227,0.3235675761911719,-0.048070489065078104
current_velocity_H,long,010,backward,0,2.1152594580579014,3.867175068963763,0.07820055029462525
current_velocity_H,long,010,backward,1,1.5367618116359198,5.486812352125972,-0.555034117007275
current_velocity_H,long,010,backward,2,1.6784936040880385,3.9651415747925842,0.016869078827849826
current_velocity_H,long,010,backward,3,1.602300913856351,3.6144128388034784,-0.09434462333760685
current_velocity_H,long,010,backward,4,1.7000681828369006,3.0370093133010765,0.10750897604859899
current_velocity_H,long,020,backward,0,1.8056778060867822,4.032314025437919,0.2433395067687809
current_velocity_H,long,020,backward,1,1.5360567827200733,5.022696340353259,-1.0191501287799882
current_velocity_H,long,020,backward,2,1.7439188590473327,3.2008813318630813,-0.7473911641016531
current_velocity_H,long,020,backward,3,1.845252592301356,5.9604251992783555,2.25166773713727
current_velocity_H,long,020,backward,4,2.0583823537376476,3.6940509033849973,0.7645505661325198
current_velocity_H,long,030,backward,0,1.8004064290548916,3.939781096238492,0.1508065775693539
current_velocity_H,long,030,backward,1,1.5762147198276146,5.285132488973982,-0.7567139801592653
current_velocity_H,long,030,backward,2,1.9010328790325006,3.941540447181108,-0.006732048783626432
current_velocity_H,long,030,backward,3,1.866360489133739,3.6770131643859756,-0.031744297755109674
current_velocity_H,long,030,backward,4,1.8072085664827522,2.9678734607562482,0.038373123503770756
electricity,long,010,backward,0,1.339349533828311,16.041795565828075,4.569694754247907
electricity,long,010,backward,1,1.4717319198543848,5.739735504488676,-12.300546654335081
electricity,long,010,backward,2,1.2107516099121387,18.4590121191536,2.763643806373432
electricity,long,010,backward,3,1.233582913289594,14.353722407110741,-2.3281638847871733
electricity,long,010,backward,4,0.9483185506815045,10.113237354038809,0.37121862397920147
electricity,long,010,backward,5,1.5374196124765713,13.051086985502272,-1.2211636456895718
electricity,long,010,backward,6,1.506314720783517,15.043563676549049,2.21399751981855
electricity,long,010,backward,7,1.7687735770384454,12.797739049017324,0.2629922691854194
electricity,long,010,backward,8,1.9610169571690068,12.478949660701357,1.7591771076585623
electricity,long,010,backward,9,1.9978833175267205,10.180189694724374,0.36325549288268455
electricity,long,010,backward,10,2.247508195258525,7.475011665735624,-2.5713098950711055
electricity,long,010,backward,11,2.123474941258501,7.620161983318672,-2.9136488348921805
electricity,long,010,backward,12,1.88058980599201,13.443740248263072,-0.32428049997417574
electricity,long,010,backward,13,2.4928070065740755,6.82974305212076,-3.292470298005865
electricity,long,010,backward,14,1.460881460269037,9.606527514336069,-5.57599541325434
electricity,long,010,backward,15,1.3004742489210976,10.224018485160506,-0.9027875637816614
electricity,long,010,backward,16,1.6105092147496876,12.553405015475924,-0.011016875740818222
electricity,long,010,backward,17,1.6564152244797419,16.76392859403438,-0.8127266092401264
electricity,long,010,backward,18,1.6327499746624077,18.235728680424728,-0.7971478537873651
electricity,long,010,backward,19,1.6926534949415035,12.31768980211937,-0.6891510298199588
electricity,long,020,backward,0,1.513238025394757,11.69908313244757,0.22698232086740155
electricity,long,020,backward,1,1.4166255108582393,11.668967796292074,-6.371314362531683
electricity,long,020,backward,2,1.4171130186764114,21.718904518827323,6.023536206047156
electricity,long,020,backward,3,1.3258275263094275,13.505769182143032,-3.176117109754882
electricity,long,020,backward,4,0.9243909216539928,8.60131679968536,-1.140701930374247
electricity,long,020,backward,5,1.3720557646875782,12.427344297002955,-1.844906334188888
electricity,long,020,backward,6,1.7430942978654014,14.941494669729904,2.1119285129994054
electricity,long,020,backward,7,1.5840755667791468,11.919049293182907,-0.6156974866489975
electricity,long,020,backward,8,1.4248813497763348,10.218811405688161,-0.5009611473546336
electricity,long,020,backward,9,1.5433426617350772,9.046676956682058,-0.7702572451596321
electricity,long,020,backward,10,1.2501651593648127,8.236874457588963,-1.8094471032177672
electricity,long,020,backward,11,2.394090165033447,5.012260378032784,-5.521550440178069
electricity,long,020,backward,12,1.9864669081593833,13.48133870034982,-0.2866820478874281
electricity,long,020,backward,13,2.360561848879041,9.988683810399964,-0.13352953972666093
electricity,long,020,backward,14,1.515530078347455,13.315830067706253,-1.8666928598841555
electricity,long,020,backward,15,1.7358576729987372,11.084373749099143,-0.04243229984302488
electricity,long,020,backward,16,2.350972359965708,10.558842839846072,-2.0055790513706704
electricity,long,020,backward,17,1.907529122593772,18.252743514907518,0.6760883116330128
electricity,long,020,backward,18,1.8859127064507433,20.59856494905176,1.5656884148396664
electricity,long,020,backward,19,1.8003378438054698,12.322798523031492,-0.684042308907836
electricity,long,030,backward,0,1.3194493503529043,9.314199861139553,-2.157900950440615
electricity,long,030,backward,1,1.3103482222880762,17.92929046204367,-0.11099169678008636
electricity,long,030,backward,2,1.297407549252757,18.97395010170477,3.278581788924603
electricity,long,030,backward,3,1.7367710073719962,13.902112901281866,-2.7797733906160484
electricity,long,030,backward,4,1.177418549372005,9.362905497232157,-0.37911323282745
electricity,long,030,backward,5,1.3948622532075037,11.845128444167457,-2.427122187024386
electricity,long,030,backward,6,1.3349181575498872,8.292165867378698,-4.537400289351801
electricity,long,030,backward,7,1.6873566572473637,10.596404105324398,-1.9383426745075063
electricity,long,030,backward,8,1.8726819621653221,11.060015052525808,0.3402424994830131
electricity,long,030,backward,9,1.6627538881455253,9.272789516230452,-0.5441446856112382
electricity,long,030,backward,10,1.446112767811574,8.510887729601212,-1.535433831205518
electricity,long,030,backward,11,1.837350602250694,5.871012137632755,-4.662798680578097
electricity,long,030,backward,12,2.3872991802191783,10.77191707456012,-2.996103673677128
electricity,long,030,backward,13,1.6595813486507953,8.59243735552503,-1.5297759946015947
electricity,long,030,backward,14,1.785052773969884,10.325355737844339,-4.85716718974607
electricity,long,030,backward,15,1.692334885459532,10.814406452229528,-0.3123995967126394
electricity,long,030,backward,16,1.768778797979045,9.324513231480152,-3.2399086597365905
electricity,long,030,backward,17,2.2618687996118476,12.910425319276595,-4.666229883997911
electricity,long,030,backward,18,2.023884440613743,16.026152039986407,-3.0067244942256863
electricity,long,030,backward,19,1.5912503423955053,12.072265955347877,-0.9345748765914514
exchange_rate,long,010,backward,0,1.0652947439482665,48.14432921807207,-6.400701128131743
exchange_rate,long,010,backward,1,1.5969738884560234,39.99481995041798,-1.037125652961869
exchange_rate,long,010,backward,2,1.3622189895011656,32.204426794291905,2.071938742920274
exchange_rate,long,010,backward,3,0.9803263097588597,15.139252926515468,0.7864239313587102
exchange_rate,long,010,backward,4,2.166471991102699,6.320910144899035,-0.6732704785984591
exchange_rate,long,010,backward,5,1.84027201770563,17.256068487238508,-0.24214361405424967
exchange_rate,long,010,backward,6,1.4476332585564546,8.573569170738528,-2.0799677547925093
exchange_rate,long,010,backward,7,1.9105926686158121,15.756472081069642,0.10086842403887708
exchange_rate,long,010,backward,8,1.6684000326918464,18.433919824924708,-0.7820512738822707
exchange_rate,long,010,backward,9,1.539851854978268,39.39728314692862,-1.8755832860285366
exchange_rate,long,010,backward,10,1.2177745916515326,51.31663853769533,4.649678026647983
exchange_rate,long,020,backward,0,1.6770575994895123,43.643961885836674,-10.901068460367142
exchange_rate,long,020,backward,1,2.509999284538016,38.88612224030927,-2.1458233630705763
exchange_rate,long,020,backward,2,1.2504404239686993,27.251417698774087,-2.8810703525975434
exchange_rate,long,020,backward,3,1.4685635190869473,17.495137994383764,3.142308999227007
exchange_rate,long,020,backward,4,1.3615571569930018,8.212209569498063,1.2180289460005689
exchange_rate,long,020,backward,5,0.7895210329690827,12.50465174682156,-4.993560354471198
exchange_rate,long,020,backward,6,1.5138534644738781,12.422671434507162,1.7691345089761246
exchange_rate,long,020,backward,7,1.5741763439403103,13.092613675654594,-2.5629899813761714
exchange_rate,long,020,backward,8,1.4960756987417771,18.211080746768253,-1.004890352038725
exchange_rate,long,020,backward,9,2.5037117831442965,39.11467166174904,-2.158194771208116
exchange_rate,long,020,backward,10,1.1965087849069151,48.95353116344447,2.286570652397117
exchange_rate,long,030,backward,0,1.5097017693616497,51.18857728271904,-3.3564530634847785
exchange_rate,long,030,backward,1,1.5125606902853281,39.01735927280494,-2.0145863305749074
exchange_rate,long,030,backward,2,2.0127326970419475,32.77962896422508,2.6471409128534518
exchange_rate,long,030,backward,3,1.2376032745603178,18.9362273371742,4.583398342017441
exchange_rate,long,030,backward,4,1.2601806416803376,8.289639430334374,1.29545880683688
exchange_rate,long,030,backward,5,1.7610391328849162,17.79943829884216,0.3012261975494006
exchange_rate,long,030,backward,6,1.1285873345881454,12.101146625585422,1.4476097000543842
exchange_rate,long,030,backward,7,1.6213367080555883,11.258056627575698,-4.397547029455067
exchange_rate,long,030,backward,8,1.4980108184531296,17.673456775088805,-1.5425143237181729
exchange_rate,long,030,backward,9,2.2862560856844776,41.68570879786089,0.4128423649037316
exchange_rate,long,030,backward,10,2.4632078947363825,44.4279031931363,-2.2390573179110476
traffic,long,010,backward,0,0.8528510259349031,38.49835033853567,-1.812078138490108
traffic,long,010,backward,1,0.8309559690317405,35.311329165914536,-0.6545202580411598
traffic,long,010,backward,2,0.9140366349963884,34.21184399165162,-4.11007487214998
traffic,long,010,backward,3,1.1709151140351437,41.10694906561483,6.896366351560253
traffic,long,010,backward,4,2.713917345665857,72.63847612660305,33.62500874308173
traffic,long,010,backward,5,1.1259416186490099,27.174827919623223,0.5955075158093663
traffic,long,010,backward,6,1.8148952940551792,36.97029459914549,7.862212268223114
traffic,long,010,backward,7,0.7661340831943058,9.49695401908348,1.0661766502917516
traffic,long,010,backward,8,0.8934757790646174,24.95221825253416,-0.0017324376100908978
traffic,long,010,backward,9,1.2728159243045005,20.71833603606061,-0.004797358841557298
traffic,long,010,backward,10,1.4036641128340346,35.683828363684164,-0.4737829237189928
traffic,long,010,backward,11,1.2392840446517794,35.89262476572921,-1.119544071225711
traffic,long,010,backward,12,1.2396948548460862,42.419603764108246,0.28235253096208623
traffic,long,010,backward,13,1.034864969812768,37.91905226768293,3.1200069886005934
traffic,long,010,backward,14,3.0616360045315436,61.38816788681126,27.32952664412622
traffic,long,020,backward,0,0.9491102521119329,36.16219083807831,-4.148237638947471
traffic,long,020,backward,1,1.064462102411577,38.819057514832025,2.853208090876329
traffic,long,020,backward,2,1.0920457003986115,36.11940263434328,-2.2025162294583183
traffic,long,020,backward,3,1.3642118972038562,34.27097315458191,0.06039044052733544
traffic,long,020,backward,4,2.453406375068592,63.29459009755407,24.281122714032747
traffic,long,020,backward,5,1.8181581977499648,26.663249710215393,0.08392930640153651
traffic,long,020,backward,6,1.1441964788611882,30.049787252182092,0.941704921259717
traffic,long,020,backward,7,0.9575535909454236,19.10139487749117,10.670617508699442
traffic,long,020,backward,8,1.2469414896507576,28.01149379298945,3.0575431028452016
traffic,long,020,backward,9,1.3312173538632963,31.209195861207935,10.486062466305768
traffic,long,020,backward,10,1.5880501616206055,37.99696879704359,1.8393575096404362
traffic,long,020,backward,11,2.8700741296317,70.97836858869363,33.966199751738706
traffic,long,020,backward,12,0.9984689950300434,36.40957368440784,-5.7276775487383205
traffic,long,020,backward,13,1.3569822068824786,42.88541151054031,8.086366231457973
traffic,long,020,backward,14,1.0523556594211776,33.5824591195137,-0.47618212317134123
traffic,long,030,backward,0,1.6120891607197503,43.673852813093966,3.363424336068185
traffic,long,030,backward,1,1.914705893182893,41.66462049171657,5.698771067760873
traffic,long,030,backward,2,1.2299216859992868,59.23904099637431,20.917122132572707
traffic,long,030,backward,3,1.5030835696545002,44.08077737142892,9.870194657374348
traffic,long,030,backward,4,2.633542542846943,40.7444644805706,1.7309970970492756
traffic,long,030,backward,5,1.1065950504398963,28.873236780969787,2.2939163771559308
traffic,long,030,backward,6,1.0924885102168178,31.044072730424926,1.9359903995025505
traffic,long,030,backward,7,1.2775241604559837,38.47348205678526,30.042704687993528
traffic,long,030,backward,8,1.30364154823847,26.401225342238938,1.4472746520946878
traffic,long,030,backward,9,1.5100884153244485,43.589421870234425,22.866288475332258
traffic,long,030,backward,10,1.5318637457223425,48.49935243860916,12.341741151206001
traffic,long,030,backward,11,1.4321079479034353,60.90455036930433,23.89238153234941
traffic,long,030,backward,12,2.0280491353104755,55.67213997720333,13.53488874405717
traffic,long,030,backward,13,1.7114256197875806,50.837868413597555,16.03882313451522
traffic,long,030,backward,14,1.8400215323141598,47.372599530094526,13.313958287409484
weather,long,010,backward,0,1.744405233153688,4.280669132333563,-0.04573780474239442
weather,long,010,backward,1,1.2418439637057903,3.0808963139805243,-0.21601299726288037
weather,long,010,backward,2,2.112626650531486,4.084744513602662,0.5327905676343438
weather,long,010,backward,3,1.9550813462621555,5.6164056246852505,-0.2051144915099723
weather,long,010,backward,4,1.843919380100013,5.614877803653768,-0.06951080087500205
weather,long,010,backward,5,1.4916455680852958,6.2390693532326225,0.556114156578376
weather,long,010,backward,6,1.4850323793622484,4.478566188686462,-0.46612354412376433
weather,long,010,backward,7,2.287540101658897,2.9331282181974623,-0.11912996209590565
weather,long,010,backward,8,1.7183208825619622,1.3184424855876802,-0.4731832131920344
weather,long,010,backward,9,2.4956913238603775,3.4985638890410438,0.18057434287967444
weather,long,010,backward,10,1.0091646106830399,3.5369031728869946,-1.9176826185050353
weather,long,010,backward,11,1.9130584397189159,3.6530628609270206,1.1770610521850853
weather,long,010,backward,12,1.4155298108769403,2.3611777901613227,0.49140307025090824
weather,long,010,backward,13,1.1499343285601602,4.679751694531598,-1.8730602169279935
weather,long,010,backward,14,1.372185511187186,3.7880264883164685,-0.6186071615943431
weather,long,010,backward,15,1.1997244590201375,6.474875090693874,0.6704016376751678
weather,long,010,backward,16,1.0493334446807052,5.809411648949996,0.05730581889584574
weather,long,010,backward,17,1.306227158407454,5.91072019884107,-0.2016630082742683
weather,long,010,backward,18,1.5053283364243633,4.180066986816963,-0.2565251170709635
weather,long,010,backward,19,1.3124488930660294,3.3257022716206586,0.05791392419337793
weather,long,020,backward,0,1.9080842067706592,4.188863099708865,-0.13754383736709297
weather,long,020,backward,1,1.6928138725315773,1.924444194483043,-1.3724651167603616
weather,long,020,backward,2,1.8603972060064493,4.102443918642864,0.5504899726745456
weather,long,020,backward,3,2.1054298937879854,5.545385599425108,-0.2761345167701146
weather,long,020,backward,4,1.749596425833538,4.39015069718653,-1.2942379073422403
weather,long,020,backward,5,1.3444826215759567,7.066544719746832,1.3835895230925859
weather,long,020,backward,6,1.2639154674997517,4.4117643617378395,-0.5329253710723867
weather,long,020,backward,7,1.8081590163681505,3.3601371086553145,0.3078789283619465
weather,long,020,backward,8,1.5290300650432485,1.7315052450623976,-0.060120453717317
weather,long,020,backward,9,2.646027104165833,1.8435303152775293,-1.47445923088384
weather,long,020,backward,10,1.3162788445036488,3.7711398933971156,-1.6834458979949143
weather,long,020,backward,11,1.7927804001994576,3.335476800415308,0.8594749916733728
weather,long,020,backward,12,1.003513445911214,1.7870769567535285,-0.08269776315688593
weather,long,020,backward,13,1.0573897591401247,6.37006020322915,-0.18275170823044196
weather,long,020,backward,14,1.0995383495092228,4.6828196845663275,0.27618603465551583
weather,long,020,backward,15,1.051883029501898,7.0717029454794895,1.2672294924607836
weather,long,020,backward,16,1.256574971416415,6.8803595174791194,1.1282536874249693
weather,long,020,backward,17,1.3723541506003492,6.069090993936286,-0.0432922131790523
weather,long,020,backward,18,1.8967119175308942,4.413124976931063,-0.023467126956863815
weather,long,020,backward,19,2.1663177193617758,3.409375079289803,0.14158673186252235
weather,long,030,backward,0,1.9918258632807082,3.5833356454791145,-0.7430712915968432
weather,long,030,backward,1,1.448525077264958,1.9093513515944096,-1.387557959648995
weather,long,030,backward,2,1.8336173454892042,4.515097522285835,0.9631435763175165
weather,long,030,backward,3,1.607656428998618,5.602023465137792,-0.21949665105743055
weather,long,030,backward,4,1.681491214369863,6.709314343405806,1.0249257388770356
weather,long,030,backward,5,1.2189369446383833,6.8163433756879455,1.133388179033699
weather,long,030,backward,6,1.0266756399888541,4.522924610562572,-0.4217651222476544
weather,long,030,backward,7,2.0303239694841873,2.729171143125399,-0.3230870371679688
weather,long,030,backward,8,1.366070080941643,1.4767407384245286,-0.314884960355186
weather,long,030,backward,9,2.0598316397142242,2.2217495389300614,-1.0962400072313079
weather,long,030,backward,10,2.2954319733393813,6.654767980926378,1.200182189534348
weather,long,030,backward,11,1.8315180595180425,3.6022337319603794,1.1262319232184441
weather,long,030,backward,12,1.6966941755574725,1.6534831880884873,-0.21629153182192717
weather,long,030,backward,13,1.514511436981683,4.246389786339798,-2.306422125119793
weather,long,030,backward,14,1.5264786519927018,3.840228162324459,-0.5664054875863527
weather,long,030,backward,15,1.4120259769612122,6.6001670008169215,0.7956935477982157
weather,long,030,backward,16,1.5433027905317191,8.08765767724118,2.3355518471870305
weather,long,030,backward,17,1.9571493756114036,5.506144079684429,-0.6062391274309098
weather,long,030,backward,18,1.4639386572267545,4.2598523156242045,-0.17673978826372228
weather,long,030,backward,19,2.2082578900737846,3.7528126828101556,0.4850243353828749
