item_id,timestamp,JLN_MacroUnc_1M,LMN_FinUnc_1M,LMN_RealUnc_1M
item0,1960-07-31T00:00:00,0.6069654822349548,0.8819000720977783,0.6649062633514404
item0,1960-08-31T00:00:00,0.6142788529396057,0.8962494730949402,0.6797756552696228
item0,1960-09-30T00:00:00,0.621042013168335,0.9116598963737488,0.6884914636611938
item0,1960-10-31T00:00:00,0.632458508014679,0.8893341422080994,0.709735631942749
item0,1960-11-30T00:00:00,0.6610580682754517,0.8825228810310364,0.7571666836738586
item0,1960-12-31T00:00:00,0.6784447431564331,0.8788380026817322,0.7792897820472717
item0,1961-01-31T00:00:00,0.668157696723938,0.8868598937988281,0.7534539699554443
item0,1961-02-28T00:00:00,0.6634964942932129,0.8714707493782043,0.7366054058074951
item0,1961-03-31T00:00:00,0.6633315682411194,0.8541726469993591,0.7480958104133606
item0,1961-04-30T00:00:00,0.6667418479919434,0.8355746865272522,0.76119464635849
item0,1961-05-31T00:00:00,0.6508996486663818,0.8282310962677002,0.7405326962471008
item0,1961-06-30T00:00:00,0.6368852853775024,0.8259027004241943,0.7179694175720215
item0,1961-07-31T00:00:00,0.6243026852607727,0.8085421919822693,0.7052044868469238
item0,1961-08-31T00:00:00,0.6205597519874573,0.8079171776771545,0.7048418521881104
item0,1961-09-30T00:00:00,0.6204684972763062,0.8157714605331421,0.7177683115005493
item0,1961-10-31T00:00:00,0.6183760762214661,0.8178514838218689,0.7212452292442322
item0,1961-11-30T00:00:00,0.6082114577293396,0.8301212191581726,0.702757716178894
item0,1961-12-31T00:00:00,0.5986437797546387,0.8392611742019653,0.682407796382904
item0,1962-01-31T00:00:00,0.6040176153182983,0.8583646416664124,0.6900821328163147
item0,1962-02-28T00:00:00,0.6023924350738525,0.8833776116371155,0.686223030090332
item0,1962-03-31T00:00:00,0.5894251465797424,0.9334233403205872,0.6634427309036255
item0,1962-04-30T00:00:00,0.5895535945892334,1.006121039390564,0.6590163707733154
item0,1962-05-31T00:00:00,0.5874486565589905,1.0599972009658813,0.6481783986091614
item0,1962-06-30T00:00:00,0.5808408260345459,1.0613223314285278,0.6311376690864563
item0,1962-07-31T00:00:00,0.5703779458999634,1.0312837362289429,0.6211342215538025
item0,1962-08-31T00:00:00,0.5599231123924255,1.0075607299804688,0.6107773184776306
item0,1962-09-30T00:00:00,0.5554099082946777,1.0110048055648804,0.6056549549102783
item0,1962-10-31T00:00:00,0.5530773997306824,0.9976699352264404,0.6042045950889587
item0,1962-11-30T00:00:00,0.5536068677902222,1.0087742805480957,0.6123188734054565
item0,1962-12-31T00:00:00,0.5519068241119385,0.9442330598831177,0.6217684745788574
item0,1963-01-31T00:00:00,0.5506972670555115,0.9014850854873657,0.6278654336929321
item0,1963-02-28T00:00:00,0.5413069128990173,0.8401771783828735,0.6180524826049805
item0,1963-03-31T00:00:00,0.5315096974372864,0.7938105463981628,0.6094388961791992
item0,1963-04-30T00:00:00,0.5373550057411194,0.7632371783256531,0.6227355599403381
item0,1963-05-31T00:00:00,0.5349366664886475,0.7369540929794312,0.6182801723480225
item0,1963-06-30T00:00:00,0.5334832668304443,0.7166839838027954,0.6113511919975281
item0,1963-07-31T00:00:00,0.5315051674842834,0.6989294290542603,0.606036901473999
item0,1963-08-31T00:00:00,0.5323234796524048,0.6923520565032959,0.6050490140914917
item0,1963-09-30T00:00:00,0.5321325063705444,0.6751123070716858,0.6074466109275818
item0,1963-10-31T00:00:00,0.5296909213066101,0.6575968861579895,0.6077026724815369
item0,1963-11-30T00:00:00,0.536389172077179,0.6452032923698425,0.6200913786888123
item0,1963-12-31T00:00:00,0.5466735363006592,0.6284147500991821,0.6403168439865112
item0,1964-01-31T00:00:00,0.5537983179092407,0.618876576423645,0.659041702747345
item0,1964-02-29T00:00:00,0.5486566424369812,0.6116105318069458,0.6609314680099487
item0,1964-03-31T00:00:00,0.5385386347770691,0.6077975034713745,0.6529194712638855
item0,1964-04-30T00:00:00,0.5432304739952087,0.6019782423973083,0.6680974960327148
item0,1964-05-31T00:00:00,0.5287007689476013,0.5952965617179871,0.6434296369552612
item0,1964-06-30T00:00:00,0.5271749496459961,0.5940263271331787,0.6386571526527405
item0,1964-07-31T00:00:00,0.5352382063865662,0.6000432968139648,0.6510552167892456
item0,1964-08-31T00:00:00,0.5521599650382996,0.6074836850166321,0.6779024004936218
item0,1964-09-30T00:00:00,0.5815640687942505,0.6148545145988464,0.7208424210548401
item0,1964-10-31T00:00:00,0.6280883550643921,0.6189791560173035,0.7994078397750854
item0,1964-11-30T00:00:00,0.6404621601104736,0.6304137706756592,0.8136805295944214
item0,1964-12-31T00:00:00,0.6063421964645386,0.6486672759056091,0.7447724342346191
item0,1965-01-31T00:00:00,0.5806837677955627,0.6749323010444641,0.699050784111023
item0,1965-02-28T00:00:00,0.5612263083457947,0.6790732145309448,0.6678739786148071
item0,1965-03-31T00:00:00,0.550960123538971,0.6917108297348022,0.6543294191360474
item0,1965-04-30T00:00:00,0.5469052791595459,0.7189721465110779,0.6442251801490784
item0,1965-05-31T00:00:00,0.5407036542892456,0.7503348588943481,0.6293906569480896
item0,1965-06-30T00:00:00,0.5419806241989136,0.7941669821739197,0.6209244132041931
item0,1965-07-31T00:00:00,0.5486167073249817,0.7758262753486633,0.6325585842132568
item0,1965-08-31T00:00:00,0.5460947751998901,0.7667281627655029,0.6264025568962097
item0,1965-09-30T00:00:00,0.5551849603652954,0.7636613249778748,0.6354036927223206
item0,1965-10-31T00:00:00,0.5487306118011475,0.7689940929412842,0.6226482391357422
item0,1965-11-30T00:00:00,0.5463233590126038,0.7755722403526306,0.6160873174667358
item0,1965-12-31T00:00:00,0.5562319755554199,0.7835097908973694,0.61808842420578
item0,1966-01-31T00:00:00,0.5616096258163452,0.7994975447654724,0.6181839108467102
item0,1966-02-28T00:00:00,0.5706118941307068,0.8150249719619751,0.6339766383171082
item0,1966-03-31T00:00:00,0.579916775226593,0.8416768312454224,0.6484289169311523
item0,1966-04-30T00:00:00,0.5883389115333557,0.8778451681137085,0.657087504863739
item0,1966-05-31T00:00:00,0.5955972075462341,0.9272210597991943,0.6609755158424377
item0,1966-06-30T00:00:00,0.5911538004875183,0.9134812951087952,0.6477693319320679
item0,1966-07-31T00:00:00,0.5918591618537903,0.9257910251617432,0.6429610252380371
item0,1966-08-31T00:00:00,0.5965786576271057,0.9612724184989929,0.6410058736801147
item0,1966-09-30T00:00:00,0.6021855473518372,0.9292638897895813,0.6497079730033875
item0,1966-10-31T00:00:00,0.5997687578201294,0.9222803711891174,0.6560077667236328
item0,1966-11-30T00:00:00,0.6043558716773987,0.9255247712135315,0.6667979955673218
item0,1966-12-31T00:00:00,0.6066112518310547,0.9380974769592285,0.6662315130233765
item0,1967-01-31T00:00:00,0.613253653049469,0.980800986289978,0.6785119771957397
item0,1967-02-28T00:00:00,0.612242579460144,0.929557740688324,0.6856709718704224
item0,1967-03-31T00:00:00,0.6022745370864868,0.9068257212638855,0.6726047992706299
item0,1967-04-30T00:00:00,0.6005334258079529,0.8857035636901855,0.6736188530921936
item0,1967-05-31T00:00:00,0.5981830954551697,0.878463089466095,0.670066237449646
item0,1967-06-30T00:00:00,0.5996579527854919,0.8834995627403259,0.666239321231842
item0,1967-07-31T00:00:00,0.6085726618766785,0.8748636841773987,0.6798073649406433
item0,1967-08-31T00:00:00,0.6214099526405334,0.8569618463516235,0.7122017741203308
item0,1967-09-30T00:00:00,0.6194807291030884,0.8587898015975952,0.7120716571807861
item0,1967-10-31T00:00:00,0.619968831539154,0.8635558485984802,0.7126152515411377
item0,1967-11-30T00:00:00,0.6400942802429199,0.8637466430664062,0.7373231053352356
item0,1967-12-31T00:00:00,0.6448162794113159,0.8814993500709534,0.7327142953872681
item0,1968-01-31T00:00:00,0.6625311374664307,0.891918957233429,0.7558675408363342
item0,1968-02-29T00:00:00,0.6395037174224854,0.9109209775924683,0.7321301102638245
item0,1968-03-31T00:00:00,0.6149529218673706,0.9233030676841736,0.6985206604003906
item0,1968-04-30T00:00:00,0.6124549508094788,0.9611949324607849,0.6915299892425537
item0,1968-05-31T00:00:00,0.6032218337059021,0.9223253726959229,0.6838611364364624
item0,1968-06-30T00:00:00,0.5935484766960144,0.8911647200584412,0.6673927903175354
item0,1968-07-31T00:00:00,0.5850061178207397,0.879810631275177,0.6569387912750244
item0,1968-08-31T00:00:00,0.585817277431488,0.8729622960090637,0.6572457551956177
item0,1968-09-30T00:00:00,0.5804242491722107,0.8797250390052795,0.646680474281311
item0,1968-10-31T00:00:00,0.5881500840187073,0.8815217018127441,0.6529476642608643
item0,1968-11-30T00:00:00,0.5944491624832153,0.9043768644332886,0.6566504836082458
item0,1968-12-31T00:00:00,0.5936915278434753,0.9080184102058411,0.6401641964912415
item0,1969-01-31T00:00:00,0.5948311686515808,0.9222192168235779,0.6333544254302979
item0,1969-02-28T00:00:00,0.6010212898254395,0.9561361074447632,0.6348689794540405
item0,1969-03-31T00:00:00,0.6032010912895203,0.948585569858551,0.6289940476417542
item0,1969-04-30T00:00:00,0.6113235354423523,0.9596014618873596,0.6368570327758789
item0,1969-05-31T00:00:00,0.6223471760749817,0.9969478249549866,0.6441461443901062
item0,1969-06-30T00:00:00,0.627751886844635,1.061743974685669,0.6521077752113342
item0,1969-07-31T00:00:00,0.627437949180603,1.065942645072937,0.6573505997657776
item0,1969-08-31T00:00:00,0.6263703107833862,1.0513776540756226,0.6613178849220276
item0,1969-09-30T00:00:00,0.6256563663482666,1.0494502782821655,0.6687178611755371
item0,1969-10-31T00:00:00,0.6259005665779114,1.0677990913391113,0.6701727509498596
item0,1969-11-30T00:00:00,0.6401042938232422,1.0795390605926514,0.6962727308273315
item0,1969-12-31T00:00:00,0.6455311179161072,1.0889288187026978,0.6951249837875366
item0,1970-01-31T00:00:00,0.6677810549736023,1.1126303672790527,0.7222875952720642
item0,1970-02-28T00:00:00,0.6623292565345764,1.1291027069091797,0.695675790309906
item0,1970-03-31T00:00:00,0.6654428839683533,1.1612385511398315,0.6938830614089966
item0,1970-04-30T00:00:00,0.6723911762237549,1.2305419445037842,0.7044937610626221
item0,1970-05-31T00:00:00,0.6694543957710266,1.205223798751831,0.7016122341156006
item0,1970-06-30T00:00:00,0.6568770408630371,1.1625136137008667,0.692444384098053
item0,1970-07-31T00:00:00,0.6552067399024963,1.125095248222351,0.6985510587692261
item0,1970-08-31T00:00:00,0.6636724472045898,1.0893077850341797,0.7229061126708984
item0,1970-09-30T00:00:00,0.6800183057785034,1.0773563385009766,0.7619892954826355
item0,1970-10-31T00:00:00,0.7150719165802002,1.0509709119796753,0.8292092084884644
item0,1970-11-30T00:00:00,0.7148668766021729,1.0215976238250732,0.8201372623443604
item0,1970-12-31T00:00:00,0.7350289821624756,1.0104584693908691,0.8497312068939209
item0,1971-01-31T00:00:00,0.693779706954956,0.9865790009498596,0.7707152962684631
item0,1971-02-28T00:00:00,0.6570066213607788,0.9378000497817993,0.7081499099731445
item0,1971-03-31T00:00:00,0.6292215585708618,0.9164474010467529,0.6679876446723938
item0,1971-04-30T00:00:00,0.6185262799263,0.8993821740150452,0.6527920961380005
item0,1971-05-31T00:00:00,0.6181833148002625,0.8986623287200928,0.6528149843215942
item0,1971-06-30T00:00:00,0.6314672231674194,0.8924227952957153,0.6692500710487366
item0,1971-07-31T00:00:00,0.6395436525344849,0.9062216281890869,0.6738842129707336
item0,1971-08-31T00:00:00,0.6360015869140625,0.8995030522346497,0.6668287515640259
item0,1971-09-30T00:00:00,0.6301212906837463,0.8918806910514832,0.6605305075645447
item0,1971-10-31T00:00:00,0.6180344223976135,0.9021326303482056,0.6407833099365234
item0,1971-11-30T00:00:00,0.618849515914917,0.902198851108551,0.6370779871940613
item0,1971-12-31T00:00:00,0.6313807368278503,0.9190226793289185,0.6472891569137573
item0,1972-01-31T00:00:00,0.6399629712104797,0.8746160268783569,0.6619770526885986
item0,1972-02-29T00:00:00,0.6134504079818726,0.8334798812866211,0.627327561378479
item0,1972-03-31T00:00:00,0.5953410863876343,0.8081258535385132,0.6101111769676208
item0,1972-04-30T00:00:00,0.582197904586792,0.7956724762916565,0.6020475029945374
item0,1972-05-31T00:00:00,0.5822712182998657,0.7983510494232178,0.6082038879394531
item0,1972-06-30T00:00:00,0.5913823843002319,0.8083826303482056,0.6227754354476929
item0,1972-07-31T00:00:00,0.6138912439346313,0.814937949180603,0.6569452881813049
item0,1972-08-31T00:00:00,0.6266085505485535,0.8245517611503601,0.6743735074996948
item0,1972-09-30T00:00:00,0.6259813904762268,0.8373692631721497,0.6584039330482483
item0,1972-10-31T00:00:00,0.6398518085479736,0.8526637554168701,0.6645429134368896
item0,1972-11-30T00:00:00,0.6401264071464539,0.885431170463562,0.6494224071502686
item0,1972-12-31T00:00:00,0.6499847173690796,0.9102739095687866,0.6483450531959534
item0,1973-01-31T00:00:00,0.6661277413368225,0.9522940516471863,0.6497514843940735
item0,1973-02-28T00:00:00,0.6777418851852417,0.987950325012207,0.6522256731987
item0,1973-03-31T00:00:00,0.6808215379714966,1.0020774602890015,0.644757091999054
item0,1973-04-30T00:00:00,0.6822424530982971,1.0434954166412354,0.6347052454948425
item0,1973-05-31T00:00:00,0.6888875365257263,1.068787932395935,0.6195685267448425
item0,1973-06-30T00:00:00,0.7128985524177551,1.0857267379760742,0.6237462759017944
item0,1973-07-31T00:00:00,0.755483865737915,1.128941297531128,0.6362010836601257
item0,1973-08-31T00:00:00,0.790320634841919,1.1518837213516235,0.6538006067276001
item0,1973-09-30T00:00:00,0.7982465028762817,1.1920711994171143,0.6687502264976501
item0,1973-10-31T00:00:00,0.7955789566040039,1.218039870262146,0.6896274089813232
item0,1973-11-30T00:00:00,0.7827066779136658,1.2839747667312622,0.6843945384025574
item0,1973-12-31T00:00:00,0.7826558351516724,1.2017604112625122,0.6963266730308533
item0,1974-01-31T00:00:00,0.7874273061752319,1.1563689708709717,0.704491138458252
item0,1974-02-28T00:00:00,0.778510332107544,1.1128051280975342,0.6896352767944336
item0,1974-03-31T00:00:00,0.7745852470397949,1.101982593536377,0.6851444244384766
item0,1974-04-30T00:00:00,0.7803237438201904,1.1189475059509277,0.6983481049537659
item0,1974-05-31T00:00:00,0.7753861546516418,1.1397815942764282,0.6914042830467224
item0,1974-06-30T00:00:00,0.7735046744346619,1.1527223587036133,0.6842548847198486
item0,1974-07-31T00:00:00,0.7878434062004089,1.1958266496658325,0.6992856860160828
item0,1974-08-31T00:00:00,0.8058289289474487,1.2512364387512207,0.732627272605896
item0,1974-09-30T00:00:00,0.8140161037445068,1.287441372871399,0.7610816955566406
item0,1974-10-31T00:00:00,0.8279982209205627,1.3117893934249878,0.8028877973556519
item0,1974-11-30T00:00:00,0.8647409677505493,1.301187515258789,0.8911416530609131
item0,1974-12-31T00:00:00,0.8829537034034729,1.3138399124145508,0.9281168580055237
item0,1975-01-31T00:00:00,0.8571464419364929,1.3616561889648438,0.8800695538520813
item0,1975-02-28T00:00:00,0.8331703543663025,1.2407630681991577,0.8505021333694458
item0,1975-03-31T00:00:00,0.801967978477478,1.1638505458831787,0.8056946396827698
item0,1975-04-30T00:00:00,0.7796443104743958,1.1053693294525146,0.781756579875946
item0,1975-05-31T00:00:00,0.7657352089881897,1.0723350048065186,0.7636107206344604
item0,1975-06-30T00:00:00,0.7613363265991211,1.0409390926361084,0.7507055401802063
item0,1975-07-31T00:00:00,0.7524236440658569,1.018582820892334,0.7525659203529358
item0,1975-08-31T00:00:00,0.7191364765167236,0.9955262541770935,0.7235992550849915
item0,1975-09-30T00:00:00,0.6872057318687439,0.9784805774688721,0.6906952261924744
item0,1975-10-31T00:00:00,0.6647392511367798,0.9687639474868774,0.6618026494979858
item0,1975-11-30T00:00:00,0.6506404280662537,0.9687671661376953,0.6466550230979919
item0,1975-12-31T00:00:00,0.6585935354232788,0.9919068813323975,0.6615367531776428
item0,1976-01-31T00:00:00,0.6579756140708923,1.0465089082717896,0.6622302532196045
item0,1976-02-29T00:00:00,0.6388171315193176,0.9576533436775208,0.6402121782302856
item0,1976-03-31T00:00:00,0.6203873157501221,0.8874237537384033,0.6222443580627441
item0,1976-04-30T00:00:00,0.6150495409965515,0.8436946868896484,0.625251829624176
item0,1976-05-31T00:00:00,0.6117695569992065,0.8157376646995544,0.6264135837554932
item0,1976-06-30T00:00:00,0.598500669002533,0.7919632792472839,0.6171987056732178
item0,1976-07-31T00:00:00,0.5905992388725281,0.7667136192321777,0.6102809906005859
item0,1976-08-31T00:00:00,0.5933293700218201,0.756241500377655,0.6167808175086975
item0,1976-09-30T00:00:00,0.6049672961235046,0.7502576112747192,0.6323336958885193
item0,1976-10-31T00:00:00,0.6190721392631531,0.7586397528648376,0.647007167339325
item0,1976-11-30T00:00:00,0.6292922496795654,0.7722569108009338,0.6666793823242188
item0,1976-12-31T00:00:00,0.6286852359771729,0.7823571562767029,0.6561495661735535
item0,1977-01-31T00:00:00,0.6341281533241272,0.7583951354026794,0.6692346334457397
item0,1977-02-28T00:00:00,0.6312325596809387,0.7320274114608765,0.662700891494751
item0,1977-03-31T00:00:00,0.609879195690155,0.7155425548553467,0.6379805207252502
item0,1977-04-30T00:00:00,0.5819999575614929,0.7120994329452515,0.5974061489105225
item0,1977-05-31T00:00:00,0.5715304017066956,0.7206627726554871,0.5799626111984253
item0,1977-06-30T00:00:00,0.5650516748428345,0.7363582849502563,0.5744693279266357
item0,1977-07-31T00:00:00,0.566635251045227,0.7330635786056519,0.5764955282211304
item0,1977-08-31T00:00:00,0.5676112174987793,0.737517237663269,0.5749123096466064
item0,1977-09-30T00:00:00,0.5782245993614197,0.7486720085144043,0.5897693634033203
item0,1977-10-31T00:00:00,0.5906563401222229,0.7774950265884399,0.5999845862388611
item0,1977-11-30T00:00:00,0.6001786589622498,0.8041162490844727,0.6202391386032104
item0,1977-12-31T00:00:00,0.6221624612808228,0.8024157881736755,0.6582173109054565
item0,1978-01-31T00:00:00,0.6532362103462219,0.8210631012916565,0.7176417112350464
item0,1978-02-28T00:00:00,0.6446018218994141,0.8294785022735596,0.7071108818054199
item0,1978-03-31T00:00:00,0.6418845653533936,0.8544857501983643,0.7089349031448364
item0,1978-04-30T00:00:00,0.6303873062133789,0.8802617192268372,0.6857499480247498
item0,1978-05-31T00:00:00,0.6121333241462708,0.8875551223754883,0.6469457149505615
item0,1978-06-30T00:00:00,0.601467490196228,0.9063559770584106,0.6248846650123596
item0,1978-07-31T00:00:00,0.6016753315925598,0.9482940435409546,0.6197038292884827
item0,1978-08-31T00:00:00,0.5970764756202698,0.9951874613761902,0.6010053157806396
item0,1978-09-30T00:00:00,0.5997734665870667,1.0533227920532227,0.5967050790786743
item0,1978-10-31T00:00:00,0.6052822470664978,1.1500169038772583,0.5968826413154602
item0,1978-11-30T00:00:00,0.615630567073822,1.0750373601913452,0.6065497398376465
item0,1978-12-31T00:00:00,0.6225235462188721,1.0198848247528076,0.6184571981430054
item0,1979-01-31T00:00:00,0.6468665599822998,1.0001190900802612,0.6499903202056885
item0,1979-02-28T00:00:00,0.6622366905212402,0.9783135056495667,0.6684232354164124
item0,1979-03-31T00:00:00,0.6881096959114075,0.9658141732215881,0.7124039530754089
item0,1979-04-30T00:00:00,0.7321226000785828,0.9289746284484863,0.7805110812187195
item0,1979-05-31T00:00:00,0.7277413010597229,0.9170252680778503,0.7573005557060242
item0,1979-06-30T00:00:00,0.7119304537773132,0.9259278774261475,0.7133694887161255
item0,1979-07-31T00:00:00,0.7145435810089111,0.936205267906189,0.7006434202194214
item0,1979-08-31T00:00:00,0.7274430394172668,0.9709725975990295,0.7028835415840149
item0,1979-09-30T00:00:00,0.7382395267486572,0.9990838766098022,0.6920021176338196
item0,1979-10-31T00:00:00,0.7513788938522339,1.0553840398788452,0.6767445802688599
item0,1979-11-30T00:00:00,0.7627230286598206,1.0611025094985962,0.6742249727249146
item0,1979-12-31T00:00:00,0.7788275480270386,1.0594196319580078,0.6766515970230103
item0,1980-01-31T00:00:00,0.8181405663490295,1.0851186513900757,0.7053529620170593
item0,1980-02-29T00:00:00,0.8644195199012756,1.1175758838653564,0.739623486995697
item0,1980-03-31T00:00:00,0.9197791218757629,1.171810507774353,0.7958729267120361
item0,1980-04-30T00:00:00,0.9720328450202942,1.1019232273101807,0.8549340963363647
item0,1980-05-31T00:00:00,0.9619601964950562,1.0433648824691772,0.8243137001991272
item0,1980-06-30T00:00:00,0.9280408620834351,0.9963181614875793,0.7781848907470703
item0,1980-07-31T00:00:00,0.919929563999176,0.9748537540435791,0.7752397656440735
item0,1980-08-31T00:00:00,0.9096831679344177,0.9305906295776367,0.7763054966926575
item0,1980-09-30T00:00:00,0.8855767846107483,0.9059738516807556,0.7473379969596863
item0,1980-10-31T00:00:00,0.868192195892334,0.8981064558029175,0.7234061360359192
item0,1980-11-30T00:00:00,0.8508006930351257,0.9073733687400818,0.6931349039077759
item0,1980-12-31T00:00:00,0.8457900285720825,0.8885748982429504,0.6800488233566284
item0,1981-01-31T00:00:00,0.8451189994812012,0.8734548687934875,0.6751652956008911
item0,1981-02-28T00:00:00,0.8389643430709839,0.8661429286003113,0.6571618914604187
item0,1981-03-31T00:00:00,0.8341130018234253,0.8743896484375,0.647641122341156
item0,1981-04-30T00:00:00,0.8370588421821594,0.8547624349594116,0.6518852114677429
item0,1981-05-31T00:00:00,0.8359284996986389,0.8500794768333435,0.6519107222557068
item0,1981-06-30T00:00:00,0.8399158716201782,0.8611223697662354,0.6574879884719849
item0,1981-07-31T00:00:00,0.8356313109397888,0.8827921152114868,0.6594648957252502
item0,1981-08-31T00:00:00,0.829772412776947,0.9146044850349426,0.6553418040275574
item0,1981-09-30T00:00:00,0.8420361280441284,0.9189576506614685,0.6697718501091003
item0,1981-10-31T00:00:00,0.8423911929130554,0.9038702845573425,0.6829645037651062
item0,1981-11-30T00:00:00,0.8463618159294128,0.8767386674880981,0.6958490014076233
item0,1981-12-31T00:00:00,0.85858154296875,0.8621006608009338,0.7264100909233093
item0,1982-01-31T00:00:00,0.8892607092857361,0.8586320877075195,0.7887905240058899
item0,1982-02-28T00:00:00,0.8919394016265869,0.8586801886558533,0.803256630897522
item0,1982-03-31T00:00:00,0.8497791290283203,0.8557779788970947,0.7360871434211731
item0,1982-04-30T00:00:00,0.8302252292633057,0.870498776435852,0.6981778740882874
item0,1982-05-31T00:00:00,0.8222858905792236,0.8893575668334961,0.6863821148872375
item0,1982-06-30T00:00:00,0.816365122795105,0.9043725728988647,0.6789924502372742
item0,1982-07-31T00:00:00,0.8057267069816589,0.9354939460754395,0.6691708564758301
item0,1982-08-31T00:00:00,0.7907285094261169,0.9872719645500183,0.6587069630622864
item0,1982-09-30T00:00:00,0.7798295617103577,0.9910894632339478,0.6528028249740601
item0,1982-10-31T00:00:00,0.7790623903274536,1.022349238395691,0.6641061305999756
item0,1982-11-30T00:00:00,0.7625875473022461,0.975109338760376,0.664864718914032
item0,1982-12-31T00:00:00,0.7632784843444824,0.9300820231437683,0.6891990303993225
item0,1983-01-31T00:00:00,0.7737159132957458,0.909966230392456,0.7297817468643188
item0,1983-02-28T00:00:00,0.7444455027580261,0.892451822757721,0.7084096670150757
item0,1983-03-31T00:00:00,0.7214541435241699,0.8798949122428894,0.689267635345459
item0,1983-04-30T00:00:00,0.7056230306625366,0.874758243560791,0.6789872646331787
item0,1983-05-31T00:00:00,0.6819197535514832,0.854814887046814,0.6667624711990356
item0,1983-06-30T00:00:00,0.6744698882102966,0.8382350206375122,0.6683976650238037
item0,1983-07-31T00:00:00,0.6628677248954773,0.8274214863777161,0.670179545879364
item0,1983-08-31T00:00:00,0.6540947556495667,0.8166077136993408,0.6707406044006348
item0,1983-09-30T00:00:00,0.6540272235870361,0.8149569630622864,0.6801169514656067
item0,1983-10-31T00:00:00,0.6342541575431824,0.8233729600906372,0.6523687839508057
item0,1983-11-30T00:00:00,0.6182489991188049,0.817919135093689,0.6226499080657959
item0,1983-12-31T00:00:00,0.6229451298713684,0.815323531627655,0.6203329563140869
item0,1984-01-31T00:00:00,0.6364917159080505,0.8221992254257202,0.6255316734313965
item0,1984-02-29T00:00:00,0.6362252831459045,0.8382517695426941,0.6075315475463867
item0,1984-03-31T00:00:00,0.6212251782417297,0.8300317525863647,0.5814716815948486
item0,1984-04-30T00:00:00,0.608192503452301,0.8395285606384277,0.563588559627533
item0,1984-05-31T00:00:00,0.6122599840164185,0.8649331331253052,0.5573525428771973
item0,1984-06-30T00:00:00,0.6124653220176697,0.8720206022262573,0.5579061508178711
item0,1984-07-31T00:00:00,0.6152070760726929,0.8925424218177795,0.556366503238678
item0,1984-08-31T00:00:00,0.621419370174408,0.9169405102729797,0.5595429539680481
item0,1984-09-30T00:00:00,0.6259769797325134,0.8705825209617615,0.5657326579093933
item0,1984-10-31T00:00:00,0.6284241080284119,0.8422406315803528,0.5675074458122253
item0,1984-11-30T00:00:00,0.625038206577301,0.8303140997886658,0.5607467293739319
item0,1984-12-31T00:00:00,0.6234602332115173,0.8277302384376526,0.5589820742607117
item0,1985-01-31T00:00:00,0.6260525584220886,0.8440930247306824,0.5595685243606567
item0,1985-02-28T00:00:00,0.630107045173645,0.8023590445518494,0.5611256957054138
item0,1985-03-31T00:00:00,0.6329753994941711,0.779216468334198,0.5666269659996033
item0,1985-04-30T00:00:00,0.6379621028900146,0.765287458896637,0.5713752508163452
item0,1985-05-31T00:00:00,0.6216543912887573,0.7639766931533813,0.5524316430091858
item0,1985-06-30T00:00:00,0.6139567494392395,0.7550778388977051,0.5472981929779053
item0,1985-07-31T00:00:00,0.6098660230636597,0.7602938413619995,0.5484817624092102
item0,1985-08-31T00:00:00,0.6057445406913757,0.7748007774353027,0.5464989542961121
item0,1985-09-30T00:00:00,0.6157622337341309,0.8059867024421692,0.5542954802513123
item0,1985-10-31T00:00:00,0.6236324906349182,0.8192005157470703,0.5596643090248108
item0,1985-11-30T00:00:00,0.6304850578308105,0.8323463797569275,0.5642852187156677
item0,1985-12-31T00:00:00,0.6434826254844666,0.8309333324432373,0.5761479139328003
item0,1986-01-31T00:00:00,0.6607913970947266,0.8410931825637817,0.5913657546043396
item0,1986-02-28T00:00:00,0.6862637996673584,0.8714050054550171,0.6102220416069031
item0,1986-03-31T00:00:00,0.6901047825813293,0.8742992281913757,0.609243631362915
item0,1986-04-30T00:00:00,0.6757587194442749,0.879410445690155,0.5984896421432495
item0,1986-05-31T00:00:00,0.669266939163208,0.9011622071266174,0.5944536328315735
item0,1986-06-30T00:00:00,0.6620046496391296,0.9291026592254639,0.599238395690918
item0,1986-07-31T00:00:00,0.6513794660568237,0.980555534362793,0.5898860692977905
item0,1986-08-31T00:00:00,0.6477956175804138,0.9965023398399353,0.583652675151825
item0,1986-09-30T00:00:00,0.6536197662353516,1.0154005289077759,0.593174934387207
item0,1986-10-31T00:00:00,0.6497146487236023,0.9967032074928284,0.5905593037605286
item0,1986-11-30T00:00:00,0.6543673276901245,0.9880927801132202,0.5897302031517029
item0,1986-12-31T00:00:00,0.673924446105957,1.0022963285446167,0.6129680275917053
item0,1987-01-31T00:00:00,0.687883734703064,1.0359083414077759,0.6327366828918457
item0,1987-02-28T00:00:00,0.6730124950408936,1.0013675689697266,0.6274034976959229
item0,1987-03-31T00:00:00,0.6389983892440796,0.9770023226737976,0.5946567058563232
item0,1987-04-30T00:00:00,0.6254624128341675,0.9764716625213623,0.5804993510246277
item0,1987-05-31T00:00:00,0.6084467172622681,0.9846580624580383,0.5654404163360596
item0,1987-06-30T00:00:00,0.597937822341919,1.0192309617996216,0.5551823973655701
item0,1987-07-31T00:00:00,0.59556645154953,1.0741908550262451,0.5577841401100159
item0,1987-08-31T00:00:00,0.6024867296218872,1.1567853689193726,0.5641674995422363
item0,1987-09-30T00:00:00,0.615278422832489,1.2818334102630615,0.5763434767723083
item0,1987-10-31T00:00:00,0.6348749995231628,1.4752905368804932,0.5951831936836243
item0,1987-11-30T00:00:00,0.6293424963951111,1.2955777645111084,0.5832781195640564
item0,1987-12-31T00:00:00,0.6306695342063904,1.1726806163787842,0.5940281748771667
item0,1988-01-31T00:00:00,0.6262935400009155,1.0767279863357544,0.6009491086006165
item0,1988-02-29T00:00:00,0.6109627485275269,1.0092334747314453,0.5862119197845459
item0,1988-03-31T00:00:00,0.5926547646522522,0.9331018328666687,0.5674657821655273
item0,1988-04-30T00:00:00,0.5841578245162964,0.8796812295913696,0.5585162043571472
item0,1988-05-31T00:00:00,0.5750900506973267,0.8469387888908386,0.5505642890930176
item0,1988-06-30T00:00:00,0.5732674598693848,0.8336106538772583,0.5448009967803955
item0,1988-07-31T00:00:00,0.5709065198898315,0.7995455861091614,0.5467657446861267
item0,1988-08-31T00:00:00,0.5698357820510864,0.7749980688095093,0.546359658241272
item0,1988-09-30T00:00:00,0.5721204876899719,0.7586283087730408,0.5479264259338379
item0,1988-10-31T00:00:00,0.5729621052742004,0.7487666606903076,0.5476753115653992
item0,1988-11-30T00:00:00,0.5775498151779175,0.7474741339683533,0.5440444946289062
item0,1988-12-31T00:00:00,0.5952355861663818,0.7431825399398804,0.5532776117324829
item0,1989-01-31T00:00:00,0.6234028339385986,0.7463880777359009,0.5652537941932678
item0,1989-02-28T00:00:00,0.6289207339286804,0.7405475378036499,0.5839776992797852
item0,1989-03-31T00:00:00,0.6230953931808472,0.7375495433807373,0.5816026926040649
item0,1989-04-30T00:00:00,0.6229228377342224,0.745598316192627,0.5866141319274902
item0,1989-05-31T00:00:00,0.6292749047279358,0.7550951242446899,0.5997599363327026
item0,1989-06-30T00:00:00,0.6259204745292664,0.7630770206451416,0.5965105891227722
item0,1989-07-31T00:00:00,0.6318216919898987,0.7823598980903625,0.6137286424636841
item0,1989-08-31T00:00:00,0.6325246691703796,0.7825049161911011,0.622258186340332
item0,1989-09-30T00:00:00,0.6174732446670532,0.7974216938018799,0.6068369746208191
item0,1989-10-31T00:00:00,0.615295946598053,0.8279734253883362,0.6041975021362305
item0,1989-11-30T00:00:00,0.6207136511802673,0.8341363668441772,0.6148074269294739
item0,1989-12-31T00:00:00,0.6468246579170227,0.8581326007843018,0.6476972699165344
item0,1990-01-31T00:00:00,0.6835009455680847,0.9046794176101685,0.6870123744010925
item0,1990-02-28T00:00:00,0.673123836517334,0.8950602412223816,0.6691765189170837
item0,1990-03-31T00:00:00,0.6572399139404297,0.9029494524002075,0.6470152735710144
item0,1990-04-30T00:00:00,0.6502232551574707,0.9335393905639648,0.639686644077301
item0,1990-05-31T00:00:00,0.6435185670852661,0.9669368863105774,0.6239696741104126
item0,1990-06-30T00:00:00,0.6406007409095764,0.9802237153053284,0.6114833950996399
item0,1990-07-31T00:00:00,0.6455399990081787,1.0205906629562378,0.6088725328445435
item0,1990-08-31T00:00:00,0.6624352931976318,1.0843465328216553,0.6190667152404785
item0,1990-09-30T00:00:00,0.6552846431732178,1.0679328441619873,0.6121236085891724
item0,1990-10-31T00:00:00,0.6647376418113708,1.03286612033844,0.6253119707107544
item0,1990-11-30T00:00:00,0.6800734996795654,1.0073950290679932,0.6372557878494263
item0,1990-12-31T00:00:00,0.6792008876800537,0.975499153137207,0.6287460923194885
item0,1991-01-31T00:00:00,0.6808225512504578,0.968952476978302,0.632343053817749
item0,1991-02-28T00:00:00,0.668142557144165,0.9545994997024536,0.6160340309143066
item0,1991-03-31T00:00:00,0.6483949422836304,0.9120178818702698,0.6051577925682068
item0,1991-04-30T00:00:00,0.6376345157623291,0.8820191025733948,0.6133356690406799
item0,1991-05-31T00:00:00,0.6225088834762573,0.873639702796936,0.6106213927268982
item0,1991-06-30T00:00:00,0.6116923689842224,0.8683549761772156,0.6031964421272278
item0,1991-07-31T00:00:00,0.5968917012214661,0.8512425422668457,0.5911545753479004
item0,1991-08-31T00:00:00,0.5829024910926819,0.8360626101493835,0.574802815914154
item0,1991-09-30T00:00:00,0.5791015625,0.8372188210487366,0.5737521648406982
item0,1991-10-31T00:00:00,0.5703707933425903,0.8519623875617981,0.5639185309410095
item0,1991-11-30T00:00:00,0.5705808997154236,0.8805699944496155,0.5597256422042847
item0,1991-12-31T00:00:00,0.5787456035614014,0.9006334543228149,0.5703189373016357
item0,1992-01-31T00:00:00,0.5821715593338013,0.8703137636184692,0.5784979462623596
item0,1992-02-29T00:00:00,0.5795961618423462,0.8300184011459351,0.5787685513496399
item0,1992-03-31T00:00:00,0.5719447135925293,0.8008423447608948,0.5661372542381287
item0,1992-04-30T00:00:00,0.5729773044586182,0.7794574499130249,0.5564241409301758
item0,1992-05-31T00:00:00,0.5642499923706055,0.7596898674964905,0.5501324534416199
item0,1992-06-30T00:00:00,0.5624799132347107,0.7563214302062988,0.5523905754089355
item0,1992-07-31T00:00:00,0.5690725445747375,0.7429498434066772,0.5675729513168335
item0,1992-08-31T00:00:00,0.5689772963523865,0.733103334903717,0.5744674801826477
item0,1992-09-30T00:00:00,0.5741318464279175,0.7190560102462769,0.5794029831886292
item0,1992-10-31T00:00:00,0.5790405869483948,0.7158502340316772,0.5829558968544006
item0,1992-11-30T00:00:00,0.5725964307785034,0.722926676273346,0.5707395076751709
item0,1992-12-31T00:00:00,0.5824790596961975,0.7129480838775635,0.5884310603141785
item0,1993-01-31T00:00:00,0.583131730556488,0.7081203460693359,0.5895790457725525
item0,1993-02-28T00:00:00,0.5669761896133423,0.7049813270568848,0.5684917569160461
item0,1993-03-31T00:00:00,0.5630927681922913,0.7011785507202148,0.5666096806526184
item0,1993-04-30T00:00:00,0.5586885809898376,0.699532687664032,0.556363046169281
item0,1993-05-31T00:00:00,0.551775336265564,0.6878783702850342,0.5445823073387146
item0,1993-06-30T00:00:00,0.5395139455795288,0.6752206087112427,0.531421959400177
item0,1993-07-31T00:00:00,0.5309666991233826,0.6683793663978577,0.5260793566703796
item0,1993-08-31T00:00:00,0.5311911702156067,0.6701412200927734,0.527990460395813
item0,1993-09-30T00:00:00,0.5389633178710938,0.6679401993751526,0.5404561161994934
item0,1993-10-31T00:00:00,0.5432594418525696,0.6742035150527954,0.5405973792076111
item0,1993-11-30T00:00:00,0.5440495610237122,0.6826287508010864,0.5423371195793152
item0,1993-12-31T00:00:00,0.5694601535797119,0.6853806972503662,0.5761483311653137
item0,1994-01-31T00:00:00,0.5777350068092346,0.6885947585105896,0.5818571448326111
item0,1994-02-28T00:00:00,0.5688513517379761,0.6948317289352417,0.5699438452720642
item0,1994-03-31T00:00:00,0.5678584575653076,0.7059068083763123,0.5672430396080017
item0,1994-04-30T00:00:00,0.5542541146278381,0.6864082217216492,0.5389094948768616
item0,1994-05-31T00:00:00,0.5497918128967285,0.6801716089248657,0.5233134031295776
item0,1994-06-30T00:00:00,0.5450530052185059,0.6809584498405457,0.5157199501991272
item0,1994-07-31T00:00:00,0.5435546636581421,0.6771048307418823,0.5124042630195618
item0,1994-08-31T00:00:00,0.5448410511016846,0.6800177693367004,0.5206344723701477
item0,1994-09-30T00:00:00,0.5452184677124023,0.6768531203269958,0.519420325756073
item0,1994-10-31T00:00:00,0.5452680587768555,0.6769362688064575,0.5268008708953857
item0,1994-11-30T00:00:00,0.5424306988716125,0.6857364773750305,0.5223222374916077
item0,1994-12-31T00:00:00,0.5481398105621338,0.671499490737915,0.5259513854980469
item0,1995-01-31T00:00:00,0.5516698956489563,0.6638322472572327,0.5343183279037476
item0,1995-02-28T00:00:00,0.5613042116165161,0.661241352558136,0.5497084259986877
item0,1995-03-31T00:00:00,0.5608435273170471,0.6530501842498779,0.5565517544746399
item0,1995-04-30T00:00:00,0.5647188425064087,0.6534199714660645,0.5676640272140503
item0,1995-05-31T00:00:00,0.5644913911819458,0.6590127348899841,0.5708820819854736
item0,1995-06-30T00:00:00,0.5557574033737183,0.6711681485176086,0.5680195093154907
item0,1995-07-31T00:00:00,0.5551010370254517,0.6799166202545166,0.5759220123291016
item0,1995-08-31T00:00:00,0.5585179328918457,0.6758475303649902,0.5819266438484192
item0,1995-09-30T00:00:00,0.5502663254737854,0.6830322742462158,0.565981388092041
item0,1995-10-31T00:00:00,0.5534765720367432,0.6959519386291504,0.5644211173057556
item0,1995-11-30T00:00:00,0.5643742680549622,0.6912826299667358,0.5680559873580933
item0,1995-12-31T00:00:00,0.5756323337554932,0.6803274750709534,0.5921869277954102
item0,1996-01-31T00:00:00,0.5967139005661011,0.6780081391334534,0.6277961730957031
item0,1996-02-29T00:00:00,0.608102023601532,0.6847361922264099,0.6463928818702698
item0,1996-03-31T00:00:00,0.5946125984191895,0.6986971497535706,0.6183604598045349
item0,1996-04-30T00:00:00,0.5757971405982971,0.7228973507881165,0.5924330353736877
item0,1996-05-31T00:00:00,0.5603512525558472,0.7444218993186951,0.5637409090995789
item0,1996-06-30T00:00:00,0.5512715578079224,0.7739235162734985,0.5479992032051086
item0,1996-07-31T00:00:00,0.5469381809234619,0.8075910210609436,0.5384230017662048
item0,1996-08-31T00:00:00,0.5455514788627625,0.7997181415557861,0.5345338582992554
item0,1996-09-30T00:00:00,0.5431452393531799,0.788273811340332,0.5310655236244202
item0,1996-10-31T00:00:00,0.5442802906036377,0.7867693901062012,0.5348487496376038
item0,1996-11-30T00:00:00,0.5435867309570312,0.7917896509170532,0.5321106314659119
item0,1996-12-31T00:00:00,0.544104278087616,0.7890285849571228,0.5306048393249512
item0,1997-01-31T00:00:00,0.5446251034736633,0.8000167012214661,0.5330230593681335
item0,1997-02-28T00:00:00,0.5469111204147339,0.8134093880653381,0.5358613729476929
item0,1997-03-31T00:00:00,0.5436306595802307,0.8373200297355652,0.5281609296798706
item0,1997-04-30T00:00:00,0.546049952507019,0.853733241558075,0.528723955154419
item0,1997-05-31T00:00:00,0.5431267023086548,0.8837940096855164,0.5267215967178345
item0,1997-06-30T00:00:00,0.5433579087257385,0.8788023591041565,0.5334862470626831
item0,1997-07-31T00:00:00,0.549458384513855,0.886309802532196,0.545703113079071
item0,1997-08-31T00:00:00,0.5590209364891052,0.8873668313026428,0.5649492144584656
item0,1997-09-30T00:00:00,0.5532788038253784,0.8983389735221863,0.5616257786750793
item0,1997-10-31T00:00:00,0.5529842376708984,0.8930874466896057,0.5641373991966248
item0,1997-11-30T00:00:00,0.5543341040611267,0.8785532712936401,0.5618867874145508
item0,1997-12-31T00:00:00,0.555683970451355,0.8796457052230835,0.5593716502189636
item0,1998-01-31T00:00:00,0.5623580813407898,0.8938872814178467,0.5606719255447388
item0,1998-02-28T00:00:00,0.5619331002235413,0.9234378933906555,0.5605810880661011
item0,1998-03-31T00:00:00,0.5647086501121521,0.934086263179779,0.5679582357406616
item0,1998-04-30T00:00:00,0.5730454325675964,0.9578482508659363,0.5783897042274475
item0,1998-05-31T00:00:00,0.5804893374443054,1.0074307918548584,0.588559627532959
item0,1998-06-30T00:00:00,0.5962082743644714,1.067835807800293,0.6153327226638794
item0,1998-07-31T00:00:00,0.6089455485343933,1.161719799041748,0.6342547535896301
item0,1998-08-31T00:00:00,0.6286313533782959,1.2622778415679932,0.6556655168533325
item0,1998-09-30T00:00:00,0.6174924969673157,1.1744037866592407,0.6182113289833069
item0,1998-10-31T00:00:00,0.6058799028396606,1.1076648235321045,0.5922181606292725
item0,1998-11-30T00:00:00,0.5968071818351746,1.0623584985733032,0.5740759968757629
item0,1998-12-31T00:00:00,0.593757688999176,1.0344659090042114,0.5697081685066223
item0,1999-01-31T00:00:00,0.5935774445533752,1.020270824432373,0.5651492476463318
item0,1999-02-28T00:00:00,0.5968514680862427,1.0228465795516968,0.5610366463661194
item0,1999-03-31T00:00:00,0.5949692130088806,1.0108463764190674,0.5506167411804199
item0,1999-04-30T00:00:00,0.5938800573348999,1.0180244445800781,0.5442197918891907
item0,1999-05-31T00:00:00,0.588529646396637,0.996718168258667,0.5369371771812439
item0,1999-06-30T00:00:00,0.5832580924034119,0.9887279272079468,0.5390804409980774
item0,1999-07-31T00:00:00,0.5788021087646484,0.9854434728622437,0.5419406890869141
item0,1999-08-31T00:00:00,0.5787684321403503,0.997120201587677,0.5464421510696411
item0,1999-09-30T00:00:00,0.5826336145401001,1.0143613815307617,0.552352249622345
item0,1999-10-31T00:00:00,0.5933409333229065,1.0405488014221191,0.5631527304649353
item0,1999-11-30T00:00:00,0.6005641222000122,1.0770535469055176,0.5637520551681519
item0,1999-12-31T00:00:00,0.6172112226486206,1.123085618019104,0.5744841694831848
item0,2000-01-31T00:00:00,0.6371820569038391,1.1668504476547241,0.5954675078392029
item0,2000-02-29T00:00:00,0.6415084600448608,1.2209075689315796,0.5901821255683899
item0,2000-03-31T00:00:00,0.6477634310722351,1.2244454622268677,0.591498851776123
item0,2000-04-30T00:00:00,0.663490355014801,1.1959079504013062,0.5965211391448975
item0,2000-05-31T00:00:00,0.6770874857902527,1.1733767986297607,0.6104857325553894
item0,2000-06-30T00:00:00,0.6824230551719666,1.159829020500183,0.6130749583244324
item0,2000-07-31T00:00:00,0.6694939136505127,1.1279457807540894,0.6056625843048096
item0,2000-08-31T00:00:00,0.6630608439445496,1.119753360748291,0.6006771326065063
item0,2000-09-30T00:00:00,0.6674718856811523,1.1104204654693604,0.6050950884819031
item0,2000-10-31T00:00:00,0.6666655540466309,1.1118824481964111,0.6042329668998718
item0,2000-11-30T00:00:00,0.666221559047699,1.132291555404663,0.6054430603981018
item0,2000-12-31T00:00:00,0.6806392073631287,1.1437592506408691,0.621539831161499
item0,2001-01-31T00:00:00,0.6863943934440613,1.1321954727172852,0.62090665102005
item0,2001-02-28T00:00:00,0.6828583478927612,1.1112531423568726,0.6162421703338623
item0,2001-03-31T00:00:00,0.6772579550743103,1.0900212526321411,0.6099631190299988
item0,2001-04-30T00:00:00,0.6809154748916626,1.076185703277588,0.6193090081214905
item0,2001-05-31T00:00:00,0.6797268986701965,1.059823989868164,0.6132577061653137
item0,2001-06-30T00:00:00,0.687248170375824,1.061151385307312,0.6167165637016296
item0,2001-07-31T00:00:00,0.6990381479263306,1.0826319456100464,0.618168830871582
item0,2001-08-31T00:00:00,0.7199857234954834,1.118499517440796,0.6235268115997314
item0,2001-09-30T00:00:00,0.7613740563392639,1.175525426864624,0.6302534937858582
item0,2001-10-31T00:00:00,0.7651844024658203,1.1270326375961304,0.6331483721733093
item0,2001-11-30T00:00:00,0.738309383392334,1.088809847831726,0.6122921705245972
item0,2001-12-31T00:00:00,0.7055341005325317,1.0520806312561035,0.5964788198471069
item0,2002-01-31T00:00:00,0.685184895992279,1.0339066982269287,0.5901284217834473
item0,2002-02-28T00:00:00,0.6549122333526611,1.0333631038665771,0.5760546922683716
item0,2002-03-31T00:00:00,0.6364730596542358,1.0485773086547852,0.5647526979446411
item0,2002-04-30T00:00:00,0.6171830892562866,1.0578066110610962,0.5557929873466492
item0,2002-05-31T00:00:00,0.6001116037368774,1.0837175846099854,0.547547459602356
item0,2002-06-30T00:00:00,0.5979080200195312,1.1348735094070435,0.5486409664154053
item0,2002-07-31T00:00:00,0.5990258455276489,1.185624599456787,0.5533721446990967
item0,2002-08-31T00:00:00,0.5965665578842163,1.1496638059616089,0.5570197701454163
item0,2002-09-30T00:00:00,0.5963179469108582,1.1502562761306763,0.5591356754302979
item0,2002-10-31T00:00:00,0.5959094166755676,1.10051691532135,0.5584269762039185
item0,2002-11-30T00:00:00,0.6052833795547485,1.0678212642669678,0.5684640407562256
item0,2002-12-31T00:00:00,0.620152473449707,1.0285347700119019,0.5849868059158325
item0,2003-01-31T00:00:00,0.6367635130882263,0.985700249671936,0.5954508781433105
item0,2003-02-28T00:00:00,0.6459358930587769,0.9598440527915955,0.5956505537033081
item0,2003-03-31T00:00:00,0.6457648277282715,0.9490615129470825,0.5792504549026489
item0,2003-04-30T00:00:00,0.6571350693702698,0.9639426469802856,0.5760327577590942
item0,2003-05-31T00:00:00,0.641185462474823,0.946663498878479,0.562092125415802
item0,2003-06-30T00:00:00,0.6300442218780518,0.8992248177528381,0.5532976388931274
item0,2003-07-31T00:00:00,0.6299065351486206,0.8767670392990112,0.5546459555625916
item0,2003-08-31T00:00:00,0.6273139715194702,0.8540510535240173,0.5501402020454407
item0,2003-09-30T00:00:00,0.6274689435958862,0.84206622838974,0.5440806150436401
item0,2003-10-31T00:00:00,0.6196209192276001,0.8413819670677185,0.5421271920204163
item0,2003-11-30T00:00:00,0.6063258051872253,0.801483690738678,0.5437489748001099
item0,2003-12-31T00:00:00,0.5933143496513367,0.7795076370239258,0.5379263758659363
item0,2004-01-31T00:00:00,0.5903773903846741,0.760406494140625,0.53754723072052
item0,2004-02-29T00:00:00,0.5886226892471313,0.7451860904693604,0.5408961772918701
item0,2004-03-31T00:00:00,0.5926080346107483,0.7420184016227722,0.5551095604896545
item0,2004-04-30T00:00:00,0.5930888056755066,0.7499427795410156,0.5555840134620667
item0,2004-05-31T00:00:00,0.6012837290763855,0.7450054883956909,0.5663115382194519
item0,2004-06-30T00:00:00,0.6080352067947388,0.75433349609375,0.5819700956344604
item0,2004-07-31T00:00:00,0.5992721915245056,0.7721691727638245,0.5727185606956482
item0,2004-08-31T00:00:00,0.5903211832046509,0.7548090219497681,0.5643821954727173
item0,2004-09-30T00:00:00,0.5947319865226746,0.754015326499939,0.5663596391677856
item0,2004-10-31T00:00:00,0.6058768033981323,0.7603319883346558,0.5748505592346191
item0,2004-11-30T00:00:00,0.6173890233039856,0.7884795069694519,0.5901039838790894
item0,2004-12-31T00:00:00,0.6414248943328857,0.7653127312660217,0.6178297400474548
item0,2005-01-31T00:00:00,0.6482670307159424,0.759434700012207,0.6238531470298767
item0,2005-02-28T00:00:00,0.6343874931335449,0.7533714771270752,0.6042913198471069
item0,2005-03-31T00:00:00,0.6281240582466125,0.7520270347595215,0.6023181080818176
item0,2005-04-30T00:00:00,0.6229146718978882,0.7593790292739868,0.5930237174034119
item0,2005-05-31T00:00:00,0.6305863261222839,0.7511265277862549,0.5922389626502991
item0,2005-06-30T00:00:00,0.6429755687713623,0.7348319292068481,0.5985034108161926
item0,2005-07-31T00:00:00,0.6622700691223145,0.7304983735084534,0.613115131855011
item0,2005-08-31T00:00:00,0.6855001449584961,0.7184497714042664,0.6312987804412842
item0,2005-09-30T00:00:00,0.7287610769271851,0.7113253474235535,0.6723484396934509
item0,2005-10-31T00:00:00,0.7287761569023132,0.7175401449203491,0.659801721572876
item0,2005-11-30T00:00:00,0.7112576961517334,0.7239776849746704,0.6371718049049377
item0,2005-12-31T00:00:00,0.6849294304847717,0.7121025323867798,0.6138457655906677
item0,2006-01-31T00:00:00,0.6805480718612671,0.7192332744598389,0.6112626194953918
item0,2006-02-28T00:00:00,0.6710635423660278,0.7041593790054321,0.5984150767326355
item0,2006-03-31T00:00:00,0.6542683839797974,0.6926634907722473,0.5877459049224854
item0,2006-04-30T00:00:00,0.6514599919319153,0.6865867972373962,0.5882980227470398
item0,2006-05-31T00:00:00,0.6503294706344604,0.693198561668396,0.5941207408905029
item0,2006-06-30T00:00:00,0.649211049079895,0.6762368083000183,0.5881833434104919
item0,2006-07-31T00:00:00,0.649030327796936,0.6721544861793518,0.5916466116905212
item0,2006-08-31T00:00:00,0.654600203037262,0.6559656858444214,0.5927712917327881
item0,2006-09-30T00:00:00,0.6692062616348267,0.6444979310035706,0.6034671664237976
item0,2006-10-31T00:00:00,0.6556603312492371,0.6436648964881897,0.5979840755462646
item0,2006-11-30T00:00:00,0.6430292129516602,0.6353115439414978,0.588903546333313
item0,2006-12-31T00:00:00,0.6439368724822998,0.6295974254608154,0.5991539359092712
item0,2007-01-31T00:00:00,0.6437003016471863,0.6322246789932251,0.6006543040275574
item0,2007-02-28T00:00:00,0.6400488615036011,0.6400589942932129,0.5904808044433594
item0,2007-03-31T00:00:00,0.6336703300476074,0.6526500582695007,0.5794233083724976
item0,2007-04-30T00:00:00,0.6224838495254517,0.6759103536605835,0.5665954947471619
item0,2007-05-31T00:00:00,0.6059173345565796,0.7044229507446289,0.546528697013855
item0,2007-06-30T00:00:00,0.6081863641738892,0.7321879267692566,0.5433614253997803
item0,2007-07-31T00:00:00,0.6206520199775696,0.7683485150337219,0.546725332736969
item0,2007-08-31T00:00:00,0.6440507769584656,0.7769407629966736,0.5537681579589844
item0,2007-09-30T00:00:00,0.6562222242355347,0.8004618883132935,0.5557354688644409
item0,2007-10-31T00:00:00,0.6665943264961243,0.8365588188171387,0.5620958805084229
item0,2007-11-30T00:00:00,0.68851637840271,0.8879965543746948,0.5727933645248413
item0,2007-12-31T00:00:00,0.6974002718925476,0.9056029915809631,0.5791717767715454
item0,2008-01-31T00:00:00,0.6980997920036316,0.9457694292068481,0.5782151818275452
item0,2008-02-29T00:00:00,0.7084923386573792,0.9577265977859497,0.5895557999610901
item0,2008-03-31T00:00:00,0.7198728322982788,0.9780823588371277,0.6073158979415894
item0,2008-04-30T00:00:00,0.7479933500289917,1.0222713947296143,0.6397814750671387
item0,2008-05-31T00:00:00,0.7878563404083252,1.078250527381897,0.6686991453170776
item0,2008-06-30T00:00:00,0.8208507895469666,1.1657122373580933,0.6915816068649292
item0,2008-07-31T00:00:00,0.8644171357154846,1.214413046836853,0.7234214544296265
item0,2008-08-31T00:00:00,0.9310882687568665,1.2928130626678467,0.7651885151863098
item0,2008-09-30T00:00:00,1.0127698183059692,1.4228270053863525,0.8258965015411377
item0,2008-10-31T00:00:00,1.089795470237732,1.5474261045455933,0.8355851769447327
item0,2008-11-30T00:00:00,1.0835657119750977,1.5012784004211426,0.851726770401001
item0,2008-12-31T00:00:00,1.0602253675460815,1.4586725234985352,0.8652873039245605
item0,2009-01-31T00:00:00,1.049507975578308,1.4681689739227295,0.8768694400787354
item0,2009-02-28T00:00:00,1.000662088394165,1.444947600364685,0.8375615477561951
item0,2009-03-31T00:00:00,0.9490031003952026,1.3934317827224731,0.7998577952384949
item0,2009-04-30T00:00:00,0.9126393795013428,1.3523993492126465,0.764277994632721
item0,2009-05-31T00:00:00,0.884795606136322,1.2534276247024536,0.7438369393348694
item0,2009-06-30T00:00:00,0.8704520463943481,1.1880006790161133,0.7326745390892029
item0,2009-07-31T00:00:00,0.8525683879852295,1.157106637954712,0.7388125061988831
item0,2009-08-31T00:00:00,0.8101832866668701,1.1030340194702148,0.7136285305023193
item0,2009-09-30T00:00:00,0.7835516333580017,1.0768704414367676,0.6994044184684753
item0,2009-10-31T00:00:00,0.7568015456199646,1.060379147529602,0.6820104122161865
item0,2009-11-30T00:00:00,0.7437621355056763,1.0333778858184814,0.6767160296440125
item0,2009-12-31T00:00:00,0.7347272634506226,1.023942232131958,0.670264482498169
item0,2010-01-31T00:00:00,0.7360754013061523,1.0192950963974,0.6805341243743896
item0,2010-02-28T00:00:00,0.7308880090713501,1.0250746011734009,0.675209105014801
item0,2010-03-31T00:00:00,0.7225056886672974,1.0422401428222656,0.6855232119560242
item0,2010-04-30T00:00:00,0.6993339657783508,1.0588096380233765,0.6771102547645569
item0,2010-05-31T00:00:00,0.689371645450592,1.0968126058578491,0.6781103014945984
item0,2010-06-30T00:00:00,0.6561916470527649,1.1002259254455566,0.644268274307251
item0,2010-07-31T00:00:00,0.6368030905723572,1.0942329168319702,0.6242411136627197
item0,2010-08-31T00:00:00,0.6194550395011902,1.0894430875778198,0.6087989807128906
item0,2010-09-30T00:00:00,0.611606240272522,1.0687346458435059,0.6007596850395203
item0,2010-10-31T00:00:00,0.6102308630943298,0.997547447681427,0.5949461460113525
item0,2010-11-30T00:00:00,0.607503354549408,0.9551929235458374,0.5972297191619873
item0,2010-12-31T00:00:00,0.62823086977005,0.9355989694595337,0.6196103096008301
item0,2011-01-31T00:00:00,0.62592613697052,0.8943509459495544,0.6265183091163635
item0,2011-02-28T00:00:00,0.6318035125732422,0.8749067187309265,0.6282158493995667
item0,2011-03-31T00:00:00,0.6305432319641113,0.8591437935829163,0.6336190104484558
item0,2011-04-30T00:00:00,0.623271644115448,0.8620839715003967,0.6221781373023987
item0,2011-05-31T00:00:00,0.6204640865325928,0.8826541900634766,0.6067604422569275
item0,2011-06-30T00:00:00,0.6206518411636353,0.9166820049285889,0.5937067866325378
item0,2011-07-31T00:00:00,0.6277349591255188,0.9734364151954651,0.5907925367355347
item0,2011-08-31T00:00:00,0.6337393522262573,1.0430963039398193,0.5852223038673401
item0,2011-09-30T00:00:00,0.6223804354667664,1.0870100259780884,0.5821794271469116
item0,2011-10-31T00:00:00,0.6125562787055969,1.0772498846054077,0.5852615833282471
item0,2011-11-30T00:00:00,0.5998823046684265,0.990253746509552,0.5814898610115051
item0,2011-12-31T00:00:00,0.5970439314842224,0.9291756749153137,0.5888712406158447
item0,2012-01-31T00:00:00,0.5882875919342041,0.8968884348869324,0.5820703506469727
item0,2012-02-29T00:00:00,0.5737416744232178,0.8577970266342163,0.564666211605072
item0,2012-03-31T00:00:00,0.5709965229034424,0.834831953048706,0.5630068778991699
item0,2012-04-30T00:00:00,0.5664870142936707,0.8284575343132019,0.5565874576568604
item0,2012-05-31T00:00:00,0.5687867999076843,0.8391461968421936,0.5523747801780701
item0,2012-06-30T00:00:00,0.5681421756744385,0.8060585260391235,0.5532937049865723
item0,2012-07-31T00:00:00,0.5735602378845215,0.7768011689186096,0.5598921179771423
item0,2012-08-31T00:00:00,0.5794707536697388,0.7555714845657349,0.561667799949646
item0,2012-09-30T00:00:00,0.5787250995635986,0.7372105717658997,0.5651925206184387
item0,2012-10-31T00:00:00,0.5807615518569946,0.7303332090377808,0.5758245587348938
item0,2012-11-30T00:00:00,0.5912465453147888,0.7284607291221619,0.5899182558059692
item0,2012-12-31T00:00:00,0.5981898307800293,0.737825870513916,0.6012627482414246
item0,2013-01-31T00:00:00,0.594413697719574,0.7467512488365173,0.5816519260406494
item0,2013-02-28T00:00:00,0.582510769367218,0.7361098527908325,0.5720189809799194
item0,2013-03-31T00:00:00,0.5722034573554993,0.7416877150535583,0.5609731674194336
item0,2013-04-30T00:00:00,0.5534378886222839,0.7392511367797852,0.552217423915863
item0,2013-05-31T00:00:00,0.5455643534660339,0.7513664364814758,0.553480863571167
item0,2013-06-30T00:00:00,0.5416114926338196,0.7600739002227783,0.5603994131088257
item0,2013-07-31T00:00:00,0.5445337891578674,0.7812023758888245,0.5762750506401062
item0,2013-08-31T00:00:00,0.5411415100097656,0.7799445390701294,0.5796205997467041
item0,2013-09-30T00:00:00,0.5311203598976135,0.775027871131897,0.5722100138664246
item0,2013-10-31T00:00:00,0.5348881483078003,0.7586314082145691,0.5821493864059448
item0,2013-11-30T00:00:00,0.5355334281921387,0.7544812560081482,0.5853523015975952
item0,2013-12-31T00:00:00,0.5399015545845032,0.7546948790550232,0.5977097749710083
item0,2014-01-31T00:00:00,0.5491465330123901,0.7602179050445557,0.6206049919128418
item0,2014-02-28T00:00:00,0.5484277009963989,0.7588827610015869,0.6207060813903809
item0,2014-03-31T00:00:00,0.5392105579376221,0.7476714253425598,0.6063433289527893
item0,2014-04-30T00:00:00,0.5292034149169922,0.7454859614372253,0.5883079767227173
item0,2014-05-31T00:00:00,0.5271742343902588,0.7478588819503784,0.5768693089485168
item0,2014-06-30T00:00:00,0.531832754611969,0.7657688856124878,0.579796314239502
item0,2014-07-31T00:00:00,0.544858992099762,0.7919092774391174,0.5909072756767273
item0,2014-08-31T00:00:00,0.5576997399330139,0.7956765294075012,0.5914525389671326
item0,2014-09-30T00:00:00,0.567546546459198,0.8033598065376282,0.5827915072441101
item0,2014-10-31T00:00:00,0.5863181352615356,0.790865957736969,0.586829662322998
item0,2014-11-30T00:00:00,0.6102151870727539,0.7789496183395386,0.5919716358184814
item0,2014-12-31T00:00:00,0.6357683539390564,0.7778209447860718,0.5983019471168518
item0,2015-01-31T00:00:00,0.6593978404998779,0.7912524342536926,0.6098241209983826
item0,2015-02-28T00:00:00,0.6772029399871826,0.7946789264678955,0.6150033473968506
item0,2015-03-31T00:00:00,0.67591792345047,0.7752394676208496,0.6167498230934143
item0,2015-04-30T00:00:00,0.6587604880332947,0.7720329165458679,0.610153079032898
item0,2015-05-31T00:00:00,0.646100640296936,0.7779491543769836,0.6066496968269348
item0,2015-06-30T00:00:00,0.6300775408744812,0.7969872951507568,0.6029330492019653
item0,2015-07-31T00:00:00,0.6230168342590332,0.828264057636261,0.6029300093650818
item0,2015-08-31T00:00:00,0.6183215975761414,0.859339714050293,0.5966007709503174
item0,2015-09-30T00:00:00,0.620232105255127,0.8724455833435059,0.5942902565002441
item0,2015-10-31T00:00:00,0.618124783039093,0.8772721886634827,0.5899581909179688
item0,2015-11-30T00:00:00,0.6269998550415039,0.8706514835357666,0.5898907780647278
item0,2015-12-31T00:00:00,0.6478280425071716,0.8858214616775513,0.5914551019668579
item0,2016-01-31T00:00:00,0.6420527696609497,0.8961083889007568,0.5982846021652222
item0,2016-02-29T00:00:00,0.6352214813232422,0.8618084788322449,0.6039898991584778
item0,2016-03-31T00:00:00,0.6276925802230835,0.8473964929580688,0.6001714468002319
item0,2016-04-30T00:00:00,0.6050013303756714,0.806982696056366,0.5906503796577454
item0,2016-05-31T00:00:00,0.5892931818962097,0.782403826713562,0.5839220285415649
item0,2016-06-30T00:00:00,0.5824744701385498,0.7732376456260681,0.5783642530441284
item0,2016-07-31T00:00:00,0.5795485377311707,0.7746912837028503,0.5693949460983276
item0,2016-08-31T00:00:00,0.5746417045593262,0.7701029777526855,0.5632070302963257
item0,2016-09-30T00:00:00,0.5711190700531006,0.778368353843689,0.5615677237510681
item0,2016-10-31T00:00:00,0.5763562321662903,0.8014984726905823,0.5684971809387207
item0,2016-11-30T00:00:00,0.5881617069244385,0.814535915851593,0.5779548287391663
item0,2016-12-31T00:00:00,0.5940266251564026,0.7592607140541077,0.581748366355896
item0,2017-01-31T00:00:00,0.588637113571167,0.7229034900665283,0.5785931348800659
item0,2017-02-28T00:00:00,0.5821740627288818,0.6971251964569092,0.5820587277412415
item0,2017-03-31T00:00:00,0.5792960524559021,0.6801733374595642,0.5812082886695862
item0,2017-04-30T00:00:00,0.5797394514083862,0.6720771193504333,0.5875614881515503
item0,2017-05-31T00:00:00,0.5788909792900085,0.6739789843559265,0.587857723236084
item0,2017-06-30T00:00:00,0.5730373859405518,0.6741190552711487,0.5860066413879395
item0,2017-07-31T00:00:00,0.5724507570266724,0.6777347922325134,0.5868792533874512
item0,2017-08-31T00:00:00,0.5783435106277466,0.6902784109115601,0.5900813341140747
item0,2017-09-30T00:00:00,0.5853585600852966,0.7062767148017883,0.595124363899231
item0,2017-10-31T00:00:00,0.5861520171165466,0.7021170854568481,0.5994288921356201
item0,2017-11-30T00:00:00,0.5759947299957275,0.7061845660209656,0.5860274434089661
item0,2017-12-31T00:00:00,0.5756800770759583,0.7142446637153625,0.5889549851417542
item0,2018-01-31T00:00:00,0.5825679898262024,0.7348683476448059,0.6000585556030273
item0,2018-02-28T00:00:00,0.5868048667907715,0.7552023530006409,0.6078028678894043
item0,2018-03-31T00:00:00,0.5799029469490051,0.7534598708152771,0.6000949144363403
item0,2018-04-30T00:00:00,0.5833277106285095,0.7642002701759338,0.6127850413322449
item0,2018-05-31T00:00:00,0.5876427292823792,0.7876242399215698,0.6271079182624817
item0,2018-06-30T00:00:00,0.5761622190475464,0.803499698638916,0.6126559376716614
item0,2018-07-31T00:00:00,0.5669068098068237,0.8366750478744507,0.602017343044281
item0,2018-08-31T00:00:00,0.5617420077323914,0.884793758392334,0.592225193977356
item0,2018-09-30T00:00:00,0.5628855228424072,0.9464159607887268,0.5868785381317139
item0,2018-10-31T00:00:00,0.5733582973480225,1.035123586654663,0.5900243520736694
item0,2018-11-30T00:00:00,0.5914406776428223,1.0682183504104614,0.6007387638092041
item0,2018-12-31T00:00:00,0.6119638681411743,1.133590817451477,0.6205719709396362
item0,2019-01-31T00:00:00,0.6143917441368103,1.1152204275131226,0.6246417164802551
item0,2019-02-28T00:00:00,0.6092767119407654,1.0594960451126099,0.6160653233528137
item0,2019-03-31T00:00:00,0.606955349445343,1.0366177558898926,0.6155626773834229
item0,2019-04-30T00:00:00,0.6187222003936768,1.034921646118164,0.628371000289917
item0,2019-05-31T00:00:00,0.6188422441482544,1.0578378438949585,0.6256057620048523
item0,2019-06-30T00:00:00,0.6221258044242859,1.0438283681869507,0.6284840106964111
item0,2019-07-31T00:00:00,0.6285135746002197,1.0176297426223755,0.6396197080612183
item0,2019-08-31T00:00:00,0.6420629024505615,1.0202038288116455,0.6548540592193604
item0,2019-09-30T00:00:00,0.6581442356109619,1.008673906326294,0.6753168106079102
item0,2019-10-31T00:00:00,0.6871753931045532,1.0141067504882812,0.7092939615249634
item0,2019-11-30T00:00:00,0.7254543900489807,1.0467782020568848,0.757295548915863
item0,2019-12-31T00:00:00,0.7771983742713928,1.1035575866699219,0.8103649020195007
item0,2020-01-31T00:00:00,0.8576668500900269,1.1945650577545166,0.8962007761001587
item0,2020-02-29T00:00:00,0.9679312109947205,1.3166154623031616,1.017696499824524
item0,2020-03-31T00:00:00,1.1641554832458496,1.443316102027893,1.2455096244812012
item0,2020-04-30T00:00:00,1.2112699747085571,1.3467488288879395,1.318355917930603
item0,2020-05-31T00:00:00,1.2365856170654297,1.2276173830032349,1.4019824266433716
item0,2020-06-30T00:00:00,1.1869357824325562,1.1511154174804688,1.3472117185592651
item0,2020-07-31T00:00:00,1.1087031364440918,1.1147319078445435,1.2432760000228882
item0,2020-08-31T00:00:00,1.0317699909210205,1.1027204990386963,1.16118586063385
item0,2020-09-30T00:00:00,0.9527487754821777,1.1063672304153442,1.0793222188949585
item0,2020-10-31T00:00:00,0.8952592611312866,1.1180366277694702,1.017028570175171
item0,2020-11-30T00:00:00,0.8646959662437439,1.157558560371399,0.9809929132461548
item0,2020-12-31T00:00:00,0.8538206219673157,1.0994013547897339,0.9749181270599365
item0,2021-01-31T00:00:00,0.8578211069107056,1.0735223293304443,0.9894895553588867
item0,2021-02-28T00:00:00,0.888593316078186,1.0624223947525024,1.0427216291427612
item0,2021-03-31T00:00:00,0.8870448470115662,1.013343334197998,1.0398190021514893
item0,2021-04-30T00:00:00,0.8443405032157898,0.9767845869064331,0.9549382925033569
item0,2021-05-31T00:00:00,0.821392834186554,0.9506080746650696,0.9091170430183411
item0,2021-06-30T00:00:00,0.8038520216941833,0.9378859400749207,0.8679547309875488
item0,2021-07-31T00:00:00,0.7881788611412048,0.9344950914382935,0.8585903644561768
item0,2021-08-31T00:00:00,0.7778608202934265,0.9440069198608398,0.849097490310669
item0,2021-09-30T00:00:00,0.7858904600143433,0.9741330146789551,0.8627686500549316
item0,2021-10-31T00:00:00,0.7732418179512024,0.9763800501823425,0.8257722854614258
item0,2021-11-30T00:00:00,0.7661191821098328,0.9924954175949097,0.8110547661781311
item0,2021-12-31T00:00:00,0.7779195308685303,1.0165183544158936,0.8101661801338196
item0,2022-01-31T00:00:00,0.8041611313819885,1.0576634407043457,0.8205417990684509
item0,2022-02-28T00:00:00,0.8090929388999939,1.0310020446777344,0.8087749481201172
item0,2022-03-31T00:00:00,0.8153235912322998,1.029923677444458,0.7961792945861816
item0,2022-04-30T00:00:00,0.8243613839149475,1.055753231048584,0.7906614542007446
item0,2022-05-31T00:00:00,0.8261553645133972,1.0836824178695679,0.774967610836029
item0,2022-06-30T00:00:00,0.836695671081543,1.141573190689087,0.777174711227417
item0,2022-07-31T00:00:00,0.8492621183395386,1.152007818222046,0.7703542113304138
item0,2022-08-31T00:00:00,0.8109868764877319,1.152906894683838,0.7339298725128174
item0,2022-09-30T00:00:00,0.7916325330734253,1.1757758855819702,0.7126637697219849
item0,2022-10-31T00:00:00,0.7765090465545654,1.164570927619934,0.7091073989868164
item0,2022-11-30T00:00:00,0.7765936255455017,1.125533938407898,0.7255736589431763
item0,2022-12-31T00:00:00,0.7811779379844666,1.114145040512085,0.746115505695343
item0,2023-01-31T00:00:00,0.7752897143363953,1.1050176620483398,0.7439936995506287
item0,2023-02-28T00:00:00,0.7440441846847534,1.0607991218566895,0.7114652395248413
item0,2023-03-31T00:00:00,0.7282394766807556,1.0353769063949585,0.6913895010948181
item0,2023-04-30T00:00:00,0.7105690240859985,1.011993646621704,0.6733253598213196
item0,2023-05-31T00:00:00,0.6951398849487305,1.0134172439575195,0.6627917289733887
item0,2023-06-30T00:00:00,0.6827653646469116,1.0231047868728638,0.6536661982536316
item0,2023-07-31T00:00:00,0.6689176559448242,1.015581727027893,0.640590488910675
item0,2023-08-31T00:00:00,0.6677758097648621,1.02385675907135,0.639356255531311
item0,2023-09-30T00:00:00,0.6596309542655945,1.0334993600845337,0.6485165357589722
item0,2023-10-31T00:00:00,0.6645500063896179,1.0437203645706177,0.6700438857078552
item0,2023-11-30T00:00:00,0.662645161151886,1.0551327466964722,0.678735613822937
item0,2023-12-31T00:00:00,0.6570885181427002,1.0435900688171387,0.6825507283210754
item0,2024-01-31T00:00:00,0.6624355912208557,1.0096837282180786,0.6967105269432068
item0,2024-02-29T00:00:00,0.6470321416854858,0.9895408749580383,0.6799413561820984
item0,2024-03-31T00:00:00,0.6265584826469421,0.9750196933746338,0.6504150032997131
item0,2024-04-30T00:00:00,0.6173892021179199,0.9776224493980408,0.6352624893188477
item0,2024-05-31T00:00:00,0.6119587421417236,0.961487352848053,0.6254440546035767
item0,2024-06-30T00:00:00,0.6026223301887512,0.9575434327125549,0.619373619556427
item0,2024-07-31T00:00:00,0.6030363440513611,0.966351330280304,0.6194683909416199
item0,2024-08-31T00:00:00,0.6042419672012329,0.9468507170677185,0.6150403022766113
item0,2024-09-30T00:00:00,0.6061899065971375,0.942779541015625,0.6143847107887268
item0,2024-10-31T00:00:00,0.6148595213890076,0.9626786112785339,0.6274413466453552
item0,2024-11-30T00:00:00,0.6191728711128235,1.006040096282959,0.6326515674591064
item0,2024-12-31T00:00:00,0.6328098177909851,1.0165932178497314,0.6392164826393127
item0,2025-01-31T00:00:00,0.6443121433258057,0.9909112453460693,0.6575894355773926
item0,2025-02-28T00:00:00,0.6530076861381531,0.9810535311698914,0.6630656123161316
item0,2025-03-31T00:00:00,0.6619555950164795,0.9660943746566772,0.655997097492218
item0,2025-04-30T00:00:00,0.6486255526542664,0.9408669471740723,0.6438822746276855
item0,2025-05-31T00:00:00,0.6402596235275269,0.9258317947387695,0.6441245079040527
item0,2025-06-30T00:00:00,0.6290217638015747,0.9120341539382935,0.6337743997573853
