item_id,timestamp,CivilianLaborForceLevel,LaborForceParticipationRate,LaborForceParticipationRate-Men,LaborForceParticipationRate-Women,EmploymentLevel,Employment-PopulationRatio,UnemploymentLevel,UnemploymentRate,NotinLaborForce,MultipleJobholders,AverageWeeksUnemployed,NewEntrantsasaPercentofTotalUnemployed,LaborForceFlowsUnemployedtoEmployed,LaborForceFlowsEmployedtoUnemployed
item0,1994-01-31T00:00:00,129393.0,66.0,75.30000305175781,58.70000076293945,119901.0,61.20000076293945,8630.0,7.300000190734863,66561.0,6756.0,18.600000381469727,5.599999904632568,1586.0,2662.0
item0,1994-02-28T00:00:00,129764.0,66.19999694824219,75.0999984741211,58.79999923706055,120503.0,61.5,8583.0,7.099999904632568,66325.0,7026.0,19.0,5.800000190734863,2238.0,1727.0
item0,1994-03-31T00:00:00,129718.0,66.0999984741211,74.9000015258789,58.70000076293945,120844.0,61.599998474121094,8470.0,6.800000190734863,66495.0,7176.0,19.0,5.900000095367432,2225.0,1675.0
item0,1994-04-30T00:00:00,129682.0,66.0,74.9000015258789,58.79999923706055,121604.0,61.900001525878906,8331.0,6.199999809265137,66681.0,7300.0,19.0,7.5,2525.0,1775.0
item0,1994-05-31T00:00:00,130602.0,66.5,74.80000305175781,58.900001525878906,122946.0,62.599998474121094,7915.0,5.900000095367432,65908.0,7316.0,19.5,8.600000381469727,2262.0,1523.0
item0,1994-06-30T00:00:00,132115.0,67.19999694824219,74.69999694824219,58.70000076293945,123864.0,63.0,7927.0,6.199999809265137,64578.0,7110.0,18.799999237060547,10.600000381469727,2152.0,2028.0
item0,1994-07-31T00:00:00,132783.0,67.5,74.80000305175781,58.599998474121094,124503.0,63.20000076293945,7946.0,6.199999809265137,64076.0,7172.0,19.0,10.600000381469727,2402.0,1937.0
item0,1994-08-31T00:00:00,132361.0,67.19999694824219,75.0,58.900001525878906,124493.0,63.20000076293945,7933.0,5.900000095367432,64682.0,7079.0,18.799999237060547,8.399999618530273,2298.0,1838.0
item0,1994-09-30T00:00:00,131155.0,66.5,75.0,58.900001525878906,123775.0,62.79999923706055,7734.0,5.599999904632568,66093.0,7525.0,18.700000762939453,7.400000095367432,2525.0,1917.0
item0,1994-10-31T00:00:00,131879.0,66.80000305175781,75.19999694824219,58.900001525878906,124724.0,63.20000076293945,7632.0,5.400000095367432,65550.0,7648.0,19.299999237060547,7.900000095367432,2021.0,1415.0
item0,1994-11-30T00:00:00,131869.0,66.69999694824219,75.19999694824219,58.900001525878906,124896.0,63.20000076293945,7375.0,5.300000190734863,65738.0,7475.0,18.0,7.0,1817.0,1761.0
item0,1994-12-31T00:00:00,131418.0,66.5,75.4000015258789,58.70000076293945,124729.0,63.099998474121094,7230.0,5.099999904632568,66347.0,7539.0,17.799999237060547,5.699999809265137,1816.0,1732.0
item0,1995-01-31T00:00:00,130698.0,66.0999984741211,75.4000015258789,58.79999923706055,122597.0,62.0,7375.0,6.199999809265137,67055.0,7156.0,17.100000381469727,6.0,1523.0,2698.0
item0,1995-02-28T00:00:00,131028.0,66.19999694824219,75.4000015258789,58.79999923706055,123343.0,62.29999923706055,7187.0,5.900000095367432,66857.0,7740.0,17.0,6.300000190734863,2393.0,1761.0
item0,1995-03-31T00:00:00,131423.0,66.4000015258789,75.30000305175781,58.79999923706055,123943.0,62.599998474121094,7153.0,5.699999809265137,66584.0,7610.0,17.299999237060547,6.800000190734863,2025.0,1679.0
item0,1995-04-30T00:00:00,131657.0,66.4000015258789,75.30000305175781,59.20000076293945,124278.0,62.70000076293945,7645.0,5.599999904632568,66492.0,7710.0,17.600000381469727,7.800000190734863,2099.0,1630.0
item0,1995-05-31T00:00:00,131739.0,66.4000015258789,74.9000015258789,58.79999923706055,124554.0,62.79999923706055,7430.0,5.5,66547.0,7952.0,17.0,7.900000095367432,2076.0,1543.0
item0,1995-06-30T00:00:00,133447.0,67.19999694824219,75.0,58.70000076293945,125720.0,63.400001525878906,7427.0,5.800000190734863,65005.0,7853.0,15.899999618530273,11.800000190734863,2210.0,2044.0
item0,1995-07-31T00:00:00,134440.0,67.69999694824219,74.9000015258789,59.099998474121094,126548.0,63.70000076293945,7527.0,5.900000095367432,64175.0,7779.0,16.5,10.600000381469727,2277.0,1891.0
item0,1995-08-31T00:00:00,133383.0,67.0999984741211,74.80000305175781,59.0,125926.0,63.29999923706055,7484.0,5.599999904632568,65418.0,7565.0,16.200000762939453,8.199999809265137,2282.0,1926.0
item0,1995-09-30T00:00:00,132341.0,66.5,75.0,59.0,125173.0,62.900001525878906,7478.0,5.400000095367432,66664.0,7666.0,16.200000762939453,7.699999809265137,2427.0,2017.0
item0,1995-10-31T00:00:00,132863.0,66.69999694824219,74.69999694824219,59.20000076293945,125979.0,63.20000076293945,7328.0,5.199999809265137,66329.0,7970.0,16.0,7.099999904632568,2164.0,1691.0
item0,1995-11-30T00:00:00,132622.0,66.5,74.5999984741211,59.099998474121094,125599.0,63.0,7426.0,5.300000190734863,66733.0,7617.0,16.399999618530273,6.800000190734863,1937.0,1930.0
item0,1995-12-31T00:00:00,132008.0,66.19999694824219,74.5999984741211,58.900001525878906,125136.0,62.70000076293945,7423.0,5.199999809265137,67500.0,7700.0,16.299999237060547,6.5,1452.0,1515.0
item0,1996-01-31T00:00:00,131396.0,65.80000305175781,74.5999984741211,58.900001525878906,123126.0,61.70000076293945,7491.0,6.300000190734863,68238.0,7127.0,16.100000381469727,6.5,1524.0,2596.0
item0,1996-02-29T00:00:00,131995.0,66.0999984741211,74.9000015258789,58.900001525878906,124137.0,62.099998474121094,7313.0,6.0,67777.0,7861.0,16.399999618530273,6.599999904632568,2376.0,1789.0
item0,1996-03-31T00:00:00,132692.0,66.4000015258789,74.9000015258789,59.0,124992.0,62.5,7318.0,5.800000190734863,67229.0,7905.0,17.299999237060547,6.599999904632568,2078.0,1581.0
item0,1996-04-30T00:00:00,132513.0,66.19999694824219,74.9000015258789,59.099998474121094,125388.0,62.70000076293945,7415.0,5.400000095367432,67589.0,7500.0,17.600000381469727,7.400000095367432,2051.0,1497.0
item0,1996-05-31T00:00:00,133558.0,66.69999694824219,75.0,59.099998474121094,126391.0,63.099998474121094,7423.0,5.400000095367432,66721.0,7846.0,17.0,7.599999904632568,2224.0,1741.0
item0,1996-06-30T00:00:00,135083.0,67.4000015258789,75.0,59.0,127706.0,63.70000076293945,7095.0,5.5,65376.0,7692.0,17.600000381469727,12.0,1996.0,1707.0
item0,1996-07-31T00:00:00,136272.0,67.9000015258789,75.19999694824219,59.29999923706055,128579.0,64.0999984741211,7337.0,5.599999904632568,64369.0,7642.0,16.700000762939453,11.5,2178.0,1822.0
item0,1996-08-31T00:00:00,135011.0,67.19999694824219,74.80000305175781,59.29999923706055,128143.0,63.79999923706055,6882.0,5.099999904632568,65836.0,7525.0,17.299999237060547,8.300000190734863,2427.0,1753.0
item0,1996-09-30T00:00:00,134230.0,66.80000305175781,75.0,59.5,127529.0,63.400001525878906,6979.0,5.0,66831.0,7808.0,16.799999237060547,7.5,2076.0,1795.0
item0,1996-10-31T00:00:00,135015.0,67.0999984741211,75.0999984741211,59.599998474121094,128439.0,63.79999923706055,7031.0,4.900000095367432,66258.0,8369.0,16.299999237060547,7.699999809265137,2069.0,1481.0
item0,1996-11-30T00:00:00,134973.0,67.0,74.9000015258789,59.79999923706055,128157.0,63.599998474121094,7236.0,5.0,66489.0,8494.0,15.899999618530273,7.099999904632568,1922.0,1977.0
item0,1996-12-31T00:00:00,134583.0,66.69999694824219,74.80000305175781,59.79999923706055,127903.0,63.400001525878906,7253.0,5.0,67053.0,8219.0,15.600000381469727,7.300000190734863,1497.0,1468.0
item0,1997-01-31T00:00:00,134317.0,66.4000015258789,74.9000015258789,59.599998474121094,126384.0,62.5,7158.0,5.900000095367432,67968.0,7572.0,16.0,6.599999904632568,1674.0,2601.0
item0,1997-02-28T00:00:00,134535.0,66.5,74.9000015258789,59.5,126887.0,62.70000076293945,7102.0,5.699999809265137,67854.0,7869.0,15.800000190734863,7.400000095367432,2212.0,1662.0
item0,1997-03-31T00:00:00,135524.0,66.9000015258789,75.0,59.79999923706055,128125.0,63.29999923706055,7000.0,5.5,66989.0,7862.0,15.5,7.699999809265137,2120.0,1472.0
item0,1997-04-30T00:00:00,135181.0,66.69999694824219,75.0999984741211,59.70000076293945,128629.0,63.5,6873.0,4.800000190734863,67494.0,7874.0,15.600000381469727,8.199999809265137,2067.0,1487.0
item0,1997-05-31T00:00:00,135963.0,67.0,75.0,59.79999923706055,129565.0,63.900001525878906,6655.0,4.699999809265137,66870.0,8197.0,15.399999618530273,8.899999618530273,2258.0,1647.0
item0,1997-06-30T00:00:00,137557.0,67.80000305175781,75.0,59.70000076293945,130463.0,64.30000305175781,6799.0,5.199999809265137,65443.0,8214.0,15.5,11.5,1969.0,1826.0
item0,1997-07-31T00:00:00,138331.0,68.0999984741211,75.0,60.0,131350.0,64.69999694824219,6655.0,5.0,64835.0,8053.0,16.399999618530273,11.899999618530273,2230.0,1728.0
item0,1997-08-31T00:00:00,137460.0,67.5999984741211,75.0,59.900001525878906,130865.0,64.4000015258789,6608.0,4.800000190734863,65904.0,7583.0,16.0,8.5,2152.0,1627.0
item0,1997-09-30T00:00:00,136375.0,67.0,74.9000015258789,60.0,129972.0,63.79999923706055,6656.0,4.699999809265137,67195.0,7838.0,15.899999618530273,7.800000190734863,1882.0,1652.0
item0,1997-10-31T00:00:00,136665.0,67.0999984741211,74.9000015258789,59.79999923706055,130671.0,64.0999984741211,6454.0,4.400000095367432,67102.0,8139.0,16.100000381469727,7.900000095367432,2192.0,1669.0
item0,1997-11-30T00:00:00,136912.0,67.0999984741211,75.0999984741211,59.79999923706055,130999.0,64.19999694824219,6308.0,4.300000190734863,67029.0,8156.0,15.399999618530273,7.699999809265137,1665.0,1513.0
item0,1997-12-31T00:00:00,136742.0,67.0,74.9000015258789,60.099998474121094,130785.0,64.0999984741211,6476.0,4.400000095367432,67356.0,8108.0,15.899999618530273,7.099999904632568,1610.0,1784.0
item0,1998-01-31T00:00:00,135951.0,66.5999984741211,74.9000015258789,59.900001525878906,128882.0,63.099998474121094,6368.0,5.199999809265137,68287.0,7702.0,15.600000381469727,6.300000190734863,1428.0,2363.0
item0,1998-02-28T00:00:00,136286.0,66.69999694824219,74.80000305175781,59.900001525878906,129482.0,63.29999923706055,6306.0,5.0,68115.0,7877.0,15.399999618530273,7.199999809265137,2066.0,1626.0
item0,1998-03-31T00:00:00,136967.0,67.0,74.80000305175781,59.900001525878906,130150.0,63.599998474121094,6422.0,5.0,67580.0,7987.0,14.5,7.400000095367432,1886.0,1604.0
item0,1998-04-30T00:00:00,136379.0,66.5999984741211,74.80000305175781,59.70000076293945,130735.0,63.900001525878906,5941.0,4.099999904632568,68352.0,7930.0,14.699999809265137,8.5,2356.0,1494.0
item0,1998-05-31T00:00:00,137240.0,67.0,74.9000015258789,59.70000076293945,131476.0,64.19999694824219,6047.0,4.199999809265137,67659.0,8126.0,14.699999809265137,8.399999618530273,1735.0,1462.0
item0,1998-06-30T00:00:00,138798.0,67.69999694824219,74.9000015258789,59.70000076293945,132265.0,64.5,6212.0,4.699999809265137,66287.0,7712.0,14.100000381469727,12.699999809265137,1847.0,1612.0
item0,1998-07-31T00:00:00,139336.0,67.9000015258789,75.0,59.70000076293945,132769.0,64.69999694824219,6259.0,4.699999809265137,65934.0,7643.0,14.100000381469727,11.100000381469727,2250.0,1960.0
item0,1998-08-31T00:00:00,138379.0,67.30000305175781,74.5999984741211,59.79999923706055,132206.0,64.30000305175781,6179.0,4.5,67100.0,7462.0,13.699999809265137,8.199999809265137,2024.0,1650.0
item0,1998-09-30T00:00:00,137903.0,67.0,75.0,60.0,131864.0,64.0999984741211,6300.0,4.400000095367432,67796.0,7906.0,14.399999618530273,7.099999904632568,2013.0,1673.0
item0,1998-10-31T00:00:00,138255.0,67.0999984741211,74.9000015258789,60.0,132424.0,64.30000305175781,6280.0,4.199999809265137,67664.0,8234.0,14.100000381469727,8.699999809265137,2108.0,1649.0
item0,1998-11-30T00:00:00,138288.0,67.0999984741211,75.0,59.900001525878906,132577.0,64.30000305175781,6100.0,4.099999904632568,67816.0,8307.0,14.5,7.800000190734863,1702.0,1531.0
item0,1998-12-31T00:00:00,138297.0,67.0,74.9000015258789,60.0,132732.0,64.30000305175781,6032.0,4.0,67973.0,8220.0,14.0,6.900000095367432,1490.0,1639.0
item0,1999-01-31T00:00:00,137943.0,66.69999694824219,75.0,60.099998474121094,131339.0,63.5,5976.0,4.800000190734863,68776.0,7897.0,13.399999618530273,7.0,1434.0,2216.0
item0,1999-02-28T00:00:00,138202.0,66.80000305175781,74.9000015258789,60.0,131639.0,63.599998474121094,6111.0,4.699999809265137,68671.0,8044.0,13.800000190734863,7.099999904632568,1966.0,1623.0
item0,1999-03-31T00:00:00,138418.0,66.9000015258789,74.69999694824219,59.900001525878906,132299.0,63.900001525878906,5783.0,4.400000095367432,68618.0,8027.0,13.399999618530273,6.5,2015.0,1406.0
item0,1999-04-30T00:00:00,138240.0,66.69999694824219,74.5999984741211,60.099998474121094,132552.0,64.0,6004.0,4.099999904632568,68996.0,7648.0,13.300000190734863,7.5,1960.0,1589.0
item0,1999-05-31T00:00:00,138919.0,67.0,74.80000305175781,59.900001525878906,133411.0,64.30000305175781,5796.0,4.0,68508.0,7895.0,13.399999618530273,7.199999809265137,1820.0,1509.0
item0,1999-06-30T00:00:00,140666.0,67.69999694824219,74.69999694824219,60.099998474121094,134395.0,64.69999694824219,5951.0,4.5,66966.0,7492.0,14.300000190734863,10.600000381469727,1793.0,1599.0
item0,1999-07-31T00:00:00,141119.0,67.9000015258789,74.69999694824219,60.0,134800.0,64.9000015258789,6025.0,4.5,66709.0,7636.0,13.600000381469727,10.600000381469727,2171.0,1828.0
item0,1999-08-31T00:00:00,140090.0,67.30000305175781,74.5999984741211,60.0,134264.0,64.5,5838.0,4.199999809265137,67948.0,7298.0,13.100000381469727,8.199999809265137,2022.0,1602.0
item0,1999-09-30T00:00:00,139217.0,66.80000305175781,74.5999984741211,60.0,133555.0,64.0999984741211,5915.0,4.099999904632568,69048.0,7584.0,13.100000381469727,8.199999809265137,2201.0,1539.0
item0,1999-10-31T00:00:00,139761.0,67.0,74.5999984741211,60.099998474121094,134390.0,64.5,5778.0,3.799999952316284,68722.0,8014.0,13.300000190734863,8.699999809265137,1766.0,1446.0
item0,1999-11-30T00:00:00,139895.0,67.0,74.5999984741211,60.20000076293945,134515.0,64.5,5716.0,3.799999952316284,68771.0,8057.0,12.899999618530273,7.699999809265137,1760.0,1529.0
item0,1999-12-31T00:00:00,139941.0,67.0,74.80000305175781,60.099998474121094,134696.0,64.5,5653.0,3.700000047683716,68891.0,8037.0,12.899999618530273,6.300000190734863,1587.0,1486.0
item0,2000-01-31T00:00:00,141228.0,66.80000305175781,75.0999984741211,60.099998474121094,134912.0,63.79999923706055,5708.0,4.5,70182.0,7704.0,13.100000381469727,5.400000095367432,1631.0,2241.0
item0,2000-02-29T00:00:00,141775.0,67.0,75.30000305175781,60.0,135490.0,64.0,5858.0,4.400000095367432,69801.0,7784.0,12.600000381469727,5.800000190734863,1862.0,1551.0
item0,2000-03-31T00:00:00,142123.0,67.0999984741211,75.0,60.099998474121094,136054.0,64.19999694824219,5733.0,4.300000190734863,69649.0,7759.0,12.699999809265137,6.400000095367432,2050.0,1610.0
item0,2000-04-30T00:00:00,142138.0,67.0,74.9000015258789,60.29999923706055,136927.0,64.5999984741211,5481.0,3.700000047683716,69879.0,7785.0,12.399999618530273,7.0,2011.0,1290.0
item0,2000-05-31T00:00:00,142144.0,67.0,74.80000305175781,60.0,136685.0,64.4000015258789,5758.0,3.799999952316284,70097.0,7751.0,12.600000381469727,8.300000190734863,1612.0,1504.0
item0,2000-06-30T00:00:00,143874.0,67.69999694824219,74.80000305175781,60.0,137915.0,64.9000015258789,5651.0,4.099999904632568,68592.0,7336.0,12.300000190734863,10.800000190734863,1978.0,1757.0
item0,2000-07-31T00:00:00,143797.0,67.5999984741211,74.5,59.900001525878906,137769.0,64.80000305175781,5747.0,4.199999809265137,68880.0,7589.0,13.399999618530273,10.300000190734863,1894.0,1781.0
item0,2000-08-31T00:00:00,143171.0,67.19999694824219,74.80000305175781,59.599998474121094,137308.0,64.5,5853.0,4.099999904632568,69744.0,7127.0,12.899999618530273,9.0,1927.0,1742.0
item0,2000-09-30T00:00:00,142149.0,66.69999694824219,74.5999984741211,59.79999923706055,136790.0,64.19999694824219,5625.0,3.799999952316284,71014.0,7522.0,12.199999809265137,7.199999809265137,2241.0,1653.0
item0,2000-10-31T00:00:00,142685.0,66.9000015258789,74.5,59.70000076293945,137532.0,64.4000015258789,5534.0,3.5999999046325684,70720.0,7599.0,12.699999809265137,7.099999904632568,1830.0,1414.0
item0,2000-11-30T00:00:00,142797.0,66.9000015258789,74.5999984741211,59.900001525878906,137461.0,64.4000015258789,5639.0,3.700000047683716,70744.0,7505.0,12.399999618530273,7.199999809265137,1687.0,1623.0
item0,2000-12-31T00:00:00,143110.0,67.0,74.69999694824219,59.900001525878906,137846.0,64.5,5634.0,3.700000047683716,70627.0,7791.0,12.5,7.099999904632568,1348.0,1287.0
item0,2001-01-31T00:00:00,142828.0,66.80000305175781,75.0,60.099998474121094,136181.0,63.70000076293945,6023.0,4.699999809265137,71060.0,7195.0,12.699999809265137,5.800000190734863,1423.0,2392.0
item0,2001-02-28T00:00:00,143100.0,66.80000305175781,74.80000305175781,60.0,136577.0,63.79999923706055,6089.0,4.599999904632568,71010.0,7651.0,12.800000190734863,5.099999904632568,2158.0,1853.0
item0,2001-03-31T00:00:00,143664.0,67.0,74.69999694824219,60.20000076293945,137155.0,64.0,6141.0,4.5,70641.0,7665.0,12.800000190734863,5.199999809265137,1834.0,1625.0
item0,2001-04-30T00:00:00,143026.0,66.69999694824219,74.5999984741211,59.79999923706055,137022.0,63.900001525878906,6271.0,4.199999809265137,71499.0,7340.0,12.399999618530273,6.900000095367432,1951.0,1556.0
item0,2001-05-31T00:00:00,143023.0,66.5999984741211,74.4000015258789,59.70000076293945,137121.0,63.900001525878906,6226.0,4.099999904632568,71709.0,7540.0,12.100000381469727,7.800000190734863,1983.0,1616.0
item0,2001-06-30T00:00:00,144553.0,67.19999694824219,74.30000305175781,59.70000076293945,137737.0,64.0999984741211,6484.0,4.699999809265137,70397.0,7377.0,12.699999809265137,10.300000190734863,2008.0,2072.0
item0,2001-07-31T00:00:00,145097.0,67.4000015258789,74.4000015258789,59.70000076293945,138239.0,64.19999694824219,6583.0,4.699999809265137,70083.0,7500.0,12.899999618530273,9.300000190734863,1984.0,1866.0
item0,2001-08-31T00:00:00,143826.0,66.80000305175781,74.0999984741211,59.5,136809.0,63.5,7042.0,4.900000095367432,71594.0,7029.0,13.300000190734863,7.300000190734863,2241.0,2091.0
item0,2001-09-30T00:00:00,143601.0,66.5999984741211,74.5,59.599998474121094,136835.0,63.400001525878906,7142.0,4.699999809265137,72064.0,7325.0,13.199999809265137,6.5,2208.0,1668.0
item0,2001-10-31T00:00:00,144060.0,66.69999694824219,74.4000015258789,59.70000076293945,136885.0,63.400001525878906,7694.0,5.0,71843.0,7176.0,13.300000190734863,6.099999904632568,1856.0,1870.0
item0,2001-11-30T00:00:00,143987.0,66.5999984741211,74.30000305175781,59.79999923706055,136370.0,63.099998474121094,8003.0,5.300000190734863,72130.0,7152.0,14.300000190734863,6.0,2034.0,2288.0
item0,2001-12-31T00:00:00,144042.0,66.5999984741211,74.30000305175781,59.70000076293945,136269.0,63.0,8258.0,5.400000095367432,72273.0,7336.0,14.5,5.099999904632568,1752.0,1743.0
item0,2002-01-31T00:00:00,143228.0,66.19999694824219,74.0,59.5,134177.0,62.0,8182.0,6.300000190734863,73278.0,7018.0,14.699999809265137,4.699999809265137,1662.0,2838.0
item0,2002-02-28T00:00:00,144266.0,66.5999984741211,74.19999694824219,59.900001525878906,135443.0,62.5,8215.0,6.099999904632568,72397.0,7463.0,15.0,4.800000190734863,2710.0,2093.0
item0,2002-03-31T00:00:00,144334.0,66.5999984741211,74.0999984741211,59.70000076293945,135558.0,62.5,8304.0,6.099999904632568,72490.0,7466.0,15.399999618530273,5.5,2178.0,1724.0
item0,2002-04-30T00:00:00,144158.0,66.4000015258789,74.19999694824219,59.70000076293945,135903.0,62.599998474121094,8599.0,5.699999809265137,72848.0,7336.0,16.299999237060547,5.800000190734863,2229.0,1683.0
item0,2002-05-31T00:00:00,144527.0,66.5,74.5,59.599998474121094,136559.0,62.900001525878906,8399.0,5.5,72671.0,7247.0,16.799999237060547,6.199999809265137,2287.0,1749.0
item0,2002-06-30T00:00:00,145940.0,67.0999984741211,74.19999694824219,59.599998474121094,137181.0,63.099998474121094,8393.0,6.0,71468.0,7305.0,16.899999618530273,9.399999618530273,1882.0,2018.0
item0,2002-07-31T00:00:00,146189.0,67.19999694824219,74.0999984741211,59.5,137495.0,63.20000076293945,8390.0,5.900000095367432,71441.0,7247.0,16.899999618530273,8.899999618530273,2074.0,1985.0
item0,2002-08-31T00:00:00,145565.0,66.80000305175781,74.0999984741211,59.599998474121094,137295.0,63.0,8304.0,5.699999809265137,72300.0,6879.0,16.5,8.0,2524.0,2072.0
item0,2002-09-30T00:00:00,145167.0,66.5999984741211,74.4000015258789,59.70000076293945,137377.0,63.0,8251.0,5.400000095367432,72940.0,7305.0,17.600000381469727,6.400000095367432,2364.0,1717.0
item0,2002-10-31T00:00:00,145320.0,66.5999984741211,74.0,59.599998474121094,137551.0,63.0,8307.0,5.300000190734863,73019.0,7320.0,17.799999237060547,5.599999904632568,1954.0,1860.0
item0,2002-11-30T00:00:00,144854.0,66.30000305175781,73.69999694824219,59.5,136684.0,62.5,8520.0,5.599999904632568,73695.0,7261.0,17.600000381469727,6.699999809265137,1845.0,2244.0
item0,2002-12-31T00:00:00,144807.0,66.19999694824219,73.5999984741211,59.5,136599.0,62.400001525878906,8640.0,5.699999809265137,73934.0,7650.0,18.5,5.0,1623.0,1688.0
item0,2003-01-31T00:00:00,145301.0,66.0999984741211,73.5,59.70000076293945,135907.0,61.79999923706055,8520.0,6.5,74596.0,7180.0,18.5,5.5,1723.0,2671.0
item0,2003-02-28T00:00:00,145693.0,66.19999694824219,73.69999694824219,59.599998474121094,136433.0,62.0,8618.0,6.400000095367432,74421.0,7620.0,18.5,5.199999809265137,2087.0,1769.0
item0,2003-03-31T00:00:00,145801.0,66.19999694824219,73.30000305175781,59.70000076293945,136783.0,62.099998474121094,8588.0,6.199999809265137,74516.0,7385.0,18.100000381469727,6.199999809265137,1986.0,1776.0
item0,2003-04-30T00:00:00,145925.0,66.19999694824219,73.5999984741211,59.70000076293945,137424.0,62.29999923706055,8842.0,5.800000190734863,74615.0,7181.0,19.399999618530273,6.800000190734863,2236.0,1658.0
item0,2003-05-31T00:00:00,146067.0,66.19999694824219,73.5999984741211,59.70000076293945,137567.0,62.29999923706055,8957.0,5.800000190734863,74701.0,7338.0,19.0,7.300000190734863,2204.0,1927.0
item0,2003-06-30T00:00:00,148117.0,67.0,73.5999984741211,59.900001525878906,138468.0,62.70000076293945,9266.0,6.5,72897.0,7313.0,19.899999618530273,10.199999809265137,1973.0,1996.0
item0,2003-07-31T00:00:00,147822.0,66.80000305175781,73.4000015258789,59.5,138503.0,62.599998474121094,9011.0,6.300000190734863,73430.0,7304.0,19.700000762939453,10.199999809265137,2185.0,1951.0
item0,2003-08-31T00:00:00,146967.0,66.30000305175781,73.30000305175781,59.5,138137.0,62.400001525878906,8896.0,6.0,74540.0,7221.0,19.200000762939453,8.0,2478.0,2171.0
item0,2003-09-30T00:00:00,146166.0,65.9000015258789,73.5999984741211,59.099998474121094,137731.0,62.099998474121094,8921.0,5.800000190734863,75612.0,7160.0,19.5,7.5,2238.0,1786.0
item0,2003-10-31T00:00:00,146787.0,66.0999984741211,73.4000015258789,59.29999923706055,138619.0,62.400001525878906,8732.0,5.599999904632568,75252.0,7515.0,19.299999237060547,7.0,2222.0,1735.0
item0,2003-11-30T00:00:00,146969.0,66.0999984741211,73.5999984741211,59.20000076293945,138700.0,62.400001525878906,8576.0,5.599999904632568,75310.0,7302.0,19.899999618530273,6.699999809265137,1790.0,1803.0
item0,2003-12-31T00:00:00,146501.0,65.80000305175781,73.5,59.0,138556.0,62.29999923706055,8317.0,5.400000095367432,76007.0,7260.0,19.799999237060547,6.800000190734863,1896.0,1756.0
item0,2004-01-31T00:00:00,146068.0,65.69999694824219,73.69999694824219,59.099998474121094,136924.0,61.599998474121094,8370.0,6.300000190734863,76093.0,7123.0,19.899999618530273,6.5,1600.0,2321.0
item0,2004-02-29T00:00:00,146154.0,65.69999694824219,73.19999694824219,59.20000076293945,137384.0,61.79999923706055,8167.0,6.0,76203.0,7235.0,20.100000381469727,6.300000190734863,2053.0,1696.0
item0,2004-03-31T00:00:00,146525.0,65.80000305175781,73.19999694824219,59.29999923706055,137691.0,61.900001525878906,8491.0,6.0,76025.0,7377.0,19.799999237060547,6.300000190734863,1913.0,1657.0
item0,2004-04-30T00:00:00,146260.0,65.69999694824219,73.0999984741211,59.20000076293945,138423.0,62.099998474121094,8170.0,5.400000095367432,76497.0,7239.0,19.600000381469727,7.5,2488.0,1603.0
item0,2004-05-31T00:00:00,146659.0,65.80000305175781,73.0999984741211,59.29999923706055,138867.0,62.29999923706055,8212.0,5.300000190734863,76308.0,7258.0,19.799999237060547,9.100000381469727,2033.0,1604.0
item0,2004-06-30T00:00:00,148478.0,66.5,73.30000305175781,59.29999923706055,139861.0,62.70000076293945,8286.0,5.800000190734863,74718.0,7361.0,20.5,11.100000381469727,1896.0,1777.0
item0,2004-07-31T00:00:00,149217.0,66.80000305175781,73.5,59.29999923706055,140700.0,63.0,8136.0,5.699999809265137,74204.0,7521.0,18.799999237060547,11.600000381469727,2488.0,2137.0
item0,2004-08-31T00:00:00,148166.0,66.19999694824219,73.4000015258789,59.0,140226.0,62.70000076293945,7990.0,5.400000095367432,75511.0,7368.0,18.799999237060547,9.600000381469727,2124.0,1858.0
item0,2004-09-30T00:00:00,147186.0,65.69999694824219,73.19999694824219,59.0,139641.0,62.400001525878906,7927.0,5.099999904632568,76755.0,7672.0,19.399999618530273,8.600000381469727,2535.0,1928.0
item0,2004-10-31T00:00:00,147978.0,66.0,73.30000305175781,59.0,140447.0,62.599998474121094,8061.0,5.099999904632568,76214.0,8034.0,19.5,8.899999618530273,2087.0,1705.0
item0,2004-11-30T00:00:00,148246.0,66.0999984741211,73.5,59.0,140581.0,62.599998474121094,7932.0,5.199999809265137,76176.0,7648.0,19.700000762939453,8.600000381469727,1842.0,1742.0
item0,2004-12-31T00:00:00,147877.0,65.80000305175781,73.19999694824219,59.099998474121094,140278.0,62.400001525878906,7934.0,5.099999904632568,76763.0,7834.0,19.399999618530273,7.199999809265137,1726.0,1727.0
item0,2005-01-31T00:00:00,147125.0,65.4000015258789,73.0,59.099998474121094,138682.0,61.70000076293945,7784.0,5.699999809265137,77712.0,7225.0,19.5,6.400000095367432,1606.0,2366.0
item0,2005-02-28T00:00:00,147649.0,65.5999984741211,73.19999694824219,59.099998474121094,139100.0,61.79999923706055,7980.0,5.800000190734863,77392.0,7667.0,19.100000381469727,7.300000190734863,2100.0,1765.0
item0,2005-03-31T00:00:00,147745.0,65.5999984741211,73.19999694824219,59.0,139759.0,62.0,7737.0,5.400000095367432,77492.0,7621.0,19.5,7.800000190734863,2069.0,1528.0
item0,2005-04-30T00:00:00,148274.0,65.80000305175781,73.4000015258789,59.20000076293945,140939.0,62.5,7672.0,4.900000095367432,77167.0,7437.0,19.600000381469727,9.300000190734863,2381.0,1546.0
item0,2005-05-31T00:00:00,148878.0,66.0,73.5,59.29999923706055,141591.0,62.70000076293945,7651.0,4.900000095367432,76792.0,7348.0,18.600000381469727,9.699999809265137,1898.0,1500.0
item0,2005-06-30T00:00:00,150327.0,66.5,73.4000015258789,59.20000076293945,142456.0,63.099998474121094,7524.0,5.199999809265137,75584.0,7667.0,17.899999618530273,12.100000381469727,2014.0,2020.0
item0,2005-07-31T00:00:00,151122.0,66.80000305175781,73.4000015258789,59.20000076293945,143283.0,63.400001525878906,7406.0,5.199999809265137,75031.0,7595.0,17.600000381469727,11.300000190734863,1981.0,1909.0
item0,2005-08-31T00:00:00,150469.0,66.5,73.5,59.29999923706055,143142.0,63.20000076293945,7345.0,4.900000095367432,75952.0,7223.0,18.399999618530273,9.300000190734863,2247.0,1740.0
item0,2005-09-30T00:00:00,149838.0,66.0999984741211,73.30000305175781,59.400001525878906,142579.0,62.900001525878906,7553.0,4.800000190734863,76855.0,7705.0,17.899999618530273,7.900000095367432,2221.0,1894.0
item0,2005-10-31T00:00:00,150304.0,66.19999694824219,73.19999694824219,59.5,143340.0,63.20000076293945,7453.0,4.599999904632568,76655.0,7813.0,17.899999618530273,8.5,1935.0,1542.0
item0,2005-11-30T00:00:00,150239.0,66.0999984741211,73.19999694824219,59.29999923706055,142968.0,62.900001525878906,7566.0,4.800000190734863,76964.0,7586.0,17.5,8.699999809265137,1770.0,1568.0
item0,2005-12-31T00:00:00,149874.0,65.9000015258789,73.19999694824219,59.20000076293945,142918.0,62.79999923706055,7279.0,4.599999904632568,77550.0,7665.0,17.5,7.199999809265137,1600.0,1661.0
item0,2006-01-31T00:00:00,149090.0,65.5,73.4000015258789,59.099998474121094,141481.0,62.20000076293945,7064.0,5.099999904632568,78463.0,7428.0,16.899999618530273,7.0,1612.0,2134.0
item0,2006-02-28T00:00:00,149686.0,65.69999694824219,73.5,59.29999923706055,141994.0,62.29999923706055,7184.0,5.099999904632568,78077.0,7437.0,17.799999237060547,7.599999904632568,2072.0,1834.0
item0,2006-03-31T00:00:00,150027.0,65.80000305175781,73.5999984741211,59.20000076293945,142772.0,62.599998474121094,7072.0,4.800000190734863,77948.0,7589.0,17.100000381469727,7.5,1994.0,1534.0
item0,2006-04-30T00:00:00,150209.0,65.80000305175781,73.5,59.20000076293945,143405.0,62.79999923706055,7120.0,4.5,77990.0,7360.0,16.700000762939453,7.599999904632568,2027.0,1618.0
item0,2006-05-31T00:00:00,150696.0,66.0,73.5,59.20000076293945,144041.0,63.099998474121094,6980.0,4.400000095367432,77732.0,7641.0,17.100000381469727,7.800000190734863,1909.0,1534.0
item0,2006-06-30T00:00:00,152557.0,66.69999694824219,73.4000015258789,59.5,145216.0,63.5,7001.0,4.800000190734863,76114.0,7285.0,16.600000381469727,12.899999618530273,2069.0,1907.0
item0,2006-07-31T00:00:00,153208.0,66.9000015258789,73.0999984741211,59.599998474121094,145606.0,63.599998474121094,7175.0,5.0,75704.0,7463.0,17.100000381469727,11.600000381469727,2060.0,2008.0
item0,2006-08-31T00:00:00,152465.0,66.5,73.4000015258789,59.5,145379.0,63.400001525878906,7091.0,4.599999904632568,76702.0,7233.0,17.100000381469727,9.899999618530273,2178.0,1678.0
item0,2006-09-30T00:00:00,151635.0,66.0999984741211,73.4000015258789,59.29999923706055,145010.0,63.20000076293945,6847.0,4.400000095367432,77785.0,7792.0,17.100000381469727,8.899999618530273,2432.0,1817.0
item0,2006-10-31T00:00:00,152397.0,66.4000015258789,73.4000015258789,59.400001525878906,146125.0,63.599998474121094,6727.0,4.099999904632568,77278.0,7865.0,16.299999237060547,8.600000381469727,1875.0,1544.0
item0,2006-11-30T00:00:00,152590.0,66.4000015258789,73.5,59.5,146014.0,63.5,6872.0,4.300000190734863,77315.0,7863.0,16.200000762939453,8.300000190734863,1674.0,1694.0
item0,2006-12-31T00:00:00,152571.0,66.30000305175781,73.69999694824219,59.5,146081.0,63.5,6762.0,4.300000190734863,77537.0,7950.0,16.100000381469727,7.300000190734863,1703.0,1804.0
item0,2007-01-31T00:00:00,151924.0,65.9000015258789,73.80000305175781,59.5,144275.0,62.599998474121094,7116.0,5.0,78726.0,7527.0,16.299999237060547,7.0,1551.0,2459.0
item0,2007-02-28T00:00:00,151879.0,65.80000305175781,73.5999984741211,59.400001525878906,144479.0,62.599998474121094,6927.0,4.900000095367432,78955.0,7753.0,16.700000762939453,6.699999809265137,2350.0,1997.0
item0,2007-03-31T00:00:00,152236.0,65.9000015258789,73.5,59.400001525878906,145323.0,62.900001525878906,6731.0,4.5,78798.0,7808.0,17.799999237060547,7.599999904632568,2161.0,1538.0
item0,2007-04-30T00:00:00,151829.0,65.69999694824219,73.4000015258789,58.900001525878906,145297.0,62.79999923706055,6850.0,4.300000190734863,79423.0,7846.0,16.899999618530273,8.300000190734863,1902.0,1481.0
item0,2007-05-31T00:00:00,152350.0,65.80000305175781,73.19999694824219,59.099998474121094,145864.0,63.0,6766.0,4.300000190734863,79130.0,7693.0,16.600000381469727,8.199999809265137,1872.0,1501.0
item0,2007-06-30T00:00:00,154252.0,66.5999984741211,73.30000305175781,59.29999923706055,146958.0,63.400001525878906,6979.0,4.699999809265137,77460.0,7538.0,16.5,12.800000190734863,1831.0,1891.0
item0,2007-07-31T00:00:00,154871.0,66.80000305175781,73.0999984741211,59.29999923706055,147315.0,63.5,7149.0,4.900000095367432,77087.0,7636.0,17.200000762939453,11.0,1935.0,1902.0
item0,2007-08-31T00:00:00,153493.0,66.0999984741211,72.80000305175781,59.20000076293945,146406.0,63.0,7067.0,4.599999904632568,78717.0,7221.0,17.0,9.100000381469727,2289.0,1778.0
item0,2007-09-30T00:00:00,153400.0,66.0,73.0,59.5,146448.0,63.0,7170.0,4.5,79061.0,7621.0,16.299999237060547,9.399999618530273,2068.0,1732.0
item0,2007-10-31T00:00:00,153516.0,66.0,72.9000015258789,59.20000076293945,146743.0,63.099998474121094,7237.0,4.400000095367432,79200.0,7852.0,17.0,9.800000190734863,1900.0,1595.0
item0,2007-11-30T00:00:00,154035.0,66.0999984741211,73.0999984741211,59.400001525878906,147118.0,63.20000076293945,7240.0,4.5,78904.0,7791.0,17.299999237060547,9.0,1729.0,1603.0
item0,2007-12-31T00:00:00,153705.0,65.9000015258789,73.0999984741211,59.400001525878906,146334.0,62.79999923706055,7645.0,4.800000190734863,79451.0,7577.0,16.600000381469727,7.5,1565.0,1897.0
item0,2008-01-31T00:00:00,152828.0,65.69999694824219,73.4000015258789,59.5,144607.0,62.20000076293945,7685.0,5.400000095367432,79788.0,7398.0,17.5,7.099999904632568,1634.0,2335.0
item0,2008-02-29T00:00:00,152503.0,65.5,73.0999984741211,59.29999923706055,144550.0,62.099998474121094,7497.0,5.199999809265137,80306.0,7610.0,16.899999618530273,6.800000190734863,2166.0,1980.0
item0,2008-03-31T00:00:00,153135.0,65.69999694824219,73.0999984741211,59.5,145108.0,62.29999923706055,7822.0,5.199999809265137,79860.0,7499.0,16.5,7.5,2074.0,1860.0
item0,2008-04-30T00:00:00,153208.0,65.69999694824219,72.9000015258789,59.400001525878906,145921.0,62.599998474121094,7637.0,4.800000190734863,79990.0,7630.0,16.899999618530273,7.5,2196.0,1573.0
item0,2008-05-31T00:00:00,154003.0,66.0,73.0999984741211,59.599998474121094,145927.0,62.5,8395.0,5.199999809265137,79402.0,7653.0,16.600000381469727,9.800000190734863,1976.0,1985.0
item0,2008-06-30T00:00:00,155582.0,66.5999984741211,73.0,59.5,146649.0,62.79999923706055,8575.0,5.699999809265137,78045.0,7694.0,17.100000381469727,12.699999809265137,1912.0,1903.0
item0,2008-07-31T00:00:00,156300.0,66.80000305175781,73.0999984741211,59.400001525878906,146867.0,62.79999923706055,8937.0,6.0,77564.0,7743.0,17.0,12.100000381469727,2072.0,2003.0
item0,2008-08-31T00:00:00,155387.0,66.4000015258789,72.9000015258789,59.599998474121094,145909.0,62.29999923706055,9438.0,6.099999904632568,78719.0,7706.0,17.700000762939453,9.600000381469727,2431.0,2333.0
item0,2008-09-30T00:00:00,154509.0,65.9000015258789,72.9000015258789,59.400001525878906,145310.0,62.0,9494.0,6.0,79851.0,7724.0,18.600000381469727,8.699999809265137,2460.0,2085.0
item0,2008-10-31T00:00:00,155012.0,66.0999984741211,72.9000015258789,59.599998474121094,145543.0,62.0,10074.0,6.099999904632568,79601.0,7817.0,19.899999618530273,8.300000190734863,2331.0,2162.0
item0,2008-11-30T00:00:00,154624.0,65.80000305175781,72.69999694824219,59.5,144609.0,61.599998474121094,10538.0,6.5,80204.0,7539.0,18.899999618530273,6.900000095367432,1878.0,2374.0
item0,2008-12-31T00:00:00,154349.0,65.69999694824219,72.5,59.5,143350.0,61.0,11286.0,7.099999904632568,80686.0,7432.0,19.899999618530273,6.099999904632568,1641.0,2617.0
item0,2009-01-31T00:00:00,153445.0,65.4000015258789,72.4000015258789,59.400001525878906,140436.0,59.79999923706055,12058.0,8.5,81293.0,7258.0,19.799999237060547,5.099999904632568,1773.0,3435.0
item0,2009-02-28T00:00:00,153804.0,65.5,72.4000015258789,59.5,140105.0,59.599998474121094,12898.0,8.899999618530273,81109.0,7676.0,20.200000762939453,6.099999904632568,2289.0,2820.0
item0,2009-03-31T00:00:00,153728.0,65.4000015258789,72.0999984741211,59.5,139833.0,59.5,13426.0,9.0,81358.0,7723.0,20.899999618530273,5.400000095367432,2345.0,2528.0
item0,2009-04-30T00:00:00,153834.0,65.4000015258789,72.30000305175781,59.400001525878906,140586.0,59.79999923706055,13853.0,8.600000381469727,81437.0,7781.0,21.700000762939453,5.900000095367432,2932.0,2165.0
item0,2009-05-31T00:00:00,154336.0,65.5,72.4000015258789,59.400001525878906,140363.0,59.599998474121094,14499.0,9.100000381469727,81116.0,7265.0,22.399999618530273,6.800000190734863,2079.0,2386.0
item0,2009-06-30T00:00:00,155921.0,66.19999694824219,72.19999694824219,59.5,140826.0,59.79999923706055,14707.0,9.699999809265137,79734.0,7067.0,23.899999618530273,9.399999618530273,2485.0,2526.0
item0,2009-07-31T00:00:00,156255.0,66.19999694824219,72.0,59.400001525878906,141055.0,59.79999923706055,14601.0,9.699999809265137,79614.0,7282.0,25.100000381469727,9.0,2898.0,2730.0
item0,2009-08-31T00:00:00,154897.0,65.5999984741211,72.0,59.20000076293945,140074.0,59.29999923706055,14814.0,9.600000381469727,81190.0,6772.0,25.299999237060547,8.199999809265137,2533.0,2483.0
item0,2009-09-30T00:00:00,153617.0,65.0,71.69999694824219,58.900001525878906,139079.0,58.900001525878906,15009.0,9.5,82706.0,7098.0,26.600000381469727,7.800000190734863,2777.0,2551.0
item0,2009-10-31T00:00:00,153635.0,64.9000015258789,71.5999984741211,58.79999923706055,139088.0,58.79999923706055,15352.0,9.5,82915.0,7224.0,27.5,7.300000190734863,2475.0,2401.0
item0,2009-11-30T00:00:00,153539.0,64.9000015258789,71.5,58.900001525878906,139132.0,58.79999923706055,15219.0,9.399999618530273,83204.0,7222.0,28.899999618530273,8.300000190734863,2367.0,2121.0
item0,2009-12-31T00:00:00,152693.0,64.4000015258789,71.0,58.599998474121094,137953.0,58.20000076293945,15098.0,9.699999809265137,84231.0,6886.0,29.700000762939453,7.099999904632568,1876.0,2512.0
item0,2010-01-31T00:00:00,152957.0,64.5999984741211,71.19999694824219,58.79999923706055,136809.0,57.79999923706055,15046.0,10.600000381469727,83876.0,6751.0,30.299999237060547,6.300000190734863,2026.0,2925.0
item0,2010-02-28T00:00:00,153194.0,64.5999984741211,71.19999694824219,58.900001525878906,137203.0,57.900001525878906,15113.0,10.399999618530273,83804.0,7161.0,29.799999237060547,6.300000190734863,2479.0,2287.0
item0,2010-03-31T00:00:00,153660.0,64.80000305175781,71.4000015258789,58.79999923706055,137983.0,58.20000076293945,15202.0,10.199999809265137,83499.0,7063.0,31.600000381469727,6.300000190734863,2744.0,2176.0
item0,2010-04-30T00:00:00,153911.0,64.9000015258789,71.80000305175781,58.900001525878906,139302.0,58.70000076293945,15325.0,9.5,83418.0,7105.0,33.29999923706055,7.199999809265137,3196.0,1922.0
item0,2010-05-31T00:00:00,153866.0,64.80000305175781,71.4000015258789,58.79999923706055,139497.0,58.70000076293945,14849.0,9.300000190734863,83633.0,7261.0,34.0,8.199999809265137,2477.0,2083.0
item0,2010-06-30T00:00:00,154767.0,65.0999984741211,71.0999984741211,58.5,139882.0,58.900001525878906,14474.0,9.600000381469727,82923.0,6899.0,34.5,11.0,2264.0,2198.0
item0,2010-07-31T00:00:00,155270.0,65.30000305175781,71.19999694824219,58.400001525878906,140134.0,58.900001525878906,14512.0,9.699999809265137,82620.0,6579.0,33.900001525878906,10.899999618530273,2825.0,2585.0
item0,2010-08-31T00:00:00,154678.0,65.0,71.30000305175781,58.599998474121094,139919.0,58.79999923706055,14648.0,9.5,83421.0,6515.0,33.70000076293945,9.699999809265137,2605.0,2345.0
item0,2010-09-30T00:00:00,153854.0,64.5999984741211,71.0999984741211,58.5,139715.0,58.599998474121094,14579.0,9.199999809265137,84468.0,6681.0,33.400001525878906,8.300000190734863,2819.0,2296.0
item0,2010-10-31T00:00:00,153652.0,64.4000015258789,70.80000305175781,58.400001525878906,139749.0,58.599998474121094,14516.0,9.0,84878.0,6817.0,34.0,8.800000190734863,2372.0,2009.0
item0,2010-11-30T00:00:00,153698.0,64.4000015258789,70.9000015258789,58.599998474121094,139415.0,58.400001525878906,15081.0,9.300000190734863,85017.0,6816.0,33.900001525878906,8.100000381469727,2242.0,2406.0
item0,2010-12-31T00:00:00,153156.0,64.0999984741211,70.69999694824219,58.29999923706055,139159.0,58.29999923706055,14348.0,9.100000381469727,85733.0,6884.0,34.70000076293945,7.900000095367432,2148.0,2339.0
item0,2011-01-31T00:00:00,152536.0,63.900001525878906,70.5,58.29999923706055,137599.0,57.599998474121094,14013.0,9.800000190734863,86168.0,6621.0,37.20000076293945,7.699999809265137,1917.0,2808.0
item0,2011-02-28T00:00:00,152635.0,63.900001525878906,70.5,58.099998474121094,138093.0,57.79999923706055,13820.0,9.5,86216.0,6882.0,37.400001525878906,7.599999904632568,2284.0,1935.0
item0,2011-03-31T00:00:00,153022.0,64.0,70.4000015258789,58.29999923706055,138962.0,58.099998474121094,13737.0,9.199999809265137,85977.0,6809.0,39.099998474121094,8.0,2463.0,1959.0
item0,2011-04-30T00:00:00,152898.0,63.900001525878906,70.5,58.29999923706055,139661.0,58.400001525878906,13957.0,8.699999809265137,86248.0,6887.0,38.70000076293945,8.699999809265137,2653.0,1941.0
item0,2011-05-31T00:00:00,153449.0,64.0999984741211,70.5,58.099998474121094,140028.0,58.5,13855.0,8.699999809265137,85864.0,7084.0,39.599998474121094,8.899999618530273,2167.0,1938.0
item0,2011-06-30T00:00:00,154538.0,64.5,70.4000015258789,58.0,140129.0,58.5,13962.0,9.300000190734863,84951.0,6861.0,39.900001525878906,11.899999618530273,2457.0,2396.0
item0,2011-07-31T00:00:00,154812.0,64.5999984741211,70.30000305175781,58.0,140384.0,58.599998474121094,13763.0,9.300000190734863,84859.0,6724.0,40.70000076293945,12.100000381469727,2388.0,2203.0
item0,2011-08-31T00:00:00,154344.0,64.30000305175781,70.5,58.099998474121094,140335.0,58.5,13818.0,9.100000381469727,85528.0,6649.0,40.5,10.100000381469727,2531.0,1993.0
item0,2011-09-30T00:00:00,154022.0,64.19999694824219,70.5,58.29999923706055,140502.0,58.5,13948.0,8.800000190734863,86049.0,6946.0,40.400001525878906,9.800000190734863,2886.0,2460.0
item0,2011-10-31T00:00:00,154088.0,64.0999984741211,70.4000015258789,58.099998474121094,140987.0,58.70000076293945,13594.0,8.5,86181.0,6989.0,38.70000076293945,9.5,2385.0,1950.0
item0,2011-11-30T00:00:00,153683.0,63.900001525878906,70.5,58.0,141070.0,58.70000076293945,13302.0,8.199999809265137,86757.0,7083.0,40.20000076293945,9.199999809265137,2270.0,1959.0
item0,2011-12-31T00:00:00,153373.0,63.79999923706055,70.5,57.79999923706055,140681.0,58.5,13093.0,8.300000190734863,87212.0,7030.0,40.400001525878906,8.600000381469727,2060.0,2167.0
item0,2012-01-31T00:00:00,153485.0,63.400001525878906,70.19999694824219,57.70000076293945,139944.0,57.79999923706055,12797.0,8.800000190734863,88784.0,6830.0,40.20000076293945,7.900000095367432,1966.0,2583.0
item0,2012-02-29T00:00:00,154114.0,63.599998474121094,70.19999694824219,57.79999923706055,140684.0,58.0,12813.0,8.699999809265137,88322.0,7116.0,39.70000076293945,8.899999618530273,2538.0,2029.0
item0,2012-03-31T00:00:00,154316.0,63.599998474121094,70.19999694824219,57.79999923706055,141412.0,58.29999923706055,12713.0,8.399999618530273,88288.0,7052.0,39.29999923706055,9.600000381469727,2436.0,1907.0
item0,2012-04-30T00:00:00,153905.0,63.400001525878906,70.0999984741211,57.599998474121094,141995.0,58.5,12646.0,7.699999809265137,88879.0,6947.0,39.20000076293945,10.199999809265137,2375.0,1554.0
item0,2012-05-31T00:00:00,154998.0,63.79999923706055,70.19999694824219,57.70000076293945,142727.0,58.70000076293945,12660.0,7.900000095367432,87968.0,7174.0,39.599998474121094,10.600000381469727,2082.0,1679.0
item0,2012-06-30T00:00:00,156385.0,64.30000305175781,70.30000305175781,57.70000076293945,143202.0,58.900001525878906,12692.0,8.399999618530273,86770.0,6707.0,40.29999923706055,13.800000190734863,2304.0,2316.0
item0,2012-07-31T00:00:00,156526.0,64.30000305175781,70.19999694824219,57.599998474121094,143126.0,58.79999923706055,12656.0,8.600000381469727,86828.0,6741.0,39.29999923706055,13.199999809265137,2299.0,2252.0
item0,2012-08-31T00:00:00,155255.0,63.70000076293945,69.9000015258789,57.599998474121094,142558.0,58.5,12471.0,8.199999809265137,88311.0,6635.0,39.599998474121094,11.100000381469727,2642.0,2212.0
item0,2012-09-30T00:00:00,155075.0,63.599998474121094,70.0999984741211,57.599998474121094,143333.0,58.79999923706055,12115.0,7.599999904632568,88697.0,6818.0,39.79999923706055,10.199999809265137,2683.0,1827.0
item0,2012-10-31T00:00:00,155779.0,63.79999923706055,70.30000305175781,57.70000076293945,144039.0,59.0,12124.0,7.5,88204.0,6976.0,39.599998474121094,10.699999809265137,2212.0,1810.0
item0,2012-11-30T00:00:00,154953.0,63.5,70.0999984741211,57.599998474121094,143549.0,58.79999923706055,12005.0,7.400000095367432,89221.0,7235.0,39.0,10.699999809265137,1942.0,1775.0
item0,2012-12-31T00:00:00,154904.0,63.400001525878906,70.0999984741211,57.70000076293945,143060.0,58.5,12298.0,7.599999904632568,89445.0,7081.0,37.599998474121094,9.199999809265137,1745.0,2211.0
item0,2013-01-31T00:00:00,154794.0,63.29999923706055,70.30000305175781,57.5,141614.0,57.900001525878906,12471.0,8.5,89868.0,6738.0,35.599998474121094,8.300000190734863,1849.0,2757.0
item0,2013-02-28T00:00:00,154727.0,63.20000076293945,70.0,57.29999923706055,142228.0,58.099998474121094,11950.0,8.100000381469727,90100.0,7435.0,36.400001525878906,8.899999618530273,2545.0,1861.0
item0,2013-03-31T00:00:00,154512.0,63.099998474121094,69.69999694824219,57.20000076293945,142698.0,58.20000076293945,11689.0,7.599999904632568,90483.0,7192.0,37.0,9.899999618530273,2197.0,1696.0
item0,2013-04-30T00:00:00,154739.0,63.099998474121094,69.9000015258789,57.29999923706055,143724.0,58.599998474121094,11760.0,7.099999904632568,90436.0,7029.0,36.5,10.300000190734863,2332.0,1612.0
item0,2013-05-31T00:00:00,155734.0,63.5,69.9000015258789,57.29999923706055,144432.0,58.900001525878906,11654.0,7.300000190734863,89629.0,7123.0,36.79999923706055,10.699999809265137,2286.0,1838.0
item0,2013-06-30T00:00:00,157089.0,64.0,69.9000015258789,57.400001525878906,144841.0,59.0,11751.0,7.800000190734863,88463.0,6990.0,36.400001525878906,14.100000381469727,2199.0,2188.0
item0,2013-07-31T00:00:00,157196.0,64.0,69.80000305175781,57.29999923706055,145113.0,59.0,11335.0,7.699999809265137,88560.0,6897.0,37.29999923706055,14.100000381469727,2369.0,2053.0
item0,2013-08-31T00:00:00,155971.0,63.400001525878906,69.5999984741211,57.29999923706055,144509.0,58.79999923706055,11279.0,7.300000190734863,89988.0,6776.0,37.599998474121094,12.600000381469727,2588.0,2113.0
item0,2013-09-30T00:00:00,155536.0,63.20000076293945,69.80000305175781,57.099998474121094,144651.0,58.79999923706055,11270.0,7.0,90632.0,6952.0,37.400001525878906,10.5,2410.0,1793.0
item0,2013-10-31T00:00:00,154918.0,62.900001525878906,69.19999694824219,56.79999923706055,144144.0,58.5,11136.0,7.0,91463.0,6989.0,35.099998474121094,10.899999618530273,1885.0,2026.0
item0,2013-11-30T00:00:00,155046.0,62.900001525878906,69.5,56.900001525878906,144775.0,58.70000076293945,10787.0,6.599999904632568,91521.0,6973.0,36.599998474121094,10.300000190734863,2098.0,1544.0
item0,2013-12-31T00:00:00,154408.0,62.599998474121094,69.19999694824219,57.0,144423.0,58.5,10404.0,6.5,92338.0,6934.0,36.5,10.100000381469727,1790.0,1745.0
item0,2014-01-31T00:00:00,154381.0,62.5,69.19999694824219,57.0,143526.0,58.099998474121094,10202.0,7.0,92534.0,6685.0,35.099998474121094,9.300000190734863,1817.0,2571.0
item0,2014-02-28T00:00:00,155027.0,62.70000076293945,69.0,57.20000076293945,144134.0,58.29999923706055,10349.0,7.0,92058.0,7163.0,36.5,9.899999618530273,2212.0,1838.0
item0,2014-03-31T00:00:00,155627.0,62.900001525878906,69.4000015258789,57.20000076293945,145090.0,58.70000076293945,10380.0,6.800000190734863,91630.0,7143.0,35.29999923706055,10.0,2316.0,1691.0
item0,2014-04-30T00:00:00,154845.0,62.599998474121094,69.0,57.0,145767.0,58.900001525878906,9702.0,5.900000095367432,92594.0,7162.0,34.900001525878906,10.300000190734863,2383.0,1438.0
item0,2014-05-31T00:00:00,155841.0,62.900001525878906,69.0999984741211,57.099998474121094,146398.0,59.099998474121094,9859.0,6.099999904632568,91782.0,7305.0,34.400001525878906,10.699999809265137,2083.0,1830.0
item0,2014-06-30T00:00:00,156997.0,63.400001525878906,69.19999694824219,56.900001525878906,147104.0,59.400001525878906,9460.0,6.300000190734863,90817.0,6960.0,33.900001525878906,14.699999809265137,2057.0,1950.0
item0,2014-07-31T00:00:00,157573.0,63.5,69.30000305175781,56.900001525878906,147265.0,59.400001525878906,9608.0,6.5,90451.0,6787.0,32.70000076293945,14.300000190734863,2003.0,2048.0
item0,2014-08-31T00:00:00,156434.0,63.0,69.4000015258789,56.900001525878906,146647.0,59.099998474121094,9599.0,6.300000190734863,91794.0,6819.0,32.0,12.0,2529.0,2184.0
item0,2014-09-30T00:00:00,155903.0,62.79999923706055,69.19999694824219,56.79999923706055,146941.0,59.099998474121094,9262.0,5.699999809265137,92543.0,7100.0,31.899999618530273,11.600000381469727,2477.0,1588.0
item0,2014-10-31T00:00:00,156616.0,63.0,69.19999694824219,57.099998474121094,147936.0,59.5,8990.0,5.5,92041.0,7773.0,32.29999923706055,11.699999809265137,2255.0,1654.0
item0,2014-11-30T00:00:00,156297.0,62.79999923706055,69.19999694824219,57.0,147666.0,59.29999923706055,9090.0,5.5,92547.0,7549.0,32.70000076293945,11.199999809265137,1776.0,1768.0
item0,2014-12-31T00:00:00,155521.0,62.5,69.30000305175781,56.70000076293945,147190.0,59.099998474121094,8717.0,5.400000095367432,93506.0,7308.0,32.70000076293945,9.800000190734863,1753.0,1725.0
item0,2015-01-31T00:00:00,156050.0,62.5,69.30000305175781,56.900001525878906,146552.0,58.70000076293945,8885.0,6.099999904632568,93674.0,7289.0,32.0,9.300000190734863,1543.0,2261.0
item0,2015-02-28T00:00:00,156213.0,62.5,69.19999694824219,56.599998474121094,147118.0,58.900001525878906,8599.0,5.800000190734863,93686.0,7221.0,31.200000762939453,9.300000190734863,1965.0,1714.0
item0,2015-03-31T00:00:00,156318.0,62.5,69.0999984741211,56.599998474121094,147635.0,59.0,8515.0,5.599999904632568,93762.0,7264.0,30.5,8.399999618530273,2044.0,1602.0
item0,2015-04-30T00:00:00,156554.0,62.599998474121094,69.30000305175781,56.70000076293945,148587.0,59.400001525878906,8550.0,5.099999904632568,93712.0,7000.0,30.899999618530273,9.399999618530273,2431.0,1639.0
item0,2015-05-31T00:00:00,157719.0,63.0,69.4000015258789,56.900001525878906,149349.0,59.599998474121094,8834.0,5.300000190734863,92736.0,7081.0,30.700000762939453,11.0,1850.0,1553.0
item0,2015-06-30T00:00:00,158283.0,63.099998474121094,69.0,56.79999923706055,149645.0,59.70000076293945,8247.0,5.5,92380.0,7025.0,28.399999618530273,14.899999618530273,2027.0,1844.0
item0,2015-07-31T00:00:00,158527.0,63.20000076293945,69.0,56.599998474121094,149722.0,59.70000076293945,8167.0,5.599999904632568,92349.0,6997.0,28.100000381469727,12.699999809265137,2118.0,2017.0
item0,2015-08-31T00:00:00,157390.0,62.70000076293945,69.0,56.70000076293945,149228.0,59.400001525878906,7992.0,5.199999809265137,93706.0,6901.0,28.399999618530273,11.5,2218.0,1729.0
item0,2015-09-30T00:00:00,156607.0,62.29999923706055,68.80000305175781,56.400001525878906,148980.0,59.29999923706055,7907.0,4.900000095367432,94718.0,7297.0,25.700000762939453,10.399999618530273,2256.0,1654.0
item0,2015-10-31T00:00:00,157313.0,62.5,68.80000305175781,56.599998474121094,149716.0,59.5,7922.0,4.800000190734863,94228.0,7620.0,27.5,10.199999809265137,1955.0,1593.0
item0,2015-11-30T00:00:00,157340.0,62.5,68.69999694824219,56.79999923706055,149766.0,59.5,8000.0,4.800000190734863,94407.0,7596.0,27.899999618530273,10.399999618530273,1738.0,1580.0
item0,2015-12-31T00:00:00,157245.0,62.400001525878906,69.0,56.79999923706055,149703.0,59.400001525878906,7907.0,4.800000190734863,94691.0,7855.0,27.899999618530273,9.600000381469727,1738.0,1761.0
item0,2016-01-31T00:00:00,157347.0,62.29999923706055,68.9000015258789,56.900001525878906,149037.0,59.0,7627.0,5.300000190734863,95051.0,7314.0,29.100000381469727,8.600000381469727,1594.0,2105.0
item0,2016-02-29T00:00:00,158279.0,62.70000076293945,69.19999694824219,56.79999923706055,150060.0,59.400001525878906,7702.0,5.199999809265137,94298.0,7454.0,29.399999618530273,9.0,1669.0,1433.0
item0,2016-03-31T00:00:00,158854.0,62.79999923706055,69.30000305175781,57.099998474121094,150738.0,59.599998474121094,7961.0,5.099999904632568,93914.0,7592.0,28.299999237060547,8.5,1865.0,1643.0
item0,2016-04-30T00:00:00,158488.0,62.70000076293945,69.30000305175781,56.900001525878906,151075.0,59.70000076293945,8067.0,4.699999809265137,94481.0,7383.0,27.899999618530273,9.800000190734863,2145.0,1532.0
item0,2016-05-31T00:00:00,158800.0,62.70000076293945,69.0,56.79999923706055,151594.0,59.900001525878906,7652.0,4.5,94374.0,7472.0,26.899999618530273,11.600000381469727,1810.0,1474.0
item0,2016-06-30T00:00:00,160135.0,63.20000076293945,69.30000305175781,56.599998474121094,151990.0,60.0,7744.0,5.099999904632568,93262.0,7059.0,28.0,15.699999809265137,1916.0,2099.0
item0,2016-07-31T00:00:00,160705.0,63.400001525878906,69.30000305175781,56.599998474121094,152437.0,60.099998474121094,7641.0,5.099999904632568,92916.0,7190.0,27.799999237060547,13.399999618530273,1922.0,1787.0
item0,2016-08-31T00:00:00,159800.0,62.900001525878906,69.30000305175781,56.79999923706055,151804.0,59.79999923706055,7784.0,5.0,94054.0,7234.0,27.200000762939453,12.0,1949.0,1763.0
item0,2016-09-30T00:00:00,159636.0,62.79999923706055,69.30000305175781,56.79999923706055,151977.0,59.79999923706055,7953.0,4.800000190734863,94456.0,7846.0,26.5,10.0,2511.0,1733.0
item0,2016-10-31T00:00:00,159783.0,62.79999923706055,69.19999694824219,56.79999923706055,152335.0,59.900001525878906,7811.0,4.699999809265137,94539.0,8050.0,26.600000381469727,10.0,1944.0,1521.0
item0,2016-11-30T00:00:00,159451.0,62.599998474121094,69.0,56.70000076293945,152385.0,59.900001525878906,7553.0,4.400000095367432,95089.0,8107.0,25.899999618530273,9.5,1801.0,1635.0
item0,2016-12-31T00:00:00,158968.0,62.400001525878906,69.0,56.70000076293945,151798.0,59.599998474121094,7521.0,4.5,95774.0,7675.0,26.299999237060547,9.199999809265137,1530.0,1756.0
item0,2017-01-31T00:00:00,158676.0,62.5,69.0999984741211,56.900001525878906,150527.0,59.20000076293945,7468.0,5.099999904632568,95406.0,7405.0,25.299999237060547,8.600000381469727,1658.0,2169.0
item0,2017-02-28T00:00:00,159482.0,62.70000076293945,69.19999694824219,57.0,151594.0,59.599998474121094,7379.0,4.900000095367432,94764.0,7980.0,25.5,8.600000381469727,2299.0,1815.0
item0,2017-03-31T00:00:00,159912.0,62.900001525878906,69.0999984741211,57.20000076293945,152628.0,60.0,7073.0,4.599999904632568,94502.0,8137.0,25.100000381469727,9.5,1901.0,1448.0
item0,2017-04-30T00:00:00,159817.0,62.79999923706055,69.19999694824219,57.20000076293945,153262.0,60.20000076293945,7089.0,4.099999904632568,94771.0,7609.0,24.100000381469727,9.199999809265137,1998.0,1304.0
item0,2017-05-31T00:00:00,159979.0,62.79999923706055,69.0,57.099998474121094,153407.0,60.20000076293945,7000.0,4.099999904632568,94788.0,7584.0,24.700000762939453,9.5,1735.0,1355.0
item0,2017-06-30T00:00:00,161337.0,63.29999923706055,69.0999984741211,57.0,154086.0,60.400001525878906,6873.0,4.5,93621.0,7425.0,24.600000381469727,13.5,1838.0,2015.0
item0,2017-07-31T00:00:00,161911.0,63.5,69.0,57.20000076293945,154470.0,60.5,6892.0,4.599999904632568,93240.0,7303.0,24.600000381469727,12.600000381469727,2044.0,1754.0
item0,2017-08-31T00:00:00,160863.0,63.0,69.0999984741211,57.099998474121094,153576.0,60.099998474121094,7082.0,4.5,94494.0,6961.0,24.0,10.0,1904.0,1784.0
item0,2017-09-30T00:00:00,161049.0,63.0,69.30000305175781,57.20000076293945,154494.0,60.5,6854.0,4.099999904632568,94513.0,7359.0,26.100000381469727,9.600000381469727,2488.0,1608.0
item0,2017-10-31T00:00:00,160465.0,62.70000076293945,69.0,56.79999923706055,154223.0,60.29999923706055,6700.0,3.9000000953674316,95301.0,7409.0,26.200000762939453,9.300000190734863,1821.0,1401.0
item0,2017-11-30T00:00:00,160466.0,62.70000076293945,68.9000015258789,57.0,154180.0,60.20000076293945,6774.0,3.9000000953674316,95483.0,7593.0,25.700000762939453,10.199999809265137,1581.0,1474.0
item0,2017-12-31T00:00:00,159880.0,62.400001525878906,69.0,56.79999923706055,153602.0,60.0,6632.0,3.9000000953674316,96230.0,7776.0,24.200000762939453,7.699999809265137,1500.0,1636.0
item0,2018-01-31T00:00:00,160037.0,62.29999923706055,69.0,56.70000076293945,152848.0,59.5,6489.0,4.5,96743.0,7751.0,24.200000762939453,7.900000095367432,1425.0,1998.0
item0,2018-02-28T00:00:00,161494.0,62.900001525878906,69.30000305175781,57.099998474121094,154403.0,60.099998474121094,6581.0,4.400000095367432,95439.0,8103.0,22.899999618530273,9.0,2112.0,1618.0
item0,2018-03-31T00:00:00,161548.0,62.79999923706055,69.19999694824219,56.900001525878906,154877.0,60.20000076293945,6472.0,4.099999904632568,95549.0,7771.0,24.0,8.0,1862.0,1570.0
item0,2018-04-30T00:00:00,161280.0,62.70000076293945,69.30000305175781,56.900001525878906,155348.0,60.400001525878906,6459.0,3.700000047683716,95992.0,7637.0,22.5,8.899999618530273,1864.0,1249.0
item0,2018-05-31T00:00:00,161765.0,62.79999923706055,69.30000305175781,56.900001525878906,156009.0,60.599998474121094,6196.0,3.5999999046325684,95689.0,7411.0,21.100000381469727,9.199999809265137,1558.0,1137.0
item0,2018-06-30T00:00:00,163277.0,63.400001525878906,69.19999694824219,57.20000076293945,156465.0,60.70000076293945,6447.0,4.199999809265137,94365.0,7457.0,20.799999237060547,12.199999809265137,1606.0,1775.0
item0,2018-07-31T00:00:00,163734.0,63.5,68.9000015258789,57.400001525878906,157004.0,60.900001525878906,6195.0,4.099999904632568,94109.0,7833.0,23.100000381469727,11.899999618530273,1786.0,1652.0
item0,2018-08-31T00:00:00,161909.0,62.70000076293945,68.80000305175781,56.900001525878906,155539.0,60.29999923706055,6156.0,3.9000000953674316,96157.0,7540.0,22.399999618530273,10.199999809265137,2144.0,1799.0
item0,2018-09-30T00:00:00,161958.0,62.70000076293945,68.80000305175781,57.099998474121094,156191.0,60.5,6073.0,3.5999999046325684,96332.0,7670.0,24.200000762939453,9.699999809265137,1962.0,1319.0
item0,2018-10-31T00:00:00,162723.0,62.900001525878906,68.9000015258789,57.29999923706055,156952.0,60.70000076293945,6211.0,3.5,95792.0,8093.0,23.100000381469727,9.800000190734863,1661.0,1301.0
item0,2018-11-30T00:00:00,162665.0,62.900001525878906,68.9000015258789,57.29999923706055,157015.0,60.70000076293945,6115.0,3.5,96043.0,7934.0,22.100000381469727,9.300000190734863,1501.0,1390.0
item0,2018-12-31T00:00:00,162510.0,62.79999923706055,69.0,57.400001525878906,156481.0,60.400001525878906,6389.0,3.700000047683716,96378.0,8030.0,21.899999618530273,8.199999809265137,1378.0,1558.0
item0,2019-01-31T00:00:00,162104.0,62.79999923706055,69.0999984741211,57.5,154964.0,60.0,6475.0,4.400000095367432,96135.0,7749.0,20.5,7.699999809265137,1434.0,1981.0
item0,2019-02-28T00:00:00,162793.0,63.0,69.0,57.599998474121094,156167.0,60.400001525878906,6136.0,4.099999904632568,95599.0,7823.0,21.799999237060547,8.699999809265137,2071.0,1538.0
item0,2019-03-31T00:00:00,162823.0,63.0,69.0,57.400001525878906,156441.0,60.5,6202.0,3.9000000953674316,95714.0,8047.0,22.200000762939453,8.399999618530273,1770.0,1406.0
item0,2019-04-30T00:00:00,162097.0,62.70000076293945,68.9000015258789,57.099998474121094,156710.0,60.599998474121094,5961.0,3.299999952316284,96596.0,7765.0,22.5,8.5,1704.0,951.0
item0,2019-05-31T00:00:00,162655.0,62.79999923706055,69.0999984741211,57.099998474121094,157152.0,60.70000076293945,5930.0,3.4000000953674316,96207.0,7857.0,24.0,10.100000381469727,1555.0,1317.0
item0,2019-06-30T00:00:00,164120.0,63.400001525878906,69.19999694824219,57.20000076293945,157828.0,60.900001525878906,5935.0,3.799999952316284,94917.0,7987.0,21.600000381469727,12.0,1513.0,1647.0
item0,2019-07-31T00:00:00,164941.0,63.599998474121094,69.4000015258789,57.20000076293945,158385.0,61.099998474121094,6061.0,4.0,94284.0,8310.0,19.600000381469727,12.399999618530273,1704.0,1509.0
item0,2019-08-31T00:00:00,164019.0,63.20000076293945,69.19999694824219,57.400001525878906,157816.0,60.79999923706055,5945.0,3.799999952316284,95413.0,8038.0,21.899999618530273,10.199999809265137,2005.0,1546.0
item0,2019-09-30T00:00:00,163943.0,63.099998474121094,69.19999694824219,57.599998474121094,158478.0,61.0,5753.0,3.299999952316284,95694.0,8331.0,22.5,11.899999618530273,1932.0,1154.0
item0,2019-10-31T00:00:00,164576.0,63.29999923706055,69.19999694824219,57.70000076293945,159067.0,61.20000076293945,5871.0,3.299999952316284,95269.0,8351.0,22.399999618530273,10.699999809265137,1402.0,1296.0
item0,2019-11-30T00:00:00,164386.0,63.20000076293945,69.30000305175781,57.599998474121094,158945.0,61.099998474121094,5868.0,3.299999952316284,95634.0,8279.0,20.299999237060547,9.600000381469727,1440.0,1413.0
item0,2019-12-31T00:00:00,164007.0,63.0,69.19999694824219,57.79999923706055,158504.0,60.900001525878906,5853.0,3.4000000953674316,96174.0,8058.0,20.700000762939453,8.199999809265137,1465.0,1532.0
item0,2020-01-31T00:00:00,163497.0,63.0,69.19999694824219,57.79999923706055,156994.0,60.5,5869.0,4.0,96004.0,8083.0,21.899999618530273,7.699999809265137,1480.0,2138.0
item0,2020-02-29T00:00:00,164235.0,63.29999923706055,69.0999984741211,58.0,158017.0,60.900001525878906,5753.0,3.799999952316284,95393.0,8181.0,20.600000381469727,7.400000095367432,1716.0,1381.0
item0,2020-03-31T00:00:00,162537.0,62.599998474121094,68.4000015258789,57.099998474121094,155167.0,59.70000076293945,7206.0,4.5,97221.0,7358.0,17.0,6.099999904632568,1440.0,2639.0
item0,2020-04-30T00:00:00,155830.0,60.0,66.0999984741211,54.599998474121094,133326.0,51.29999923706055,23084.0,14.399999618530273,104066.0,5360.0,7.199999809265137,1.2000000476837158,1576.0,2639.0
item0,2020-05-31T00:00:00,157975.0,60.70000076293945,66.69999694824219,55.20000076293945,137461.0,52.900001525878906,20929.0,13.0,102072.0,5509.0,10.5,2.4000000953674316,7584.0,4632.0
item0,2020-06-30T00:00:00,160883.0,61.79999923706055,67.30000305175781,56.0,142811.0,54.900001525878906,17652.0,11.199999809265137,99321.0,6114.0,14.399999618530273,4.599999904632568,7495.0,3849.0
item0,2020-07-31T00:00:00,161374.0,62.0,67.30000305175781,56.099998474121094,144492.0,55.5,16352.0,10.5,98998.0,6569.0,17.0,4.400000095367432,5286.0,3667.0
item0,2020-08-31T00:00:00,160966.0,61.79999923706055,67.69999694824219,56.0,147224.0,56.5,13461.0,8.5,99592.0,6541.0,19.899999618530273,4.5,4791.0,1955.0
item0,2020-09-30T00:00:00,160073.0,61.400001525878906,67.5,55.70000076293945,147796.0,56.70000076293945,12554.0,7.699999809265137,100670.0,6482.0,21.5,4.300000190734863,3563.0,2281.0
item0,2020-10-31T00:00:00,161053.0,61.70000076293945,67.80000305175781,56.0,150433.0,57.70000076293945,11072.0,6.599999904632568,99872.0,6866.0,22.0,4.800000190734863,3567.0,1935.0
item0,2020-11-30T00:00:00,160468.0,61.5,67.5,56.0,150203.0,57.5,10694.0,6.400000095367432,100617.0,6690.0,23.299999237060547,5.0,2355.0,1915.0
item0,2020-12-31T00:00:00,160017.0,61.29999923706055,67.4000015258789,56.0,149613.0,57.29999923706055,10770.0,6.5,101213.0,6496.0,23.200000762939453,3.700000047683716,2109.0,2302.0
item0,2021-01-31T00:00:00,159234.0,61.0,67.4000015258789,55.70000076293945,148383.0,56.900001525878906,10236.0,6.800000190734863,101618.0,6535.0,25.899999618530273,4.599999904632568,2248.0,2558.0
item0,2021-02-28T00:00:00,160008.0,61.29999923706055,67.19999694824219,55.900001525878906,149522.0,57.29999923706055,9995.0,6.599999904632568,100910.0,6787.0,27.5,5.199999809265137,2559.0,1809.0
item0,2021-03-31T00:00:00,160397.0,61.5,67.0999984741211,56.20000076293945,150493.0,57.70000076293945,9756.0,6.199999809265137,100606.0,7004.0,29.600000381469727,4.099999904632568,2310.0,1683.0
item0,2021-04-30T00:00:00,160379.0,61.400001525878906,67.5,56.0,151160.0,57.900001525878906,9762.0,5.699999809265137,100723.0,6883.0,28.399999618530273,5.0,2597.0,1825.0
item0,2021-05-31T00:00:00,160607.0,61.5,67.5999984741211,55.900001525878906,151778.0,58.099998474121094,9266.0,5.5,100603.0,7249.0,29.600000381469727,5.5,2132.0,1494.0
item0,2021-06-30T00:00:00,162167.0,62.099998474121094,67.5999984741211,56.099998474121094,152283.0,58.29999923706055,9462.0,6.099999904632568,99172.0,6987.0,32.0,7.699999809265137,1923.0,1881.0
item0,2021-07-31T00:00:00,162817.0,62.29999923706055,67.80000305175781,56.099998474121094,153596.0,58.70000076293945,8731.0,5.699999809265137,98653.0,7013.0,29.799999237060547,7.300000190734863,2615.0,2014.0
item0,2021-08-31T00:00:00,161788.0,61.79999923706055,67.80000305175781,56.0,153232.0,58.599998474121094,8276.0,5.300000190734863,99823.0,6783.0,29.5,6.900000095367432,2370.0,1658.0
item0,2021-09-30T00:00:00,161392.0,61.70000076293945,67.80000305175781,56.0,154026.0,58.79999923706055,7652.0,4.599999904632568,100373.0,7032.0,28.5,6.599999904632568,2483.0,1444.0
item0,2021-10-31T00:00:00,161863.0,61.79999923706055,67.80000305175781,56.099998474121094,154966.0,59.20000076293945,7279.0,4.300000190734863,100045.0,7166.0,26.799999237060547,7.800000190734863,1925.0,1207.0
item0,2021-11-30T00:00:00,162099.0,61.900001525878906,67.9000015258789,56.29999923706055,155797.0,59.5,6751.0,3.9000000953674316,99930.0,7180.0,28.899999618530273,6.099999904632568,1862.0,1451.0
item0,2021-12-31T00:00:00,161696.0,61.70000076293945,67.80000305175781,56.599998474121094,155732.0,59.400001525878906,6398.0,3.700000047683716,100440.0,7461.0,28.0,6.599999904632568,1595.0,1279.0
item0,2022-01-31T00:00:00,162825.0,61.900001525878906,67.80000305175781,56.79999923706055,155618.0,59.099998474121094,6512.0,4.400000095367432,100378.0,7337.0,24.5,5.0,1540.0,2237.0
item0,2022-02-28T00:00:00,163725.0,62.20000076293945,68.0999984741211,56.599998474121094,156942.0,59.599998474121094,6301.0,4.099999904632568,99600.0,7557.0,26.299999237060547,5.5,2152.0,1505.0
item0,2022-03-31T00:00:00,164274.0,62.400001525878906,68.0999984741211,56.900001525878906,158106.0,60.0,6014.0,3.799999952316284,99170.0,7496.0,24.200000762939453,6.0,1942.0,1423.0
item0,2022-04-30T00:00:00,163449.0,62.0,67.9000015258789,56.70000076293945,157991.0,59.900001525878906,6002.0,3.299999952316284,100110.0,7532.0,24.799999237060547,7.400000095367432,1932.0,1490.0
item0,2022-05-31T00:00:00,164157.0,62.29999923706055,68.0,56.900001525878906,158609.0,60.20000076293945,5983.0,3.4000000953674316,99521.0,7313.0,22.399999618530273,9.300000190734863,1600.0,1312.0
item0,2022-06-30T00:00:00,165012.0,62.5,67.80000305175781,56.79999923706055,158678.0,60.099998474121094,5951.0,3.799999952316284,98822.0,7432.0,22.299999237060547,11.399999618530273,1724.0,1748.0
item0,2022-07-31T00:00:00,165321.0,62.599998474121094,67.69999694824219,56.79999923706055,159067.0,60.20000076293945,5768.0,3.799999952316284,98690.0,7572.0,22.200000762939453,10.600000381469727,1838.0,1655.0
item0,2022-08-31T00:00:00,164971.0,62.400001525878906,67.9000015258789,57.0,158714.0,60.099998474121094,5919.0,3.799999952316284,99213.0,7485.0,22.399999618530273,8.199999809265137,1973.0,1580.0
item0,2022-09-30T00:00:00,164463.0,62.20000076293945,68.0999984741211,56.79999923706055,159003.0,60.099998474121094,5792.0,3.299999952316284,99893.0,7739.0,20.200000762939453,8.100000381469727,2131.0,1332.0
item0,2022-10-31T00:00:00,164753.0,62.29999923706055,68.0999984741211,56.599998474121094,159144.0,60.20000076293945,5964.0,3.4000000953674316,99782.0,7676.0,20.799999237060547,8.899999618530273,1423.0,1420.0
item0,2022-11-30T00:00:00,164272.0,62.099998474121094,68.0,56.5,158749.0,60.0,5943.0,3.4000000953674316,100436.0,7782.0,21.5,9.600000381469727,1541.0,1498.0
item0,2022-12-31T00:00:00,164224.0,62.0,68.0999984741211,56.79999923706055,158872.0,60.0,5766.0,3.299999952316284,100621.0,8140.0,19.399999618530273,7.300000190734863,1558.0,1509.0
item0,2023-01-31T00:00:00,165070.0,62.099998474121094,68.0,57.099998474121094,158692.0,59.70000076293945,5747.0,3.9000000953674316,100892.0,7877.0,20.299999237060547,7.300000190734863,1222.0,1940.0
item0,2023-02-28T00:00:00,166178.0,62.400001525878906,68.0999984741211,57.20000076293945,159713.0,60.0,5962.0,3.9000000953674316,99934.0,8041.0,19.299999237060547,7.099999904632568,1970.0,1522.0
item0,2023-03-31T00:00:00,166783.0,62.599998474121094,68.30000305175781,57.20000076293945,160741.0,60.400001525878906,5839.0,3.5999999046325684,99489.0,8137.0,19.5,6.400000095367432,1730.0,1250.0
item0,2023-04-30T00:00:00,166221.0,62.400001525878906,68.0999984741211,57.29999923706055,161075.0,60.5,5751.0,3.0999999046325684,100222.0,7676.0,20.899999618530273,8.300000190734863,1670.0,1063.0
item0,2023-05-31T00:00:00,166702.0,62.5,68.0999984741211,57.29999923706055,161002.0,60.400001525878906,6089.0,3.4000000953674316,99916.0,7718.0,21.200000762939453,8.699999809265137,1283.0,1448.0
item0,2023-06-30T00:00:00,167910.0,62.900001525878906,68.0999984741211,57.29999923706055,161559.0,60.599998474121094,5958.0,3.799999952316284,98891.0,7880.0,20.700000762939453,13.0,1605.0,1684.0
item0,2023-07-31T00:00:00,168354.0,63.099998474121094,68.0,57.400001525878906,161982.0,60.70000076293945,5920.0,3.799999952316284,98649.0,8091.0,20.600000381469727,10.800000190734863,1840.0,1495.0
item0,2023-08-31T00:00:00,168049.0,62.900001525878906,68.19999694824219,57.599998474121094,161427.0,60.400001525878906,6284.0,3.9000000953674316,99164.0,7778.0,20.399999618530273,10.300000190734863,1694.0,1597.0
item0,2023-09-30T00:00:00,167718.0,62.70000076293945,68.19999694824219,57.5,161669.0,60.5,6326.0,3.5999999046325684,99710.0,8146.0,21.399999618530273,9.100000381469727,2240.0,1483.0
item0,2023-10-31T00:00:00,167774.0,62.70000076293945,67.9000015258789,57.599998474121094,161676.0,60.400001525878906,6479.0,3.5999999046325684,99868.0,8542.0,21.5,10.399999618530273,1556.0,1340.0
item0,2023-11-30T00:00:00,167977.0,62.70000076293945,68.4000015258789,57.400001525878906,162149.0,60.5,6254.0,3.5,99845.0,8463.0,19.399999618530273,9.300000190734863,1663.0,1333.0
item0,2023-12-31T00:00:00,166661.0,62.20000076293945,68.0999984741211,57.099998474121094,160754.0,60.0,6315.0,3.5,101330.0,8696.0,22.200000762939453,8.699999809265137,1435.0,1528.0
item0,2024-01-31T00:00:00,166428.0,62.20000076293945,67.9000015258789,57.5,159650.0,59.70000076293945,6149.0,4.099999904632568,101113.0,8133.0,20.799999237060547,6.699999809265137,1327.0,2025.0
item0,2024-02-29T00:00:00,167285.0,62.5,67.80000305175781,57.599998474121094,160315.0,59.900001525878906,6462.0,4.199999809265137,100426.0,8411.0,20.899999618530273,8.300000190734863,1911.0,1630.0
item0,2024-03-31T00:00:00,167960.0,62.70000076293945,68.0,57.599998474121094,161356.0,60.20000076293945,6497.0,3.9000000953674316,99924.0,8637.0,21.600000381469727,8.800000190734863,1794.0,1330.0
item0,2024-04-30T00:00:00,167484.0,62.5,67.9000015258789,57.70000076293945,161590.0,60.29999923706055,6492.0,3.5,100582.0,8349.0,20.0,7.699999809265137,1793.0,1361.0
item0,2024-05-31T00:00:00,167576.0,62.5,67.80000305175781,57.5,161341.0,60.099998474121094,6635.0,3.700000047683716,100672.0,8352.0,21.200000762939453,10.0,1767.0,1491.0
item0,2024-06-30T00:00:00,169007.0,63.0,68.0999984741211,57.29999923706055,161774.0,60.29999923706055,6849.0,4.300000190734863,99431.0,8194.0,20.700000762939453,13.800000190734863,1618.0,1602.0
item0,2024-07-31T00:00:00,169723.0,63.20000076293945,68.0999984741211,57.5,162038.0,60.29999923706055,7097.0,4.5,98921.0,8402.0,20.600000381469727,10.600000381469727,1776.0,1950.0
item0,2024-08-31T00:00:00,168763.0,62.79999923706055,67.9000015258789,57.70000076293945,161348.0,60.0,7071.0,4.400000095367432,100092.0,8236.0,21.0,11.100000381469727,2327.0,1998.0
item0,2024-09-30T00:00:00,168569.0,62.599998474121094,68.0999984741211,57.599998474121094,162046.0,60.20000076293945,6901.0,3.9000000953674316,100511.0,8648.0,22.600000381469727,9.699999809265137,2270.0,1333.0
item0,2024-10-31T00:00:00,168569.0,62.599998474121094,68.0999984741211,57.29999923706055,161938.0,60.099998474121094,6972.0,3.9000000953674316,100720.0,8481.0,22.899999618530273,9.0,1479.0,1457.0
item0,2024-11-30T00:00:00,168164.0,62.400001525878906,67.9000015258789,57.29999923706055,161456.0,59.900001525878906,7121.0,4.0,101299.0,8716.0,23.600000381469727,9.899999618530273,1406.0,1372.0
item0,2024-12-31T00:00:00,167746.0,62.20000076293945,67.9000015258789,57.400001525878906,161294.0,59.79999923706055,6886.0,3.799999952316284,101892.0,8607.0,23.700000762939453,8.399999618530273,1540.0,1474.0
item0,2025-01-31T00:00:00,169814.0,62.29999923706055,68.0,57.5,162347.0,59.5,6849.0,4.400000095367432,102871.0,8643.0,22.0,7.400000095367432,1520.0,1996.0
item0,2025-02-28T00:00:00,170116.0,62.29999923706055,67.5999984741211,57.5,162544.0,59.599998474121094,7052.0,4.5,102731.0,9036.0,21.299999237060547,8.0,1797.0,1596.0
item0,2025-03-31T00:00:00,170653.0,62.5,67.80000305175781,57.5,163412.0,59.900001525878906,7083.0,4.199999809265137,102369.0,9132.0,22.799999237060547,9.300000190734863,1912.0,1477.0
item0,2025-04-30T00:00:00,170650.0,62.5,68.0999984741211,57.5,164069.0,60.099998474121094,7166.0,3.9000000953674316,102547.0,8831.0,23.200000762939453,8.600000381469727,1876.0,1210.0
item0,2025-05-31T00:00:00,170216.0,62.29999923706055,67.80000305175781,57.20000076293945,163401.0,59.79999923706055,7237.0,4.0,103169.0,8501.0,21.799999237060547,10.5,1793.0,1774.0
item0,2025-06-30T00:00:00,171343.0,62.599998474121094,67.80000305175781,57.0,163883.0,59.900001525878906,7015.0,4.400000095367432,102242.0,8703.0,23.0,13.5,1857.0,1752.0
item0,2025-07-31T00:00:00,171646.0,62.70000076293945,67.5999984741211,57.099998474121094,163799.0,59.79999923706055,7236.0,4.599999904632568,102140.0,8243.0,24.100000381469727,14.600000381469727,1909.0,1906.0
item0,2025-08-31T00:00:00,171035.0,62.400001525878906,68.0,56.900001525878906,163288.0,59.599998474121094,7384.0,4.5,102966.0,8479.0,24.5,11.899999618530273,2187.0,1804.0
