item_id,timestamp,WUI_Indonesia,WUI_United_States,WUI_Malaysia,WUI_Turkey,WUI_Islamic_Republic_of_Iran,WUI_South_Africa,WUI_Thailand,WUI_Egypt,WUI_India,WUI_United_Kingdom,WUI_Germany,WUI_Canada,WUI_Japan,WUI_Iraq,WUI_Peru
item0,1952-03-31T00:00:00,nan,0.0,nan,0.0,nan,nan,nan,nan,0.18964539468288422,nan,nan,nan,nan,nan,nan
item0,1952-06-30T00:00:00,0.0,0.12883280217647552,nan,0.0,nan,nan,nan,nan,0.0,nan,0.0,0.0,nan,nan,nan
item0,1952-09-30T00:00:00,0.10118389874696732,0.0,nan,0.0,nan,nan,nan,nan,0.3086419999599457,nan,0.24990630149841309,0.0,0.0,nan,nan
item0,1952-12-31T00:00:00,0.20803000032901764,0.09568919986486435,nan,0.0,nan,nan,nan,nan,0.23980820178985596,nan,0.24990630149841309,0.0,0.0,nan,nan
item0,1953-03-31T00:00:00,0.1872308999300003,0.16489410400390625,nan,0.0,nan,nan,nan,0.0,0.16583749651908875,0.24850890040397644,0.14488549530506134,0.16733600199222565,0.1367989033460617,nan,nan
item0,1953-06-30T00:00:00,1.0744990110397339,0.0,nan,0.17352069914340973,nan,nan,nan,0.0,0.2247443050146103,0.0,0.0,0.0,0.1438641995191574,nan,nan
item0,1953-09-30T00:00:00,0.3118179142475128,0.12584950029850006,nan,0.0,0.0,nan,0.0,0.0,0.14357499778270721,0.14688600599765778,0.6753106713294983,0.0,0.0,0.0,nan
item0,1953-12-31T00:00:00,0.3127199113368988,0.0,nan,0.12611930072307587,0.0,nan,0.4835590124130249,0.5829203724861145,0.4116356074810028,0.46986961364746094,0.13650010526180267,0.4400762915611267,0.0,0.0,nan
item0,1954-03-31T00:00:00,0.31362709403038025,0.29408881068229675,0.0,0.0,0.0,nan,1.327139973640442,1.0807889699935913,0.0,0.0,0.0,0.3146963119506836,0.0,0.0,0.3541075885295868
item0,1954-06-30T00:00:00,0.0,0.13395850360393524,0.0,0.0,0.0,nan,0.0,0.0,0.33806630969047546,0.44712719321250916,0.0,0.3485231101512909,0.0,0.0,0.27122318744659424
item0,1954-09-30T00:00:00,0.3177376985549927,0.13835090398788452,0.0,0.0,0.0,nan,0.0,0.0,0.24965670704841614,0.11357180029153824,0.0,0.32919999957084656,0.0,0.0,0.0
item0,1954-12-31T00:00:00,0.5958588123321533,0.2069322019815445,0.0,0.0,0.0,nan,0.0,0.0,0.22854529321193695,0.0,0.0,0.0,0.24934549629688263,0.0,0.0
item0,1955-03-31T00:00:00,0.4224756956100464,0.0,0.0,0.15827789902687073,0.0,nan,0.6127451062202454,0.0,0.22737610340118408,0.19930240511894226,0.0,0.0,0.10797969996929169,0.0,0.0
item0,1955-06-30T00:00:00,0.0,0.23086689412593842,0.0,0.14714540541172028,0.0,nan,0.0,0.1615770012140274,0.3306514024734497,0.0,0.0,0.2211654931306839,0.0,0.0,0.4088307023048401
item0,1955-09-30T00:00:00,0.21765150129795074,0.0,0.0,0.3044140040874481,0.0,nan,0.8960574269294739,0.0,0.09281600266695023,0.7109004855155945,0.0,0.0,0.0,0.0,0.5293806195259094
item0,1955-12-31T00:00:00,0.0,0.18477460741996765,0.0,0.0,0.0,nan,0.26860061287879944,0.38842490315437317,0.0,0.0,0.0,0.10598830133676529,0.10392849892377853,0.0,0.4240882098674774
item0,1956-03-31T00:00:00,0.46258819103240967,0.20826829969882965,0.0,0.0,0.33795198798179626,nan,0.0,0.2018163949251175,0.1921968013048172,0.889767587184906,0.08474580198526382,0.0,0.19357340037822723,0.0,0.23854960501194
item0,1956-06-30T00:00:00,0.0,0.08961380273103714,0.0,0.13010670244693756,0.0,nan,0.0,0.6910849809646606,0.0,0.2704651951789856,0.08474580198526382,0.0,0.0,0.0,0.0
item0,1956-09-30T00:00:00,0.13386879861354828,0.0,0.0,0.0,0.14363689720630646,nan,0.0,0.0,0.31387320160865784,0.1686767041683197,0.21810249984264374,0.0,0.0,0.0,0.34518471360206604
item0,1956-12-31T00:00:00,0.14245009422302246,0.40844109654426575,0.0,0.0,0.0,nan,0.0,0.689338207244873,0.0,0.10603330284357071,0.21810249984264374,0.0,0.0,0.0,0.0
item0,1957-03-31T00:00:00,0.0,0.0,0.0,0.0,0.0,nan,0.0,0.0,0.23234200477600098,0.2861503064632416,0.11809159815311432,0.1925669014453888,0.0,0.0,0.0
item0,1957-06-30T00:00:00,0.5066711902618408,0.0,0.0,0.0,0.0,nan,0.0,0.0,0.0,0.08760400116443634,0.0,0.5035247206687927,0.39944079518318176,0.0,0.0
item0,1957-09-30T00:00:00,0.0,0.24984389543533325,0.3639672100543976,0.139997199177742,0.0,nan,0.0,0.15725739300251007,0.0,0.10582009702920914,0.0,0.10471200197935104,0.35945358872413635,0.0,0.35273370146751404
item0,1957-12-31T00:00:00,0.0,0.2845354974269867,0.0,0.0,0.0,nan,0.0,0.0,0.11039959639310837,0.09221690148115158,0.3512468934059143,0.1231527030467987,0.0,0.0,0.0
item0,1958-03-31T00:00:00,0.12038040161132812,0.0,0.6613755822181702,0.0,0.0,nan,0.0,0.25503700971603394,0.0,0.2333178073167801,0.0,0.27696990966796875,0.0,0.26178011298179626,0.0
item0,1958-06-30T00:00:00,0.0,0.0,0.24527840316295624,0.0,0.0,nan,0.0,0.0,0.24533860385417938,0.10496480017900467,0.0,0.0,0.21881839632987976,0.0,0.38138818740844727
item0,1958-09-30T00:00:00,0.0,0.0,0.2312673032283783,1.1178539991378784,0.11153250187635422,nan,0.0,0.0,0.24727989733219147,0.0,0.0,0.0,0.0,1.033769965171814,0.0
item0,1958-12-31T00:00:00,0.0,0.0,0.0,0.0,0.0,nan,0.0,0.0,0.0,0.11757790297269821,0.2224941998720169,0.26089221239089966,0.0,0.2610965967178345,0.3199999928474426
item0,1959-03-31T00:00:00,0.13453519344329834,0.11672700196504593,0.0,0.0,0.0,nan,0.0,0.0,0.3059351146221161,0.0,0.0,0.0,0.0,0.24673080444335938,0.0
item0,1959-06-30T00:00:00,0.12879960238933563,0.0,0.0,0.0,0.0,nan,0.0,0.20092420279979706,0.0,0.0,0.0,0.0,0.0,0.0,0.0
item0,1959-09-30T00:00:00,0.27975940704345703,0.25863179564476013,0.3416467010974884,0.0,0.0,nan,0.0,0.0,0.2239139974117279,0.09886310249567032,0.0,0.0,0.19065779447555542,0.0,0.0
item0,1959-12-31T00:00:00,0.440722793340683,0.0990884006023407,0.37929069995880127,0.0,0.0,nan,0.0,0.0,0.0,0.30781859159469604,0.11734329909086227,0.13711780309677124,0.3997601866722107,0.0,0.0
item0,1960-03-31T00:00:00,0.24539880454540253,0.30309149622917175,0.6101281046867371,0.0,0.0,nan,0.0,0.18843039870262146,0.0,0.10781670361757278,0.0,0.0,0.0,0.0,0.0
item0,1960-06-30T00:00:00,0.0,0.0,0.0,0.0,0.0,nan,0.0,0.0,0.10486579686403275,0.09947279840707779,0.1091822013258934,0.0,0.0,0.0,0.0
item0,1960-09-30T00:00:00,0.0,0.49194440245628357,0.0,0.0,0.0,nan,0.0,0.0,0.1171920970082283,0.2463964968919754,0.0,0.255787193775177,0.3763642907142639,0.0,0.0
item0,1960-12-31T00:00:00,0.0,0.0,0.0,0.13730600476264954,0.13024219870567322,nan,0.0,0.0,0.12569129467010498,0.1927897036075592,0.12445549666881561,0.12618300318717957,0.0,0.0,0.0
item0,1961-03-31T00:00:00,0.0,0.12417729943990707,0.20337599515914917,0.13734379410743713,0.0,nan,0.0,0.0,0.0,0.266276091337204,0.0,0.1118192970752716,0.16160309314727783,0.0,0.0
item0,1961-06-30T00:00:00,0.24657869338989258,0.23113369941711426,0.3163555860519409,0.3374389111995697,0.0,nan,0.0,0.0,0.26130130887031555,0.10012009739875793,0.0,0.21461530029773712,0.0,0.0,0.0
item0,1961-09-30T00:00:00,0.24280689656734467,0.1080264002084732,0.0,0.2780480980873108,0.0,0.1795653998851776,0.0,0.38654810190200806,0.0,0.0,0.11630609631538391,0.11563369631767273,0.0,0.0,0.0
item0,1961-12-31T00:00:00,0.0,0.22797219455242157,0.0,0.5579733848571777,0.0,0.3186742961406708,0.0,0.22177870571613312,0.10964909940958023,0.0,0.2294631004333496,0.0,0.20529669523239136,0.0,0.0
item0,1962-03-31T00:00:00,0.2375860959291458,0.0,0.6006006002426147,0.33681368827819824,0.0,0.0,0.0,0.46210721135139465,0.11046060174703598,0.20876829326152802,0.0,0.2027163952589035,0.0,0.0,0.0
item0,1962-06-30T00:00:00,0.12077300250530243,0.45195698738098145,1.5625,0.38684719800949097,0.11046060174703598,0.0,0.0,0.0,0.7348619103431702,0.6185566782951355,0.1113710030913353,0.0,0.0,0.0,0.0
item0,1962-09-30T00:00:00,0.0,0.19243720173835754,0.2631579041481018,0.24265959858894348,0.0,0.0,0.0,0.0,0.1255808025598526,0.5142974853515625,0.055410899221897125,0.2220495045185089,0.0,0.0,0.0
item0,1962-12-31T00:00:00,0.0,0.0,0.9548817873001099,0.0,0.09217440336942673,0.0,0.0,0.0,0.21092599630355835,0.351895809173584,0.0,0.10086750239133835,0.0,0.0,0.0
item0,1963-03-31T00:00:00,0.1152338981628418,0.08862890303134918,0.3687995970249176,0.0,0.0,0.0,0.0,0.0,0.0,0.0,0.1083775982260704,0.0,0.0,0.09035059809684753,0.0
item0,1963-06-30T00:00:00,0.2511616051197052,0.1758551001548767,0.19611689448356628,0.12968489527702332,0.09626489877700806,0.0,0.0,0.0,0.11091390252113342,0.0,0.0,0.09426850080490112,0.0,0.19780440628528595,0.41649308800697327
item0,1963-09-30T00:00:00,0.3614022135734558,0.21561020612716675,0.0,0.1182032972574234,0.09435740113258362,0.0,0.0,0.0,0.11683610081672668,0.12244399636983871,0.26599279046058655,0.2011667937040329,0.0,0.09279020130634308,0.0
item0,1963-12-31T00:00:00,0.12861740589141846,0.3239040970802307,0.4499100148677826,0.0,0.0959969013929367,0.0,0.7490636706352234,0.330251008272171,0.0,0.7361447215080261,0.3847633898258209,0.27966809272766113,0.6417111754417419,0.0938791036605835,0.0
item0,1964-03-31T00:00:00,0.0,0.11726079881191254,0.43338069319725037,0.0,0.08880209922790527,0.19346100091934204,0.8203446269035339,0.0,0.6954103112220764,0.345025897026062,0.0,0.19663749635219574,0.38015589118003845,0.0,0.0
item0,1964-06-30T00:00:00,0.0,0.0,0.4154624044895172,0.0,0.06734909862279892,0.0,0.4253509044647217,0.0,0.0,0.12550200521945953,0.0,0.0,0.4067521095275879,0.09246840327978134,0.0
item0,1964-09-30T00:00:00,0.3004356026649475,0.0,0.3959724009037018,0.0,0.0,0.0,0.0,0.0,0.7625826001167297,0.31039831042289734,0.0,0.1345714032649994,0.3736920952796936,0.09638550132513046,0.0
item0,1964-12-31T00:00:00,0.2514773905277252,0.1236552968621254,0.374694287776947,0.34965041279792786,0.0,0.17708520591259003,0.692520797252655,0.0,0.0,0.473933607339859,0.0,0.21966759860515594,0.7128853797912598,0.0,0.0
item0,1965-03-31T00:00:00,0.25957170128822327,0.29539188742637634,0.35137030482292175,0.2618257999420166,0.0,0.0,0.0,0.0,0.1455180048942566,0.29216980934143066,0.0,0.32123351097106934,0.2892262935638428,0.0,0.0
item0,1965-06-30T00:00:00,0.2670226991176605,0.4582951068878174,0.32569050788879395,0.17427679896354675,0.0,0.0,0.5870267152786255,0.1859772950410843,0.12428539991378784,0.11055830121040344,0.0,0.15777850151062012,0.0,0.0,0.0
item0,1965-09-30T00:00:00,0.17925970256328583,0.11683610081672668,0.2972787916660309,0.7531065940856934,0.0,0.0,0.0,0.0,0.6080505847930908,0.19577130675315857,0.3897623121738434,0.11568719893693924,0.17966219782829285,0.34895890951156616,0.0
item0,1965-12-31T00:00:00,0.0,0.1888395994901657,0.26567479968070984,0.28636878728866577,0.0,0.0,0.0,0.0,0.2126981019973755,0.2416042983531952,0.1228049024939537,0.0,0.0,0.23818029463291168,0.0
item0,1966-03-31T00:00:00,0.7639418840408325,0.40600889921188354,0.23030860722064972,0.23934899270534515,0.0,0.3282994031906128,0.0,0.0,0.24224810302257538,0.11209510266780853,0.052562400698661804,0.5069708228111267,0.0,0.0,0.0
item0,1966-06-30T00:00:00,0.11052169650793076,0.6046993732452393,0.5062010288238525,0.19240020215511322,0.09508419781923294,0.1497454047203064,0.0,0.0,0.3523608148097992,0.0,0.0,0.10529640316963196,0.11582119762897491,0.25967279076576233,0.15873019397258759
item0,1966-09-30T00:00:00,0.0,0.18749409914016724,0.41084641218185425,0.0,0.0,0.5692598819732666,0.0,0.0,0.0,0.09132420271635056,0.23540489375591278,0.1881231963634491,0.0,0.4713645875453949,0.31633061170578003
item0,1966-12-31T00:00:00,0.24322019517421722,0.0,0.0,0.10249049961566925,0.0,0.3892565071582794,0.25087809562683105,0.0,1.1023329496383667,0.0,0.11637379974126816,0.3100774884223938,0.2172967940568924,0.41385018825531006,0.4728131890296936
item0,1967-03-31T00:00:00,0.12278980016708374,0.0,0.0,0.0,0.0,0.0,0.28776979446411133,0.13933399319648743,0.576701283454895,0.11825919896364212,0.18742389976978302,0.1503532975912094,0.5755947828292847,0.0,0.2745743989944458
item0,1967-06-30T00:00:00,0.10528530180454254,0.0,0.0,0.0,0.0,0.0,0.29859659075737,0.0,0.1717327982187271,0.0645160973072052,0.0,0.14100399613380432,0.0,0.2199735939502716,0.0
item0,1967-09-30T00:00:00,0.0,0.0,0.0,0.0,0.0,0.0,0.0,0.1541782021522522,0.35026270151138306,0.627221405506134,0.0,0.14515890181064606,0.0,0.0,0.21021650731563568
item0,1967-12-31T00:00:00,0.0,0.2659102976322174,0.0,0.0,0.09350159764289856,0.0,0.5732300877571106,0.12983639538288116,0.40888649225234985,0.0,0.29405999183654785,0.4927321970462799,0.0,0.13034409284591675,0.0
item0,1968-03-31T00:00:00,0.09354539960622787,0.26467278599739075,0.0,0.0,0.0,0.0,0.0,0.1143902987241745,0.29753050208091736,0.0,0.10595469921827316,0.12448649853467941,0.48157960176467896,0.3563474118709564,0.0
item0,1968-06-30T00:00:00,0.2396070957183838,0.08034060150384903,0.0,0.0,0.1854255050420761,0.0,0.7410151958465576,0.13789300620555878,1.001001000404358,0.0,0.0,0.16046209633350372,0.3127933144569397,0.1544162929058075,0.22799819707870483
item0,1968-09-30T00:00:00,0.0,0.14940980076789856,0.0,0.0,0.0,0.0,0.0,0.1490090936422348,0.7989773154258728,0.0,0.0,0.0910331979393959,0.25994279980659485,0.225606307387352,0.23590469360351562
item0,1968-12-31T00:00:00,0.28518471121788025,0.1826149970293045,0.0,0.10981769859790802,0.0,0.16758839786052704,0.0,0.0,0.10928960144519806,0.5499945282936096,0.2674511969089508,0.1896813064813614,0.7543373703956604,0.0,0.4109308123588562
item0,1969-03-31T00:00:00,0.0,0.077537402510643,0.0,0.1305994987487793,0.0,0.0,0.33738189935684204,0.1499025970697403,0.12498439848423004,0.1204674020409584,0.0,0.46630918979644775,0.1984127014875412,0.26118749380111694,0.21482279896736145
item0,1969-06-30T00:00:00,0.0,0.0,0.26301950216293335,0.10777019709348679,0.0,0.0,0.0,0.12714560329914093,0.5070350766181946,0.11232169717550278,0.12838619947433472,0.0,0.0,0.0,0.0
item0,1969-09-30T00:00:00,0.0,0.22775579988956451,0.23121389746665955,0.0,0.0,0.0,0.0,0.0,0.37853699922561646,0.24673080444335938,0.2361554056406021,0.10054290294647217,0.3471618890762329,0.0,0.4848876893520355
item0,1969-12-31T00:00:00,0.14349259436130524,0.08439529687166214,0.6662225127220154,0.319863498210907,0.0,0.3490402102470398,0.0,0.0,0.0,0.2358769029378891,0.24551929533481598,0.11232169717550278,0.0,0.0,0.29533371329307556
item0,1970-03-31T00:00:00,0.0,0.0,0.3483107089996338,0.14136269688606262,0.0,0.0,0.0,0.0,0.0,0.0,0.10907500237226486,0.25278058648109436,0.20362450182437897,0.12400790303945541,0.46860361099243164
item0,1970-06-30T00:00:00,0.0,0.062390800565481186,0.3688676059246063,0.0,0.0,0.0,0.0,0.0,0.0,0.11031439900398254,0.0,0.0,0.0,0.0,0.0
item0,1970-09-30T00:00:00,0.0,0.0,0.4716981053352356,0.0,0.0,0.2703433036804199,0.35161739587783813,0.0,0.14427930116653442,0.23166920244693756,0.12428539991378784,0.10274320095777512,0.38722169399261475,0.0,0.3772872984409332
item0,1970-12-31T00:00:00,0.0,0.08963789790868759,0.46232089400291443,0.25923529267311096,0.0,0.5818464159965515,0.0,0.0,0.6809669733047485,0.0,0.0,0.11846940219402313,0.0,0.0,0.0
item0,1971-03-31T00:00:00,0.0,0.09817399829626083,0.0,0.0,0.10830719769001007,0.46029919385910034,0.0,0.0,0.1580277979373932,0.2862595021724701,0.0,0.5182421207427979,0.18288220465183258,0.14318439364433289,0.0
item0,1971-06-30T00:00:00,0.0,0.07975120097398758,0.0,0.28552401065826416,0.0,0.3850597143173218,0.0,0.0,0.4658530056476593,0.09178519994020462,0.12125620245933533,0.15243899822235107,0.2068679928779602,0.1114329993724823,0.15647000074386597
item0,1971-09-30T00:00:00,0.0,0.11771629750728607,0.0,0.3610107898712158,0.0,0.2300436943769455,0.1771164983510971,0.0,0.12428539991378784,0.13423720002174377,0.12316790223121643,0.10699760168790817,0.9478672742843628,0.08370999991893768,0.18079909682273865
item0,1971-12-31T00:00:00,0.0,0.11508800089359283,0.0,0.0,0.0,0.49321821331977844,0.0,0.0,0.0,0.0915163978934288,0.0,0.6402047872543335,1.1565150022506714,0.10271160304546356,0.0
item0,1972-03-31T00:00:00,0.0,0.0,0.0,0.35385701060295105,0.10017029941082001,0.0,0.0,0.0,0.17861929535865784,0.17842809855937958,0.30998140573501587,0.4048582911491394,0.37643519043922424,0.0,0.15880580246448517
item0,1972-06-30T00:00:00,0.0,0.09334450215101242,0.16672219336032867,0.14088480174541473,0.0,0.19813750684261322,0.14488549530506134,0.0,0.2262188047170639,0.08858180046081543,0.19872809946537018,0.16873370110988617,0.6954103112220764,0.0,0.18155409395694733
item0,1972-09-30T00:00:00,0.0,0.0,0.0,0.0,0.0,0.1555452048778534,0.0,0.0,0.30413618683815,0.0,0.20708219707012177,0.0,0.18214939534664154,0.0,0.6280421018600464
item0,1972-12-31T00:00:00,0.14300009608268738,0.0,0.16798250377178192,0.0,0.10097949951887131,0.0,0.0,0.0,0.4445762038230896,0.18271510303020477,0.25077319145202637,0.0,0.0,0.0,0.0
item0,1973-03-31T00:00:00,0.13609150052070618,0.0,0.0,0.2460629940032959,0.0,0.15880580246448517,0.0,0.0,0.23145470023155212,0.0,0.09760860353708267,0.0,0.6019260883331299,0.0,0.0
item0,1973-06-30T00:00:00,0.0,0.0,0.0,0.0,0.10905130207538605,0.0,0.0,0.0,0.2570694088935852,0.08553589880466461,0.09109959751367569,0.0,0.20169420540332794,0.0,0.0
item0,1973-09-30T00:00:00,0.0,0.0,0.0,0.1352631002664566,0.0,0.1534212976694107,0.0,0.0,0.1573317050933838,0.0,0.15033070743083954,0.2297794073820114,0.0,0.0,0.6386715769767761
item0,1973-12-31T00:00:00,0.1583281010389328,0.08976659923791885,0.0,0.1242545023560524,0.0,0.8387501835823059,0.0,0.12081670016050339,0.0,0.0,0.0,0.21328780055046082,0.0,0.0,0.12712940573692322
item0,1974-03-31T00:00:00,0.0,0.0,0.0,0.22601419687271118,0.0,0.18274849653244019,0.0,0.0,0.1256754994392395,0.0,0.0,0.30937400460243225,0.5555555820465088,0.0,0.17250299453735352
item0,1974-06-30T00:00:00,0.0,0.0,0.28137311339378357,0.0,0.2885724902153015,0.0,0.21321959793567657,0.0,0.10454779863357544,0.0,0.09234459698200226,0.875,0.5709934830665588,0.10751529783010483,0.20036070048809052
item0,1974-09-30T00:00:00,0.0,0.08806689828634262,0.0,0.3025412857532501,0.0,0.31274428963661194,0.2118643969297409,0.0,0.12856779992580414,0.2826988101005554,0.10288070142269135,0.2640148103237152,0.19131429493427277,0.07540339976549149,0.18885740637779236
item0,1974-12-31T00:00:00,0.0,0.1971026062965393,0.47641730308532715,0.40338850021362305,0.0,0.5871989727020264,0.2098636031150818,0.0,0.0,0.0983768031001091,0.0,0.09902949631214142,0.586051881313324,0.0,0.0
item0,1975-03-31T00:00:00,0.0,0.32233110070228577,0.0,0.0,0.0,0.0,0.0,0.0,0.0,0.2027163952589035,0.44436541199684143,0.0,0.0,0.0,0.0
item0,1975-06-30T00:00:00,0.0,0.0800769031047821,0.0,0.0,0.0,0.0,0.0,0.07939030230045319,0.4081076979637146,0.2050860971212387,0.0,0.30759769678115845,0.5228301882743835,0.0,0.0
item0,1975-09-30T00:00:00,0.1308901011943817,0.0795987993478775,0.0,0.0,0.0,0.0,0.2060580998659134,0.18071749806404114,0.0,0.11165700107812881,0.3598093092441559,0.16310550272464752,0.18109379708766937,0.0,0.1007251963019371
item0,1975-12-31T00:00:00,0.0,0.0,0.0,0.0,0.0,0.14520110189914703,0.0,0.0,0.25813108682632446,0.28951939940452576,0.0,0.09119930118322372,0.38153380155563354,0.0,0.10613460093736649
item0,1976-03-31T00:00:00,0.3680981993675232,0.0,1.5337419509887695,0.0,0.0,0.0,0.688349723815918,0.0,0.15612800419330597,0.18726590275764465,0.33126288652420044,0.3696584105491638,0.17972679436206818,0.0969180017709732,0.1897892951965332
item0,1976-06-30T00:00:00,0.1143902987241745,0.0,1.3892749547958374,0.3573662042617798,0.0,0.536480724811554,0.0,0.2247191071510315,0.12534469366073608,0.46891120076179504,0.0,0.04373310133814812,0.174978107213974,0.12515640258789062,0.17945270240306854
item0,1976-09-30T00:00:00,0.11543349921703339,0.07895780354738235,0.7343940734863281,0.0,0.0,0.31595578789711,0.38722169399261475,0.0,0.9417673945426941,0.22065310180187225,0.06962820142507553,0.0,0.0,0.09480469673871994,0.0
item0,1976-12-31T00:00:00,0.10908690094947815,0.2806820869445801,0.0,0.0,0.33528921008110046,0.0,0.42625749111175537,0.0,0.3065603971481323,0.203998401761055,0.0,0.32393911480903625,0.0,0.21910600364208221,0.0
item0,1977-03-31T00:00:00,0.0,0.13289040327072144,0.0,0.07311540096998215,0.0,0.0,0.22851920127868652,0.07131139934062958,0.12014900147914886,0.0,0.059028398245573044,0.17944729328155518,0.5037782788276672,0.29278290271759033,0.0
item0,1977-06-30T00:00:00,0.16050079464912415,0.21282629668712616,0.16496209800243378,0.0,0.12050370126962662,0.0,0.5190759897232056,0.1908760964870453,0.13537299633026123,0.0833124965429306,0.23922009766101837,0.0,0.0,0.3327786922454834,0.0
item0,1977-09-30T00:00:00,0.5901098251342773,0.0,0.0,0.0,0.0,0.0,1.0699759721755981,0.0,0.23677049577236176,0.08108329772949219,0.3430531919002533,0.12248899787664413,0.1584284007549286,0.15997439622879028,0.0
item0,1977-12-31T00:00:00,0.20193859934806824,0.7114676237106323,0.0,0.07179269939661026,0.0,0.24166260659694672,0.0,0.0,0.3266906142234802,0.20665429532527924,0.056113600730895996,0.0,0.0,0.1708817034959793,0.0
item0,1978-03-31T00:00:00,0.3705900013446808,0.1369674950838089,0.9609224796295166,0.1868343949317932,0.0,0.0,0.40072131156921387,0.0,0.24959440529346466,0.15946419537067413,0.23017610609531403,0.14753609895706177,0.36350420117378235,0.0,0.288767009973526
item0,1978-06-30T00:00:00,0.25018760561943054,0.0,0.5479452013969421,0.0,0.16884760558605194,0.0,0.0,0.0,0.2961207926273346,0.4852798879146576,0.20711080729961395,0.06100910156965256,0.3093101978302002,0.0,0.10875479876995087
item0,1978-09-30T00:00:00,0.3356268107891083,0.06179320067167282,0.5022600889205933,0.12373170256614685,0.06474170088768005,0.14261269569396973,0.0,0.0,0.6227620244026184,0.28991809487342834,0.0833124965429306,0.07545460015535355,0.3588087856769562,0.07567159831523895,0.11738470196723938
item0,1978-12-31T00:00:00,0.0,0.0,0.0,0.28180131316185,0.2107814997434616,0.12426990270614624,0.0,0.07652869820594788,0.0,0.15223020315170288,0.0,0.09697440266609192,0.0,0.0,0.13635119795799255
item0,1979-03-31T00:00:00,0.4074315130710602,0.14499059319496155,0.42725908756256104,0.056663598865270615,0.7414271831512451,0.2792516052722931,0.0,0.14090460538864136,0.0,0.19391119480133057,0.12400030344724655,0.0,0.0,0.0,0.07327619940042496
item0,1979-06-30T00:00:00,0.0,0.13031859695911407,0.0,0.1168702021241188,0.2841070890426636,0.27731558680534363,0.1677570939064026,0.08685830235481262,0.0,0.070353202521801,0.15629880130290985,0.14765599370002747,0.0,0.40444889664649963,0.0
item0,1979-09-30T00:00:00,0.15710920095443726,0.05981219932436943,0.0,0.0,0.08820290118455887,0.0,0.0,0.20716799795627594,0.3216986060142517,0.3276897966861725,0.0,0.08114910125732422,0.16043640673160553,0.26232948899269104,0.0
item0,1979-12-31T00:00:00,0.2254790961742401,0.1732202023267746,0.4213187098503113,0.3353903889656067,0.06444960087537766,0.12926580011844635,0.14992499351501465,0.07768800109624863,0.21544760465621948,0.37735849618911743,0.23046790063381195,0.08800490200519562,0.16627870500087738,0.15961690247058868,0.15976989269256592
item0,1980-03-31T00:00:00,0.34234848618507385,0.057703398168087006,0.13248540461063385,0.0,0.15064780414104462,0.3301964998245239,0.0,0.0,0.35335689783096313,0.21211160719394684,0.1712035983800888,0.4079967141151428,0.1518602967262268,0.07827790081501007,0.16420359909534454
item0,1980-06-30T00:00:00,0.06742630153894424,0.0,0.18044030666351318,0.1526367962360382,0.3220404088497162,0.0,0.0,0.06878530234098434,0.12577030062675476,0.0,0.0,0.26700490713119507,0.29739779233932495,0.25148800015449524,0.0
item0,1980-09-30T00:00:00,0.12648619711399078,0.1371929943561554,0.1775882989168167,0.0826582983136177,0.07947230339050293,0.0,0.0,0.06226259842514992,0.09168419986963272,0.18382349610328674,0.07033830136060715,0.1464235931634903,0.14328700304031372,0.0,0.3946329951286316
item0,1980-12-31T00:00:00,0.3265838921070099,0.05373460054397583,0.0,0.0706413984298706,0.11722639948129654,0.21168500185012817,0.1845359057188034,0.0689321979880333,0.09023640304803848,0.07281730324029922,0.22361360490322113,0.10615149885416031,0.0,0.3985969126224518,0.0
item0,1981-03-31T00:00:00,0.5226845145225525,0.17687639594078064,0.0,0.0827404037117958,0.20533880591392517,0.0,0.2945074141025543,0.0,0.29304030537605286,0.10629250109195709,0.08103729784488678,0.0777847021818161,0.29394468665122986,0.2681683897972107,0.1909489929676056
item0,1981-06-30T00:00:00,0.12159530073404312,0.10312999784946442,0.0,0.17602530121803284,0.0,0.0,0.0,0.0864977017045021,0.0,0.0,0.14433139562606812,0.0,0.131182000041008,0.0,0.0
item0,1981-09-30T00:00:00,0.22323919832706451,0.0,0.1536806970834732,0.0809520035982132,0.4775928854942322,0.13027620315551758,0.3894081115722656,0.0,0.6201165914535522,0.0,0.14411300420761108,0.08763469755649567,0.15271839499473572,0.0,0.0
item0,1981-12-31T00:00:00,0.23724789917469025,0.08217599987983704,0.0,0.2267231047153473,0.2678990066051483,0.0,0.2881014049053192,0.0,0.25322869420051575,0.2131287008523941,0.1754540055990219,0.0,0.2947678864002228,0.46153849363327026,0.3883495032787323
item0,1982-03-31T00:00:00,0.2574444115161896,0.15179109573364258,0.0,0.23353570699691772,0.14877629280090332,0.0,0.15875540673732758,0.08870749920606613,0.0,0.0,0.07377900183200836,0.0,0.2897500991821289,0.061489298939704895,0.1902226060628891
item0,1982-06-30T00:00:00,0.3032754063606262,0.11194449663162231,0.13566680252552032,0.0,0.11375270038843155,0.0,0.17749379575252533,0.1376935988664627,0.0,0.1437608003616333,0.30232030153274536,0.0,0.06905599683523178,0.05494200065732002,0.19747230410575867
item0,1982-09-30T00:00:00,0.0825423002243042,0.1076136976480484,0.0,0.16633400321006775,0.2540005147457123,0.0,0.5028495192527771,0.15991050004959106,0.10981769859790802,0.1515726000070572,0.0,0.10860119760036469,0.13314689695835114,0.08498340100049973,0.0
item0,1982-12-31T00:00:00,0.0,0.0,0.1275835931301117,0.1233958974480629,0.13068479299545288,0.06722240149974823,0.5595970749855042,0.1521144062280655,0.10245899856090546,0.06685829907655716,0.1416832059621811,0.0,0.09827529639005661,0.13570359349250793,0.0
item0,1983-03-31T00:00:00,0.1876349002122879,0.20426230132579803,0.19074870645999908,0.11397310346364975,0.1245872974395752,0.0,0.4250344932079315,0.0,0.0,0.4271222949028015,0.0,0.0,0.05656430125236511,0.0,0.0
item0,1983-06-30T00:00:00,0.18266509473323822,0.12171369791030884,0.30652910470962524,0.1591258943080902,0.236798495054245,0.14273479580879211,0.1412229984998703,0.3400666117668152,0.11515430361032486,0.10233840346336365,0.0,0.0,0.10350900143384933,0.06799480319023132,0.0
item0,1983-09-30T00:00:00,0.09818840026855469,0.07023949921131134,0.0,0.0599483996629715,0.18051360547542572,0.13329780101776123,0.25910091400146484,0.07719620317220688,0.0,0.1015331968665123,0.047458600252866745,0.0,0.18169429898262024,0.12335020303726196,0.0
item0,1983-12-31T00:00:00,0.06851190328598022,0.0,0.0959324985742569,0.0,0.22476960718631744,0.0,0.0,0.21317419409751892,0.09245560318231583,0.18349750339984894,0.0,0.0,0.0,0.049202900379896164,0.0
item0,1984-03-31T00:00:00,0.0,0.10392849892377853,0.1754540055990219,0.06056569889187813,0.0963514968752861,0.05085179954767227,0.15720799565315247,0.044320300221443176,0.0,0.0,0.05551080033183098,0.0488400012254715,0.04225289821624756,0.09606149792671204,0.2673439085483551
item0,1984-06-30T00:00:00,0.033722300082445145,0.0,0.11723329871892929,0.0,0.06865770369768143,0.0,0.0,0.0,0.13102729618549347,0.0,0.0,0.044581200927495956,0.0,0.030639100819826126,0.39272159337997437
item0,1984-09-30T00:00:00,0.0,0.03418689966201782,0.0,0.033771198242902756,0.025671299546957016,0.0,0.2623524069786072,0.11467450112104416,0.0,0.0,0.0,0.0,0.0,0.0,0.13173499703407288
item0,1984-12-31T00:00:00,0.0,0.0543036013841629,0.12518779933452606,0.031512901186943054,0.0,0.0,0.2700878083705902,0.04683290049433708,0.25503700971603394,0.0,0.03604770079255104,0.0,0.0,0.06928569823503494,0.0
item0,1985-03-31T00:00:00,0.02360769920051098,0.0,0.1079564020037651,0.0326819010078907,0.04067020118236542,0.020476700738072395,0.12876640260219574,0.02629919908940792,0.11225859820842743,0.0,0.0,0.0,0.0,0.05138479918241501,0.14819209277629852
item0,1985-06-30T00:00:00,0.026878099888563156,0.0,0.22678309679031372,0.0,0.0,0.04340749979019165,0.2692514955997467,0.0,0.17517739534378052,0.02852660045027733,0.0,0.0,0.13476480543613434,0.0886211022734642,0.14261269569396973
item0,1985-09-30T00:00:00,0.05454050004482269,0.0,0.0,0.0,0.043848101049661636,0.02215079963207245,0.060306400060653687,0.03886060044169426,0.17031419277191162,0.0346825011074543,0.07161270081996918,0.0,0.04221729934215546,0.0,0.0
item0,1985-12-31T00:00:00,0.06185569986701012,0.08399129658937454,0.0,0.0,0.03946489840745926,0.06973820179700851,0.07102780044078827,0.0,0.0,0.0,0.0,0.0,0.046950601041316986,0.13072469830513,0.0
item0,1986-03-31T00:00:00,0.19863930344581604,0.029620900750160217,0.0,0.0,0.0930015966296196,0.08728480339050293,0.37037038803100586,0.04312580078840256,0.09834779798984528,0.08563479781150818,0.06123320013284683,0.0,0.0,0.050543300807476044,0.12997139990329742
item0,1986-06-30T00:00:00,0.16578249633312225,0.0,0.0,0.0,0.0,0.06630419939756393,0.17897629737854004,0.0,0.1121957004070282,0.04735749959945679,0.04028850048780441,0.0,0.0,0.11873190104961395,0.25326070189476013
item0,1986-09-30T00:00:00,0.1819210946559906,0.08462739735841751,0.12570710480213165,0.0,0.0,0.08247420191764832,0.43662670254707336,0.0,0.2775722146034241,0.032732199877500534,0.0,0.0,0.04195160046219826,0.042620301246643066,0.16273389756679535
item0,1986-12-31T00:00:00,0.153397798538208,0.09817879647016525,0.2011263072490692,0.0,0.12865050137043,0.027308199554681778,0.13525390625,0.03824089840054512,0.0,0.04049890115857124,0.0,0.0,0.0,0.17107659578323364,0.0
item0,1987-03-31T00:00:00,0.11479739844799042,0.0,0.0,0.0,0.03648839890956879,0.01988309994339943,0.0,0.0,0.0,0.0,0.1091902032494545,0.0,0.06634820252656937,0.05869920179247856,0.0
item0,1987-06-30T00:00:00,0.20422059297561646,0.026528699323534966,0.0,0.0,0.12020190060138702,0.043316300958395004,0.15449979901313782,0.0,0.11422040313482285,0.0,0.0,0.0,0.07923930138349533,0.22009460628032684,0.12187690287828445
item0,1987-09-30T00:00:00,0.06535089761018753,0.07968760281801224,0.0,0.0,0.04269310086965561,0.10608579963445663,0.07152049988508224,0.0,0.0,0.0,0.030762599781155586,0.0,0.12970510125160217,0.06104259938001633,0.0
item0,1987-12-31T00:00:00,0.2864590883255005,0.2265211045742035,0.0,0.14837899804115295,0.23723189532756805,0.05196969956159592,0.1545117050409317,0.048847198486328125,0.10051260143518448,0.0,0.0,0.05070219933986664,0.030115000903606415,0.057185299694538116,0.0
item0,1988-03-31T00:00:00,0.2585983872413635,0.19180050492286682,0.0,0.08716879785060883,0.2535926103591919,0.21065939962863922,0.1962708979845047,0.059220701456069946,0.33950090408325195,0.15725739300251007,0.18156510591506958,0.08548469841480255,0.0,0.0,0.18681110441684723
item0,1988-06-30T00:00:00,0.10152280330657959,0.31885719299316406,0.1531393975019455,0.0,0.3260515034198761,0.22214819490909576,0.3726060092449188,0.051767900586128235,0.0,0.17754630744457245,0.3924207091331482,0.0,0.11580780148506165,0.33766669034957886,0.0
item0,1988-09-30T00:00:00,0.1593710035085678,0.2246055006980896,0.078678198158741,0.07462690025568008,0.15647000074386597,0.25519320368766785,0.08354920148849487,0.10025569796562195,0.4174320101737976,0.0,0.24210140109062195,0.0,0.17286080121994019,0.16245630383491516,0.0
item0,1988-12-31T00:00:00,0.05028659850358963,0.0,0.09540160000324249,0.36741068959236145,0.06955549865961075,0.25714871287345886,0.17500869929790497,0.08839000016450882,0.08659510314464569,0.19720950722694397,0.16456389427185059,0.09142439812421799,0.18519380688667297,0.0,0.0
item0,1989-03-31T00:00:00,0.2667804956436157,0.24705080687999725,0.29566121101379395,0.0,0.1407856047153473,0.15501469373703003,0.22686029970645905,0.18340769410133362,0.14196479320526123,0.12416960299015045,0.11646869778633118,0.10125560313463211,0.1038367971777916,0.0,0.11851149797439575
item0,1989-06-30T00:00:00,0.20950089395046234,0.11860290169715881,0.23098249733448029,0.08942940086126328,0.20426230132579803,0.0,0.0,0.07300339639186859,0.07508630305528641,0.0,0.23952099680900574,0.0,0.26954180002212524,0.34647029638290405,0.0
item0,1989-09-30T00:00:00,0.0,0.0,0.10104069858789444,0.0877038985490799,0.3040252923965454,0.0,0.17787259817123413,0.0,0.1082485020160675,0.0632350966334343,0.0,0.0,0.160008504986763,0.16232450306415558,0.0
item0,1989-12-31T00:00:00,0.11165700107812881,0.0,0.0,0.2557981014251709,0.2502188980579376,0.0,0.29168689250946045,0.0,0.19934220612049103,0.43564850091934204,0.0560758002102375,0.0,0.0,0.3105267882347107,0.0
item0,1990-03-31T00:00:00,0.09651579707860947,0.16515280306339264,0.06790249794721603,0.30202358961105347,0.0,0.047032300382852554,0.2729753851890564,0.0,0.08313240110874176,0.21554049849510193,0.2222346067428589,0.0945805013179779,0.05642069876194,0.0,0.0
item0,1990-06-30T00:00:00,0.11618450284004211,0.06492660194635391,0.21838830411434174,0.33840951323509216,0.2819680869579315,0.23259060084819794,0.19938190281391144,0.07098239660263062,0.11196950078010559,0.1125556007027626,0.107607901096344,0.09430400282144547,0.09429959952831268,0.0,0.4417937099933624
item0,1990-09-30T00:00:00,0.05849659815430641,0.11313500255346298,0.0955658033490181,0.3518030047416687,0.27649131417274475,0.2599563002586365,0.27475041151046753,0.0,0.22048290073871613,0.5051922798156738,0.3772872984409332,0.15696120262145996,0.12204050272703171,0.06633059680461884,0.0
item0,1990-12-31T00:00:00,0.16371969878673553,0.05208060145378113,0.15196409821510315,0.05657710134983063,0.14240959286689758,0.3221946060657501,0.0,0.07125040143728256,0.08835480362176895,0.39714059233665466,0.24957570433616638,0.07902640104293823,0.1886080950498581,0.07048209756612778,0.0
item0,1991-03-31T00:00:00,0.2385610044002533,0.05337030068039894,0.07032349705696106,0.6384789943695068,0.1369674950838089,0.11729519814252853,0.0,0.06981779634952545,0.32735899090766907,0.13699570298194885,0.16816140711307526,0.29336270689964294,0.0,0.0,0.0
item0,1991-06-30T00:00:00,0.222439706325531,0.0,0.26125580072402954,0.29979610443115234,0.06746730208396912,0.24898849427700043,0.08543360233306885,0.0,0.35360679030418396,0.2976189851760864,0.22202490270137787,0.2014639973640442,0.04767810180783272,0.06719529628753662,0.0
item0,1991-09-30T00:00:00,0.11439680308103561,0.043832700699567795,0.08257640153169632,0.05891359969973564,0.13699570298194885,0.21286790072917938,0.31128400564193726,0.0,0.0,0.05150130018591881,0.054115500301122665,0.07440479844808578,0.0,0.08068419992923737,0.1253919005393982
item0,1991-12-31T00:00:00,0.15580369532108307,0.05645570158958435,0.07453230023384094,0.30780598521232605,0.1776093989610672,0.3097093999385834,0.499085009098053,0.20797230303287506,0.28113579750061035,0.16631320118904114,0.21623960137367249,0.0,0.0,0.07556290179491043,0.0
item0,1992-03-31T00:00:00,0.22843219339847565,0.06384880095720291,0.0,0.4430660009384155,0.23223410546779633,0.28945231437683105,0.4096345901489258,0.0,0.0,0.043811600655317307,0.26887500286102295,0.0,0.17586030066013336,0.17542320489883423,0.11022929847240448
item0,1992-06-30T00:00:00,0.1593308001756668,0.0,0.121036097407341,0.32094138860702515,0.5465226769447327,0.041659701615571976,0.5750762224197388,0.0,0.06690309941768646,0.18762609362602234,0.15261739492416382,0.39419740438461304,0.0,0.07824110239744186,0.12439359724521637
item0,1992-09-30T00:00:00,0.13611610233783722,0.04604899883270264,0.0983768031001091,0.1603848934173584,0.26383480429649353,0.040464501827955246,0.20709650218486786,0.0,0.23234200477600098,0.048933301120996475,0.05245489999651909,0.07085160166025162,0.0,0.11556690186262131,0.093852698802948
item0,1992-12-31T00:00:00,0.10359469801187515,0.16358579695224762,0.04979579895734787,0.11171939969062805,0.28861701488494873,0.2489544004201889,0.11927480250597,0.14044289290905,0.0720617026090622,0.041979800909757614,0.0,0.3029690980911255,0.09206409752368927,0.0,0.0
item0,1993-03-31T00:00:00,0.19925880432128906,0.27332359552383423,0.0,0.3706252872943878,0.10886719822883606,0.04240339994430542,0.0604046992957592,0.053364600986242294,0.13231010735034943,0.04719650000333786,0.0,0.584351122379303,0.0,0.0,0.1066552996635437
item0,1993-06-30T00:00:00,0.22896389663219452,0.10190039873123169,0.0,0.22537750005722046,0.0,0.2100398987531662,0.23950180411338806,0.04797770082950592,0.191975399851799,0.0,0.0,0.18705570697784424,0.0,0.061387401074171066,0.0
item0,1993-09-30T00:00:00,0.09459400177001953,0.14022620022296906,0.0,0.09857069700956345,0.0,0.1404494047164917,0.4920957088470459,0.0,0.29942360520362854,0.1687479019165039,0.0973282977938652,0.3054927885532379,0.20098890364170074,0.2209455966949463,0.222940593957901
item0,1993-12-31T00:00:00,0.0,0.053856100887060165,0.1459641009569168,0.16002559661865234,0.0,0.2838973104953766,0.14667059481143951,0.0,0.20645520091056824,0.09531070291996002,0.18195879459381104,0.2820715010166168,0.10030090063810349,0.0,0.1193460002541542
item0,1994-03-31T00:00:00,0.16005979478359222,0.049137599766254425,0.0,0.0,0.0,0.34891828894615173,0.22015120089054108,0.05094759911298752,0.0,0.0,0.0,0.11489629745483398,0.08061269670724869,0.08503399789333344,0.11196950078010559
item0,1994-06-30T00:00:00,0.15048150718212128,0.044238001108169556,0.15349189937114716,0.04751500114798546,0.0,0.37172749638557434,0.2667199969291687,0.05505400151014328,0.07880839705467224,0.0,0.15212209522724152,0.37642499804496765,0.042417798191308975,0.08289120346307755,0.0
item0,1994-09-30T00:00:00,0.2589890956878662,0.11516760289669037,0.0,0.0,0.0,0.05114300176501274,0.21140159666538239,0.046818699687719345,0.06086980178952217,0.04735749959945679,0.2397506982088089,0.35141149163246155,0.09638550132513046,0.0,0.0
item0,1994-12-31T00:00:00,0.18550290167331696,0.04949269816279411,0.0,0.10043690353631973,0.05497220158576965,0.13856810331344604,0.19443899393081665,0.15039099752902985,0.06687170267105103,0.04256590083241463,0.09064129739999771,0.12737229466438293,0.0432731993496418,0.0,0.10186409950256348
item0,1995-03-31T00:00:00,0.11408580094575882,0.24371220171451569,0.0,0.10105600208044052,0.055617399513721466,0.05058420076966286,0.0,0.0,0.0,0.0,0.0,0.12230920046567917,0.0,0.06028449907898903,0.12208519876003265
item0,1995-06-30T00:00:00,0.11735709756612778,0.0,0.0,0.29258298873901367,0.0,0.0,0.10331650078296661,0.053208500146865845,0.11471839994192123,0.0,0.0,0.39321428537368774,0.04564959928393364,0.2049179971218109,0.0
item0,1995-09-30T00:00:00,0.2287386953830719,0.0,0.0,0.20750120282173157,0.0,0.0,0.05914359912276268,0.09190750122070312,0.5319432020187378,0.052271198481321335,0.061546001583337784,0.0,0.08734390139579773,0.0,0.060672201216220856
item0,1995-12-31T00:00:00,0.10645090043544769,0.048695001751184464,0.27357909083366394,0.0,0.0,0.0,0.25858500599861145,0.05230399966239929,0.15204499661922455,0.04862159863114357,0.25314849615097046,0.2553136944770813,0.08122490346431732,0.0,0.0
item0,1996-03-31T00:00:00,0.0,0.0,0.1383891999721527,0.6987712979316711,0.06565990298986435,0.14783060550689697,0.05923119932413101,0.10424809902906418,0.5287346839904785,0.10855410248041153,0.06315120309591293,0.26820439100265503,0.14850009977817535,0.0,0.09537430107593536
item0,1996-06-30T00:00:00,0.1463164985179901,0.07358890026807785,0.0,0.558035671710968,0.07169999927282333,0.0,0.36260348558425903,0.04936080053448677,0.14451910555362701,0.15419410169124603,0.12417729943990707,0.14234879612922668,0.09814509749412537,0.0,0.0
item0,1996-09-30T00:00:00,0.5212134122848511,0.06734459847211838,0.0,0.5243226885795593,0.0,0.16351890563964844,0.06073490157723427,0.10912270098924637,0.0,0.05782020092010498,0.20591670274734497,0.13962580263614655,0.04486120119690895,0.08450940251350403,0.0
item0,1996-12-31T00:00:00,0.6783877015113831,0.0,0.13375240564346313,0.13381509482860565,0.1404888927936554,0.07917659729719162,0.0,0.1348617970943451,0.04977349936962128,0.1284274011850357,0.2148074060678482,0.13325339555740356,0.04914730042219162,0.0803212970495224,0.0
item0,1997-03-31T00:00:00,0.11316700279712677,0.0,0.059880200773477554,0.3079766035079956,0.0,0.07980850338935852,0.12544690072536469,0.0,0.04749239981174469,0.16019649803638458,0.29442939162254333,0.13873469829559326,0.05260109901428223,0.08735910058021545,0.26341208815574646
item0,1997-06-30T00:00:00,0.2275054007768631,0.04956379905343056,0.05562660098075867,0.06448700278997421,0.0,0.13729660212993622,0.056471601128578186,0.11080949753522873,0.1742970049381256,0.10162089765071869,0.061869699507951736,0.07505249977111816,0.10909289866685867,0.09421519935131073,0.08280889689922333
item0,1997-09-30T00:00:00,0.5623347759246826,0.0,0.0,0.06763149797916412,0.0,0.0,0.05049480125308037,0.0,0.3238970935344696,0.16171640157699585,0.1613077074289322,0.07164859771728516,0.0,0.0,0.0
item0,1997-12-31T00:00:00,0.14677099883556366,0.0,0.049608100205659866,0.0,0.08034709841012955,0.06836199760437012,0.1942501962184906,0.0,0.06789329648017883,0.3388108015060425,0.12982800602912903,0.08728290349245071,0.0,0.1056412011384964,0.2915027141571045
item0,1998-03-31T00:00:00,0.31943780183792114,0.1819947063922882,0.11728829890489578,0.12155099958181381,0.0,0.14635929465293884,0.22345119714736938,0.0,0.35484060645103455,0.173340305685997,0.11829420179128647,0.16207459568977356,0.04582739993929863,0.16406889259815216,0.6341657042503357
item0,1998-06-30T00:00:00,0.40116339921951294,0.06626469641923904,0.195210799574852,0.12949170172214508,0.15879319608211517,0.0,0.046509500592947006,0.19467879831790924,0.1920246034860611,0.24164800345897675,0.14391249418258667,0.0,0.0,0.0,0.30326008796691895
item0,1998-09-30T00:00:00,0.09977550059556961,0.19158309698104858,0.312051385641098,0.2453085035085678,0.0,0.0,0.060536399483680725,0.13346679508686066,0.19108280539512634,0.056376099586486816,0.05470160022377968,0.3976143002510071,0.0,0.0,0.06936740130186081
item0,1998-12-31T00:00:00,0.0483115017414093,0.0,0.1753053069114685,0.3137156069278717,0.0,0.0,0.28357529640197754,0.12247399985790253,0.0,0.17927570641040802,0.14794360101222992,0.15909630060195923,0.13623979687690735,0.0,0.06950719654560089
item0,1999-03-31T00:00:00,0.18680240213871002,0.11485009640455246,0.21283389627933502,0.3490197956562042,0.0,0.0,0.25083088874816895,0.16890940070152283,0.0,0.22518719732761383,0.11324390023946762,0.0,0.13733750581741333,0.08417510241270065,0.13493460416793823
item0,1999-06-30T00:00:00,0.4400053024291992,0.11978200078010559,0.23723669350147247,0.26232948899269104,0.08163929730653763,0.0,0.3685050904750824,0.0,0.18366600573062897,0.18671810626983643,0.1481993943452835,0.0,0.21818819642066956,0.0,0.4821268916130066
item0,1999-09-30T00:00:00,0.19207680225372314,0.0,0.0,0.21080370247364044,0.0,0.14171330630779266,0.12377770245075226,0.11191940307617188,0.25876569747924805,0.0,0.05373460054397583,0.0,0.13671790063381195,0.14464449882507324,0.15704749524593353
item0,1999-12-31T00:00:00,0.26529890298843384,0.0,0.10793309658765793,0.04431639984250069,0.0,0.19037950038909912,0.3774771988391876,0.11736399680376053,0.16578249633312225,0.13144919276237488,0.10469560325145721,0.0,0.0,0.14877629280090332,0.3392820954322815
item0,2000-03-31T00:00:00,0.3903200924396515,0.0,0.0,0.28557440638542175,0.13053129613399506,0.0,0.06026269868016243,0.0,0.1798885017633438,0.06943000108003616,0.0,0.0,0.09771829843521118,0.0652145966887474,0.27685490250587463
item0,2000-06-30T00:00:00,0.36037328839302063,0.0,0.0,0.4112265110015869,0.07638250291347504,0.1861851066350937,0.07659900188446045,0.0,0.0,0.0,0.0,0.0,0.09144110232591629,0.1579529047012329,0.2383221983909607
item0,2000-09-30T00:00:00,0.5318713784217834,0.17082339525222778,0.0,0.11258090287446976,0.18424120545387268,0.08718399703502655,0.24437929689884186,0.0,0.15590889751911163,0.14183390140533447,0.06017569825053215,0.0,0.16521640121936798,0.37067240476608276,0.8272542953491211
item0,2000-12-31T00:00:00,0.5168445110321045,0.08300130069255829,0.060953300446271896,0.2199614942073822,0.0,0.3785010874271393,0.9583551287651062,0.13240650296211243,0.0,0.0737408995628357,0.06671559810638428,0.07474959641695023,0.23919150233268738,0.35023820400238037,0.7656065821647644
item0,2001-03-31T00:00:00,0.6815704107284546,0.3110904097557068,0.0,0.058180101215839386,0.2858775854110718,0.29313480854034424,0.16401509940624237,0.0669298991560936,0.16070710122585297,0.27859029173851013,0.12574659287929535,0.28386908769607544,0.33103808760643005,0.13850420713424683,0.8352475166320801
item0,2001-06-30T00:00:00,0.5984839200973511,0.06875690072774887,0.0,0.5042356252670288,0.4272722005844116,0.20967289805412292,0.1354829967021942,0.0,0.0,0.19402410089969635,0.06381619721651077,0.2977963089942932,0.23967880010604858,0.2068537026643753,0.5963029265403748
item0,2001-09-30T00:00:00,0.653400719165802,0.34064579010009766,0.0,0.6972458958625793,0.17859269678592682,0.28135329484939575,0.24327939748764038,0.12998829782009125,0.23724789917469025,0.0,0.26948368549346924,0.21624739468097687,0.36836931109428406,0.14079549908638,0.37664780020713806
item0,2001-12-31T00:00:00,0.26238110661506653,0.2687990963459015,0.0,0.5325071215629578,0.5241395235061646,0.1308985948562622,0.18160900473594666,0.132423996925354,0.0,0.12289539724588394,0.13020829856395721,0.5279831290245056,0.24076080322265625,0.24995310604572296,0.13710840046405792
item0,2002-03-31T00:00:00,0.3796747028827667,0.25155648589134216,0.21439290046691895,0.31524428725242615,0.18252620100975037,0.1346167027950287,0.056497201323509216,0.23721979558467865,0.05470459908246994,0.12049639970064163,0.11833620071411133,0.0,0.12001919746398926,0.26336580514907837,0.06800869852304459
item0,2002-06-30T00:00:00,0.21229170262813568,0.13396739959716797,0.07336220145225525,0.0,0.0,0.0,0.0,0.14196479320526123,0.1290488988161087,0.0,0.44553351402282715,0.4920453131198883,0.0,0.0,0.0
item0,2002-09-30T00:00:00,0.0,0.23775559663772583,0.22485379874706268,0.23348119854927063,0.0,0.0,0.0,0.0,0.0,0.15642109513282776,0.0,0.0,0.0,0.0,0.0
item0,2002-12-31T00:00:00,0.27292579412460327,0.45584049820899963,0.1342281997203827,0.3235050141811371,0.11689750105142593,0.19157089293003082,0.4116435945034027,0.05962669849395752,0.0,0.0,0.10269050300121307,0.27599531412124634,0.34100601077079773,0.2736127972602844,0.48227640986442566
item0,2003-03-31T00:00:00,0.16054800152778625,0.5029057264328003,0.6020066738128662,0.19708320498466492,0.0,0.0625,0.34234848618507385,0.18247060477733612,0.11981789767742157,0.060617100447416306,0.10854820162057877,0.13426420092582703,0.17480480670928955,0.18691590428352356,0.3390060067176819
item0,2003-06-30T00:00:00,0.5453913807868958,0.3296703100204468,0.6587181091308594,0.46860361099243164,0.0,0.17257249355316162,0.37152281403541565,0.0,0.12201820313930511,0.24850890040397644,0.31597238779067993,0.3624764084815979,0.5066711902618408,0.04892129823565483,0.0
item0,2003-09-30T00:00:00,0.2688171863555908,0.31926441192626953,0.5360332727432251,0.1358879953622818,0.06004200130701065,0.16078029572963715,0.3688287138938904,0.18377849459648132,0.0,0.444981187582016,0.10719840228557587,0.12577830255031586,0.2835592031478882,0.05849659815430641,0.2123142033815384
item0,2003-12-31T00:00:00,0.267780601978302,0.06049970164895058,0.22200019657611847,0.25646498799324036,0.18550580739974976,0.12196610122919083,0.23625020682811737,0.06212719902396202,0.0,0.12736420333385468,0.052717600017786026,0.14157289266586304,0.05161819979548454,0.06095699965953827,0.15152660012245178
item0,2004-03-31T00:00:00,0.2940455973148346,0.17319020628929138,0.16047930717468262,0.2547014057636261,0.11405760049819946,0.10152280330657959,0.04515279829502106,0.12777100503444672,0.06559959799051285,0.19104629755020142,0.3333809971809387,0.0,0.15471090376377106,0.0,0.2464268058538437
item0,2004-06-30T00:00:00,0.3002251982688904,0.0,0.12293320149183273,0.13801349699497223,0.0,0.17143839597702026,0.04441479966044426,0.056731101125478745,0.10800299793481827,0.18381230533123016,0.052364200353622437,0.07262159883975983,0.0,0.10340730100870132,0.08731339871883392
item0,2004-09-30T00:00:00,0.32080408930778503,0.12360180169343948,0.1696065068244934,0.22452740371227264,0.0,0.11183810234069824,0.04633060097694397,0.12300880253314972,0.059516701847314835,0.1376083940267563,0.0,0.415253609418869,0.12285769730806351,0.0,0.5574579834938049
item0,2004-12-31T00:00:00,0.376884400844574,0.0602446012198925,0.06291680037975311,0.5674198269844055,0.1144229993224144,0.027852000668644905,0.06216970086097717,0.21024970710277557,0.05252650007605553,0.12360180169343948,0.31679651141166687,0.14468640089035034,0.06762699782848358,0.0,0.26231229305267334
item0,2005-03-31T00:00:00,0.5628411769866943,0.060745999217033386,0.1177787035703659,0.10170350223779678,0.11348160356283188,0.0,0.10476139932870865,0.053498800843954086,0.0,0.12815579771995544,0.10883759707212448,0.0,0.11941009759902954,0.0,0.24805690348148346
item0,2005-06-30T00:00:00,0.11175680160522461,0.10924190282821655,0.05750099942088127,0.14987260103225708,0.10911670327186584,0.17731539905071259,0.0,0.0498603992164135,0.16722409427165985,0.36556389927864075,0.11317340284585953,0.0,0.0,0.0,0.2166064977645874
item0,2005-09-30T00:00:00,0.16962569952011108,0.2134357988834381,0.11500199884176254,0.09881909936666489,0.05892059952020645,0.06004200130701065,0.0602881982922554,0.05050250142812729,0.17699110507965088,0.12679900228977203,0.20538100600242615,0.2064836025238037,0.28137311339378357,0.11257459968328476,0.3297935128211975
item0,2005-12-31T00:00:00,0.2133105993270874,0.1164482980966568,0.11253020167350769,0.19307810068130493,0.2669087052345276,0.0,0.1730203926563263,0.10913459956645966,0.0,0.06012139841914177,0.11421389877796173,0.19765450060367584,0.16668519377708435,0.0,0.20636999607086182
item0,2006-03-31T00:00:00,0.1658191978931427,0.12137400358915329,0.05898309871554375,0.09545630216598511,0.0,0.23843589425086975,0.0,0.10342869907617569,0.0,0.2182929962873459,0.0,0.19588640332221985,0.058254700154066086,0.05301380157470703,0.21183450520038605
item0,2006-06-30T00:00:00,0.16525280475616455,0.0,0.06351219862699509,0.24078980088233948,0.0,0.06032450124621391,0.9834548234939575,0.0,0.0,0.12293320149183273,0.0,0.06771860271692276,0.056170299649238586,0.0,0.537675678730011
item0,2006-09-30T00:00:00,0.057984501123428345,0.062305301427841187,0.12255650013685226,0.2279358059167862,0.0,0.19092470407485962,0.5575863122940063,0.0,0.15253980457782745,0.1924556940793991,0.15180650353431702,0.20703929662704468,0.11726079881191254,0.0,0.3368988037109375
item0,2006-12-31T00:00:00,0.11825220286846161,0.05518149957060814,0.12064909934997559,0.18461249768733978,0.0,0.5290306210517883,0.4293226897716522,0.0,0.051999401301145554,0.06189269945025444,0.05728359892964363,0.1338866949081421,0.11341080069541931,0.0532509982585907,0.0
item0,2007-03-31T00:00:00,0.16603019833564758,0.1141877993941307,0.0,0.0477030985057354,0.0,0.41933751106262207,0.4556587040424347,0.0,0.1150285005569458,0.12095549702644348,0.07352399826049805,0.1358788013458252,0.221827894449234,0.0,0.0
item0,2007-06-30T00:00:00,0.10671219974756241,0.3733898103237152,0.06347189843654633,0.23516130447387695,0.0,0.19214759767055511,0.5633803009986877,0.0,0.05755399912595749,0.19056090712547302,0.1401737928390503,0.2765677869319916,0.11031439900398254,0.05452270060777664,0.0
item0,2007-09-30T00:00:00,0.16346989572048187,0.5024495124816895,0.26262229681015015,0.14118309319019318,0.0,0.6360918283462524,0.3344481885433197,0.10724440217018127,0.0,0.195694699883461,0.21414799988269806,0.0,0.05115609988570213,0.26242589950561523,0.0
item0,2007-12-31T00:00:00,0.3636893033981323,0.10476689785718918,0.08997660130262375,0.19813750684261322,0.0,0.45526981353759766,0.22885039448738098,0.09252409636974335,0.0,0.3106394112110138,0.0,0.07674600183963776,0.20971690118312836,0.17077960073947906,0.0
item0,2008-03-31T00:00:00,0.39242619276046753,0.09648779779672623,0.09859990328550339,0.26534581184387207,0.21274329721927643,0.9778038263320923,0.0,0.0,0.0,0.21030490100383759,0.0,0.23068049550056458,0.2932265102863312,0.0,0.0
item0,2008-06-30T00:00:00,0.3933523893356323,0.2013085037469864,0.10344470292329788,0.5967605113983154,0.0,0.7008410096168518,0.4048173129558563,0.0,0.0,0.21070370078086853,0.2314278930425644,0.0,0.3883495032787323,0.0,0.0
item0,2008-09-30T00:00:00,0.21121549606323242,0.20362450182437897,0.4903883934020996,0.2580423057079315,0.0,0.48257890343666077,0.10026069730520248,0.0,0.0,0.0,0.0,0.0,0.2974419891834259,0.0,0.11112350225448608
item0,2008-12-31T00:00:00,0.0,0.10170870274305344,0.5218117237091064,0.1837390959262848,0.0,0.373308390378952,0.0,0.0,0.0,0.2894915044307709,0.19900499284267426,0.0,0.3097892999649048,0.11055830121040344,0.0
item0,2009-03-31T00:00:00,0.09960159659385681,0.3958437144756317,0.0,0.0,0.0,0.09491270035505295,0.09660899639129639,0.0,0.0,0.8866819739341736,0.3290556073188782,0.0,0.09936410188674927,0.11401209980249405,0.11442960053682327
item0,2009-06-30T00:00:00,0.0,0.2737976014614105,0.0,0.07922050356864929,0.09928510338068008,0.25410810112953186,0.0,0.0,0.0,0.45808520913124084,0.4146795868873596,0.10132739692926407,0.09451799839735031,0.0,0.10446050018072128
item0,2009-09-30T00:00:00,0.0,0.0941620022058487,0.0,0.39799410104751587,0.1986294984817505,0.1660992056131363,0.08866819739341736,0.0,0.0,0.17400379478931427,0.1947229951620102,0.20296329259872437,0.3565697968006134,0.10339120030403137,0.0
item0,2009-12-31T00:00:00,0.1743983030319214,0.2564760148525238,0.0,0.22213999927043915,0.0,0.07603979855775833,0.08272670209407806,0.0,0.08132070302963257,0.300029993057251,0.2721829116344452,0.1854943037033081,0.0846237987279892,0.1805706024169922,0.0
item0,2010-03-31T00:00:00,0.0929282009601593,0.280793696641922,0.1849967986345291,0.07594169676303864,0.09516560286283493,0.2483855038881302,0.0,0.0957121029496193,0.0,0.4926513135433197,0.0,0.10792139917612076,0.28565990924835205,0.317460298538208,0.10386370122432709
item0,2010-06-30T00:00:00,0.09113279730081558,0.2732737958431244,0.18932220339775085,0.23734180629253387,0.0,0.35457849502563477,0.16761650145053864,0.09763719886541367,0.17917940020561218,0.33509260416030884,0.0978282019495964,0.2071036994457245,0.0,0.10954099893569946,0.20187750458717346
item0,2010-09-30T00:00:00,0.09693679958581924,0.1877405047416687,0.0,0.3209500014781952,0.0,0.26357409358024597,0.092609703540802,0.0,0.09218289703130722,0.25119319558143616,0.0,0.20863759517669678,0.09307520091533661,0.2105485051870346,0.2983590066432953
item0,2010-12-31T00:00:00,0.0,0.0850628986954689,0.0,0.23638799786567688,0.0,0.1812743991613388,0.17763569951057434,0.09622789919376373,0.0,0.4030308127403259,0.07540909945964813,0.10171909630298615,0.25777629017829895,0.34399721026420593,0.29182881116867065
item0,2011-03-31T00:00:00,0.0,0.1663063019514084,0.09502989798784256,0.3017045855522156,0.0,0.627521276473999,0.3562205135822296,0.08655759692192078,0.0,0.31152650713920593,0.0,0.0950751006603241,0.15991050004959106,0.2188902050256729,0.09926539659500122
item0,2011-06-30T00:00:00,0.0,0.0830703005194664,0.0,0.2526529133319855,0.0,0.1784439980983734,0.0914997011423111,0.18625439703464508,0.0,0.5691056847572327,0.09560229629278183,0.19400520622730255,0.461573988199234,0.20966559648513794,1.4594550132751465
item0,2011-09-30T00:00:00,0.24527840316295624,0.23415550589561462,0.0,0.318598210811615,0.0,0.5116397738456726,0.09237019717693329,0.17713220417499542,0.25768768787384033,0.29526829719543457,0.0,0.1849796026945114,0.17092560231685638,0.10502000153064728,0.5779790282249451
item0,2011-12-31T00:00:00,0.16578249633312225,0.24293459951877594,0.0,0.41071128845214844,0.0,0.6602293848991394,0.0,0.622997522354126,0.0,0.16282670199871063,0.08970219641923904,0.19201229512691498,0.34584128856658936,0.1121957004070282,0.09711570292711258
item0,2012-03-31T00:00:00,0.08338890224695206,0.08042459934949875,0.2951013147830963,0.5704041719436646,0.09953220188617706,0.725221574306488,0.0866101011633873,0.54804527759552,0.25484201312065125,0.23030860722064972,0.08947739750146866,0.19642509520053864,0.43572989106178284,0.2186509072780609,0.5037782788276672
item0,2012-06-30T00:00:00,0.8771287798881531,0.45650190114974976,0.17025619745254517,0.6965867280960083,0.0,0.7215006947517395,0.08901549875736237,0.7961782813072205,0.0,0.4856202006340027,0.6603565812110901,0.25833120942115784,0.23700889945030212,0.32797640562057495,0.20826099812984467
item0,2012-09-30T00:00:00,0.23214420676231384,0.2774052917957306,0.19408050179481506,0.3431709110736847,0.0,1.0389289855957031,0.2314278930425644,1.0077869892120361,0.057247500866651535,0.45747750997543335,0.3448474109172821,0.3244295120239258,0.24487799406051636,0.20199979841709137,0.16283990442752838
item0,2012-12-31T00:00:00,0.09637629985809326,0.7105805277824402,0.0,0.2889755964279175,0.19190169870853424,0.40526849031448364,0.07410699874162674,0.46601420640945435,0.12635040283203125,0.4463672935962677,0.3195782005786896,0.21978020668029785,0.404928594827652,0.14015419781208038,0.23094689846038818
item0,2013-03-31T00:00:00,0.1388888955116272,0.504625678062439,0.16182540357112885,0.29316920042037964,0.22670599818229675,0.48065370321273804,0.08141329884529114,0.42970091104507446,0.06087170168757439,0.40245500206947327,0.35213330388069153,0.17410990595817566,0.3959276080131531,0.2922551929950714,0.3689810037612915
item0,2013-06-30T00:00:00,0.08172609657049179,0.08977469801902771,0.4064379930496216,0.31761160492897034,0.11461319774389267,0.6169574856758118,0.19177289307117462,0.3402228057384491,0.2050860971212387,0.3489792048931122,0.21140159666538239,0.0,0.0,0.09943319857120514,0.43786031007766724
item0,2013-09-30T00:00:00,0.1459428071975708,0.17414520680904388,0.18594269454479218,0.17274139821529388,0.15316280722618103,0.42105260491371155,0.16666670143604279,0.22395159304141998,0.09243849664926529,0.17406439781188965,0.18055430054664612,0.10828369855880737,0.0,0.3037051856517792,0.46537598967552185
item0,2013-12-31T00:00:00,0.0,0.1218843013048172,0.14338970184326172,0.14260250329971313,0.13846580684185028,0.6810957789421082,0.07505249977111816,0.4355942904949188,0.13455329835414886,0.2883298099040985,0.30179569125175476,0.06803649663925171,0.22043420374393463,0.0,0.2452182024717331
item0,2014-03-31T00:00:00,0.21534709632396698,0.16338090598583221,0.08975859731435776,0.3386845886707306,0.0770179033279419,0.8328871726989746,0.5147815942764282,0.1764083057641983,0.17700159549713135,0.12451750040054321,0.41713839769363403,0.0,0.1851395070552826,0.10514140129089355,0.29368579387664795
item0,2014-06-30T00:00:00,0.12742100656032562,0.1828041970729828,0.0,0.4290739893913269,0.25789809226989746,0.4747050106525421,0.39421069622039795,0.3244645893573761,0.05103339999914169,0.3596475124359131,0.30184119939804077,0.05682789906859398,0.0652955025434494,0.07689350098371506,0.0
item0,2014-09-30T00:00:00,0.24326950311660767,0.058227598667144775,0.08580009639263153,0.5272408127784729,0.14948800206184387,0.12056910246610641,0.27866020798683167,0.2571355104446411,0.27449899911880493,0.36401140689849854,0.22551730275154114,0.0,0.11142060160636902,0.05582850053906441,0.14213630557060242
item0,2014-12-31T00:00:00,0.07309409976005554,0.1837559938430786,0.0,0.2730301022529602,0.3742048144340515,0.5505849719047546,0.0,0.1963735967874527,0.2054865062236786,0.10390689969062805,0.336995393037796,0.06396730244159698,0.12735609710216522,0.06847909837961197,0.061240699142217636
item0,2015-03-31T00:00:00,0.19908420741558075,0.3498542010784149,0.09229350090026855,0.6721333265304565,0.49980008602142334,0.5356760025024414,0.08001279830932617,0.26451531052589417,0.44042080640792847,0.9942554235458374,0.29859659075737,0.2724238932132721,0.2760523855686188,0.11114820092916489,0.14522220194339752
item0,2015-06-30T00:00:00,0.0,0.4158695936203003,0.07763370126485825,0.7864285111427307,0.2789919078350067,0.5950167179107666,0.15605489909648895,0.15457139909267426,0.18511660397052765,0.32278889417648315,0.10586489737033844,0.13674280047416687,0.12638230621814728,0.17977529764175415,0.334504097700119
item0,2015-09-30T00:00:00,0.0,0.2531164884567261,0.5468065738677979,0.887817919254303,0.07165379822254181,1.1629409790039062,0.6592682003974915,0.2580867111682892,0.1581277996301651,0.21955500543117523,0.06739450246095657,0.2770850956439972,0.06564260274171829,0.0,0.08541899919509888
item0,2015-12-31T00:00:00,0.24385780096054077,0.05467170104384422,0.09008199721574783,0.5420789122581482,0.2977519929409027,0.6342663168907166,0.31009671092033386,0.14650939404964447,0.06420130282640457,0.37183940410614014,0.2837282121181488,0.08388560265302658,0.08336109668016434,0.08454520255327225,0.27288851141929626
item0,2016-03-31T00:00:00,0.0,0.08206810057163239,0.08695650100708008,0.49578580260276794,0.13731549680233002,1.1767669916152954,0.243961900472641,0.09493070095777512,0.15859590470790863,0.5368006825447083,0.4385964870452881,0.07750140130519867,0.06257429718971252,0.0,0.4642525911331177
item0,2016-06-30T00:00:00,0.0776095986366272,0.12402330338954926,0.08575589954853058,0.388893187046051,0.3501400947570801,1.658750057220459,0.5788711905479431,0.0,0.10377209633588791,1.1625880002975464,0.2682943046092987,0.05425639823079109,0.1416832059621811,0.07665179669857025,0.05478550121188164
item0,2016-09-30T00:00:00,0.233808696269989,0.3530823886394501,0.0,0.4908275902271271,0.07380619645118713,1.24972403049469,0.30534350872039795,0.0,0.2300436943769455,1.3641530275344849,0.09463419765233994,0.07310479879379272,0.13276690244674683,0.10695189982652664,0.0
item0,2016-12-31T00:00:00,0.20661160349845886,0.2993833124637604,0.08772700279951096,0.6769716739654541,0.3223519027233124,0.9641342163085938,0.24162369966506958,0.07229609787464142,0.42523789405822754,0.8780487775802612,0.20580370724201202,0.32030749320983887,0.30994299054145813,0.2532767951488495,0.16177299618721008
item0,2017-03-31T00:00:00,0.0,0.4282248020172119,0.21090370416641235,0.31959089636802673,0.5305442214012146,1.0409890413284302,0.2706359922885895,0.0,0.052698101848363876,0.5186722278594971,0.18053799867630005,0.5198277235031128,0.0,0.18948370218276978,0.0847816988825798
item0,2017-06-30T00:00:00,0.0,0.10387449711561203,0.0,0.5271878242492676,0.22569540143013,1.127032995223999,0.3620891869068146,0.06550929695367813,0.1536491960287094,0.4476498067378998,0.06366989761590958,0.2042067050933838,0.0,0.09620939940214157,0.3952257037162781
item0,2017-09-30T00:00:00,0.0,0.05421819910407066,0.09100840240716934,0.3821899890899658,0.27104678750038147,1.3824210166931152,0.168435201048851,0.208724707365036,0.10404200106859207,0.4673716127872467,0.171909898519516,0.06972040235996246,0.07315819710493088,0.0,0.15261350572109222
item0,2017-12-31T00:00:00,0.14547570049762726,0.1571502983570099,0.26992979645729065,0.26418331265449524,0.5268356800079346,1.8210790157318115,0.38141730427742004,0.09252409636974335,0.12972690165042877,0.4659591019153595,0.9281030297279358,0.15349189937114716,0.1398112028837204,0.08538980036973953,0.08618459850549698
item0,2018-03-31T00:00:00,0.0,0.0,0.0759878009557724,0.1787842959165573,0.6199628114700317,0.6081985235214233,0.22065310180187225,0.1412229984998703,0.05797100067138672,0.4740178883075714,0.35213330388069153,0.14616680145263672,0.0,0.0849400982260704,0.3452084958553314
item0,2018-06-30T00:00:00,0.0,0.21054400503635406,0.0,0.7822430729866028,0.4072656035423279,0.8888888955116272,0.25816449522972107,0.07792410254478455,0.06020829826593399,0.4349716901779175,0.2529084086418152,0.14330750703811646,0.07243750244379044,0.0,0.2753872871398926
item0,2018-09-30T00:00:00,0.06963299959897995,0.30773958563804626,0.0,0.09965620189905167,0.42006221413612366,0.8105918169021606,0.1826149970293045,0.13622120022773743,0.05997360125184059,0.7002800703048706,0.23767079412937164,0.2183724045753479,0.2017214000225067,0.31562331318855286,0.2857142984867096
item0,2018-12-31T00:00:00,0.0,0.25083088874816895,0.08151289820671082,0.15861690044403076,0.2301848977804184,0.1680389940738678,0.07905759662389755,0.1154600977897644,0.12180270254611969,0.8244022727012634,0.3320493996143341,0.2822467088699341,0.0642796978354454,0.0,0.6607639193534851
item0,2019-03-31T00:00:00,0.23426519334316254,0.48063719272613525,0.15867979824543,0.4578056037425995,0.2559727132320404,1.0910409688949585,0.07442689687013626,0.1415628045797348,0.18724249303340912,1.1253149509429932,0.6953223943710327,0.3398470878601074,0.19998669624328613,0.0,0.30319109559059143
item0,2019-06-30T00:00:00,0.243961900472641,0.4619885981082916,0.0,0.37884530425071716,0.26775550842285156,0.8140007853507996,0.16261489689350128,0.08116880059242249,0.24922120571136475,0.6803491711616516,0.741132915019989,0.5648804903030396,0.2744236886501312,0.1770695000886917,0.34731870889663696
item0,2019-09-30T00:00:00,0.27051401138305664,0.4248088002204895,0.0,0.10461349785327911,0.07638250291347504,1.0849130153656006,0.21103720366954803,0.0,0.07354020327329636,1.1566040515899658,0.42854079604148865,0.27138879895210266,0.13602669537067413,0.1240386962890625,0.49183550477027893
item0,2019-12-31T00:00:00,0.3347615897655487,0.786740779876709,0.0,0.38429510593414307,0.33506450057029724,1.10405695438385,0.0,0.0,0.26485389471054077,1.7567280530929565,0.6203473806381226,0.708014726638794,0.21029019355773926,0.0,0.3590663969516754
item0,2020-03-31T00:00:00,0.19936199486255646,0.7469655275344849,0.0,0.41116538643836975,0.4873029887676239,0.5367686748504639,0.0825423002243042,0.0,0.40040040016174316,1.283553957939148,0.6124199032783508,0.8428472876548767,0.42918458580970764,0.25310051441192627,0.498338907957077
item0,2020-06-30T00:00:00,0.06309150159358978,0.3310801088809967,0.06249609962105751,0.09017539769411087,0.20820319652557373,0.6416612863540649,0.06844159960746765,0.31589341163635254,0.10301840305328369,0.7302091717720032,0.44830259680747986,0.1380261927843094,0.05031190067529678,0.1821936070919037,0.059826500713825226
item0,2020-09-30T00:00:00,0.058640699833631516,0.18339869379997253,0.2090446949005127,0.2575328052043915,0.21592439711093903,0.5153753757476807,0.12195870280265808,0.12774109840393066,0.09773260354995728,0.9779632091522217,0.4817188084125519,0.1084010973572731,0.266785204410553,0.17852890491485596,0.26073920726776123
item0,2020-12-31T00:00:00,0.1266223043203354,0.21815960109233856,0.3165225088596344,0.05573830008506775,0.3334167003631592,0.1364070028066635,0.07052680104970932,0.19347040355205536,0.05971220135688782,0.5018681287765503,0.13386879861354828,0.20099160075187683,0.2442747950553894,0.09377340227365494,0.5401756167411804
item0,2021-03-31T00:00:00,0.07133690267801285,0.0,0.2161383032798767,0.17718979716300964,0.5237951874732971,0.26575949788093567,0.0,0.15052680671215057,0.06208869814872742,0.44195640087127686,0.10804969817399979,0.11775100231170654,0.06249609962105751,0.31908100843429565,0.8374040722846985
item0,2021-06-30T00:00:00,0.1328991949558258,0.113468699157238,0.2215494066476822,0.22656899690628052,0.44834429025650024,0.38916999101638794,0.18306639790534973,0.22574380040168762,0.05020580068230629,0.42176300287246704,0.14021970331668854,0.14185400307178497,0.05370569974184036,0.33148258924484253,0.679394006729126
item0,2021-09-30T00:00:00,0.15264840424060822,0.1545276939868927,0.7276961207389832,0.35615068674087524,0.2222387045621872,0.38897889852523804,0.4199916124343872,0.060150399804115295,0.0674171969294548,0.6330717206001282,0.17400379478931427,0.24106070399284363,0.12447100132703781,0.0,0.73041170835495
item0,2021-12-31T00:00:00,0.14764510095119476,0.12083859741687775,0.37243950366973877,0.35491201281547546,0.23612749576568604,0.43736329674720764,0.23140110075473785,0.060547299683094025,0.0648970976471901,0.5917159914970398,0.05773010104894638,0.0,0.11910430341959,0.273497998714447,0.7560293078422546
item0,2022-03-31T00:00:00,0.1795331984758377,0.1991436928510666,0.1411632001399994,0.3557663857936859,0.1655994951725006,0.5787037014961243,0.16454580426216125,0.16065549850463867,0.23697809875011444,0.45859870314598083,0.22200019657611847,0.3666456937789917,0.12278220057487488,0.09949260205030441,0.8354716897010803
item0,2022-06-30T00:00:00,0.21825720369815826,0.17057089507579803,0.13453519344329834,0.24113820493221283,0.27909570932388306,0.5026388764381409,0.3562160134315491,0.1866832971572876,0.20597319304943085,0.1500374972820282,0.37797659635543823,0.12220460176467896,0.2692393958568573,0.42241621017456055,0.6692801117897034
item0,2022-09-30T00:00:00,0.06779660284519196,0.1706290990114212,0.11894849687814713,0.2875711917877197,0.2823264002799988,0.2305741012096405,0.11680880188941956,0.0,0.06679580360651016,0.33028730750083923,0.29902520775794983,0.15228809416294098,0.11508800089359283,0.10413409769535065,0.9360008835792542
item0,2022-12-31T00:00:00,0.22634680569171906,0.166223406791687,0.25571519136428833,0.38880249857902527,0.28915101289749146,0.5513017177581787,0.28080418705940247,0.19338619709014893,0.25372979044914246,0.17667840421199799,0.312662810087204,0.20615719258785248,0.298047810792923,0.2767527997493744,0.5877413749694824
item0,2023-03-31T00:00:00,0.14121299982070923,0.3717670142650604,0.10525210201740265,0.5009015798568726,0.1516530066728592,0.3726939857006073,0.1826317012310028,0.0859254002571106,0.2684563994407654,0.44432100653648376,0.20871379971504211,0.13669610023498535,0.1207365021109581,0.06974469870328903,0.07602830231189728
item0,2023-06-30T00:00:00,0.24088649451732635,0.5849664211273193,0.11246059834957123,0.5815489888191223,0.15452370047569275,0.36379510164260864,0.14643430709838867,0.19039160013198853,0.1875,0.2935994863510132,0.1907425969839096,0.26136958599090576,0.1779147982597351,0.2620545029640198,0.14240959286689758
item0,2023-09-30T00:00:00,0.13755160570144653,0.18330690264701843,0.17576749622821808,0.5417537093162537,0.09875570237636566,0.2789595127105713,0.35052868723869324,0.23415550589561462,0.1692907065153122,0.14979030191898346,0.06349209696054459,0.07506939768791199,0.062077101320028305,0.3424657881259918,0.42498940229415894
item0,2023-12-31T00:00:00,0.08037939667701721,0.32814860343933105,0.0,0.42571309208869934,0.32679739594459534,0.34835919737815857,0.07441580295562744,0.06196939945220947,0.0,0.2242320030927658,0.05873719975352287,0.15520720183849335,0.0,0.0,0.33763250708580017
item0,2024-03-31T00:00:00,0.21080739796161652,0.32894739508628845,0.1381978988647461,0.3929787874221802,0.26383480429649353,0.4668846130371094,0.0,0.0,0.0,0.45120540261268616,0.06602399796247482,0.2046245038509369,0.0,0.0,0.33658701181411743
item0,2024-06-30T00:00:00,0.20703929662704468,0.26636481285095215,0.06973499804735184,0.4507986009120941,0.3313891887664795,0.6033384799957275,0.06766360253095627,0.12751039862632751,0.06513380259275436,0.35082799196243286,0.13207420706748962,0.13516250252723694,0.0,0.0,0.26876300573349
item0,2024-09-30T00:00:00,0.20759810507297516,0.2818489074707031,0.20553579926490784,0.2585983872413635,0.315856009721756,0.5919883847236633,0.13413819670677185,0.0,0.1297353059053421,0.26270848512649536,0.32690420746803284,0.19870179891586304,0.0,0.17006799578666687,0.21514630317687988
item0,2024-12-31T00:00:00,0.2204747051000595,0.33218181133270264,0.42830219864845276,0.39195188879966736,0.349674791097641,0.8690155744552612,0.23898670077323914,0.070175401866436,0.06961850076913834,0.35303258895874023,0.6240034103393555,0.2760714888572693,0.13465289771556854,0.17280110716819763,0.3370975852012634
item0,2025-03-31T00:00:00,0.5172860026359558,0.9002925753593445,0.25449609756469727,0.42102310061454773,0.2569043040275574,1.0485559701919556,0.3315100073814392,0.14821399748325348,0.21574969589710236,0.5020800232887268,0.6493505835533142,0.6789379119873047,0.41385018825531006,0.0,0.48963600397109985
item0,2025-06-30T00:00:00,0.5172860026359558,1.44623601436615,0.6576243042945862,0.4688965082168579,0.8474575877189636,1.1261260509490967,0.6912974119186401,0.3640865087509155,0.4294610023498535,0.9597638249397278,0.873744010925293,0.9161322712898254,0.6016846895217896,0.0,0.47603940963745117
