timestamp,max_cpu
2019-01-01 00:00:00,59.47804260253906
2019-01-01 00:05:00,92.5502471923828
2019-01-01 00:10:00,85.58967590332031
2019-01-01 00:15:00,23.73948097229004
2019-01-01 00:20:00,7.23030424118042
2019-01-01 00:25:00,35.06621170043945
2019-01-01 00:30:00,89.64411163330078
2019-01-01 00:35:00,78.89231872558594
2019-01-01 00:40:00,84.23285675048828
2019-01-01 00:45:00,18.501384735107425
2019-01-01 00:50:00,80.7595443725586
2019-01-01 00:55:00,9.75265884399414
2019-01-01 01:00:00,80.41632080078125
2019-01-01 01:05:00,84.72913360595703
2019-01-01 01:10:00,72.78993225097656
2019-01-01 01:15:00,84.97035217285156
2019-01-01 01:20:00,91.49024963378906
2019-01-01 01:25:00,86.9763412475586
2019-01-01 01:30:00,16.229629516601562
2019-01-01 01:35:00,50.247806549072266
2019-01-01 01:40:00,82.99736785888672
2019-01-01 01:45:00,94.45050811767578
2019-01-01 01:50:00,89.38447570800781
2019-01-01 01:55:00,18.78475570678711
2019-01-01 02:00:00,79.99357604980469
2019-01-01 02:05:00,69.20420837402344
2019-01-01 02:10:00,89.94062042236328
2019-01-01 02:15:00,96.77462768554688
2019-01-01 02:20:00,17.472278594970703
2019-01-01 02:25:00,84.15259552001953
2019-01-01 02:30:00,91.39817810058594
2019-01-01 02:35:00,94.0705108642578
2019-01-01 02:40:00,96.36610412597656
2019-01-01 02:45:00,80.25983428955078
2019-01-01 02:50:00,21.024038314819336
2019-01-01 02:55:00,18.50835227966309
2019-01-01 03:00:00,8.708822250366211
2019-01-01 03:05:00,5.898417472839356
2019-01-01 03:10:00,8.150025367736816
2019-01-01 03:15:00,6.307765483856201
2019-01-01 03:20:00,91.00296020507812
2019-01-01 03:25:00,14.094416618347168
2019-01-01 03:30:00,14.039846420288086
2019-01-01 03:35:00,14.676878929138184
2019-01-01 03:40:00,73.49028778076172
2019-01-01 03:45:00,73.91036224365234
2019-01-01 03:50:00,77.46681213378906
2019-01-01 03:55:00,73.02989959716797
2019-01-01 04:00:00,13.578211784362791
2019-01-01 04:05:00,81.71391296386719
2019-01-01 04:10:00,92.17435455322266
2019-01-01 04:15:00,81.18370819091797
2019-01-01 04:20:00,18.27471923828125
2019-01-01 04:25:00,78.04570770263672
2019-01-01 04:30:00,76.7437973022461
2019-01-01 04:35:00,13.31143569946289
2019-01-01 04:40:00,6.935257434844971
2019-01-01 04:45:00,79.3582534790039
2019-01-01 04:50:00,67.85327911376953
2019-01-01 04:55:00,15.168390274047852
2019-01-01 05:00:00,73.3482666015625
2019-01-01 05:05:00,15.238225936889648
2019-01-01 05:10:00,86.5066146850586
2019-01-01 05:15:00,96.81504821777344
2019-01-01 05:20:00,92.09471130371094
2019-01-01 05:25:00,67.7237777709961
2019-01-01 05:30:00,15.729652404785156
2019-01-01 05:35:00,6.017787456512451
2019-01-01 05:40:00,9.681360244750977
2019-01-01 05:45:00,75.94010162353516
2019-01-01 05:50:00,14.288345336914062
2019-01-01 05:55:00,80.47383880615234
2019-01-01 06:00:00,76.31732177734375
2019-01-01 06:05:00,74.79248809814453
2019-01-01 06:10:00,15.782882690429688
2019-01-01 06:15:00,18.139568328857425
2019-01-01 06:20:00,60.29088592529297
2019-01-01 06:25:00,83.75189971923828
2019-01-01 06:30:00,7.0300164222717285
2019-01-01 06:35:00,16.330183029174805
2019-01-01 06:40:00,96.50618743896484
2019-01-01 06:45:00,19.119121551513672
2019-01-01 06:50:00,86.22687530517578
2019-01-01 06:55:00,50.87737655639648
2019-01-01 07:00:00,18.56144142150879
2019-01-01 07:05:00,96.55644989013672
2019-01-01 07:10:00,72.69222259521484
2019-01-01 07:15:00,13.40884494781494
2019-01-01 07:20:00,74.52500915527344
2019-01-01 07:25:00,92.83171844482422
2019-01-01 07:30:00,79.5986099243164
2019-01-01 07:35:00,13.976851463317873
2019-01-01 07:40:00,86.48158264160156
2019-01-01 07:45:00,79.36443328857422
2019-01-01 07:50:00,12.774036407470703
2019-01-01 07:55:00,84.95793151855469
2019-01-01 08:00:00,52.60368728637695
2019-01-01 08:05:00,75.19747161865234
2019-01-01 08:10:00,70.98689270019531
2019-01-01 08:15:00,70.70573425292969
2019-01-01 08:20:00,12.551973342895508
2019-01-01 08:25:00,66.6073226928711
2019-01-01 08:30:00,17.808042526245117
2019-01-01 08:35:00,80.73294830322266
2019-01-01 08:40:00,30.847023010253903
2019-01-01 08:45:00,72.45881652832031
2019-01-01 08:50:00,73.05276489257812
2019-01-01 08:55:00,59.63384246826172
2019-01-01 09:00:00,51.357383728027344
2019-01-01 09:05:00,72.65338897705078
2019-01-01 09:10:00,7.290709018707275
2019-01-01 09:15:00,8.433518409729004
2019-01-01 09:20:00,4.982692241668701
2019-01-01 09:25:00,11.189126014709473
2019-01-01 09:30:00,6.155263900756836
2019-01-01 09:35:00,5.190536975860596
2019-01-01 09:40:00,8.095812797546387
2019-01-01 09:45:00,6.8794474601745605
2019-01-01 09:50:00,18.4876708984375
2019-01-01 09:55:00,17.658700942993164
2019-01-01 10:00:00,8.259054183959961
2019-01-01 10:05:00,7.73649787902832
2019-01-01 10:10:00,8.334382057189941
2019-01-01 10:15:00,7.82589054107666
2019-01-01 10:20:00,11.13279151916504
2019-01-01 10:25:00,11.921493530273438
2019-01-01 10:30:00,6.081286430358887
2019-01-01 10:35:00,7.433982372283935
2019-01-01 10:40:00,7.23298454284668
2019-01-01 10:45:00,6.616198539733887
2019-01-01 10:50:00,94.31356048583984
2019-01-01 10:55:00,70.16337585449219
2019-01-01 11:00:00,18.91887092590332
2019-01-01 11:05:00,6.324397563934326
2019-01-01 11:10:00,7.895706653594971
2019-01-01 11:15:00,89.2080078125
2019-01-01 11:20:00,31.06716537475586
2019-01-01 11:25:00,15.585196495056152
2019-01-01 11:30:00,6.675515651702881
2019-01-01 11:35:00,10.41702365875244
2019-01-01 11:40:00,8.363198280334473
2019-01-01 11:45:00,6.648183345794678
2019-01-01 11:50:00,6.496482849121094
2019-01-01 11:55:00,9.406213760375977
2019-01-01 12:00:00,83.61967468261719
2019-01-01 12:05:00,17.317338943481445
2019-01-01 12:10:00,18.16920661926269
2019-01-01 12:15:00,8.925797462463379
2019-01-01 12:20:00,7.637133598327637
2019-01-01 12:25:00,12.270026206970217
2019-01-01 12:30:00,15.777673721313477
2019-01-01 12:35:00,6.060554027557373
2019-01-01 12:40:00,8.987667083740234
2019-01-01 12:45:00,6.281187534332275
2019-01-01 12:50:00,62.82952499389648
2019-01-01 12:55:00,31.283950805664062
2019-01-01 13:00:00,88.64466094970703
2019-01-01 13:05:00,95.36925506591795
2019-01-01 13:10:00,11.798121452331545
2019-01-01 13:15:00,6.820462226867676
2019-01-01 13:20:00,6.4399285316467285
2019-01-01 13:25:00,14.198113441467283
2019-01-01 13:30:00,17.277891159057617
2019-01-01 13:35:00,5.934633731842041
2019-01-01 13:40:00,5.000213623046875
2019-01-01 13:45:00,12.77019214630127
2019-01-01 13:50:00,5.577761650085449
2019-01-01 13:55:00,11.412261009216309
2019-01-01 14:00:00,90.91285705566406
2019-01-01 14:05:00,86.81449127197266
2019-01-01 14:10:00,7.93037223815918
2019-01-01 14:15:00,5.000410079956055
2019-01-01 14:20:00,50.68169403076172
2019-01-01 14:25:00,86.48361206054688
2019-01-01 14:30:00,7.707545757293701
2019-01-01 14:35:00,13.572558403015137
2019-01-01 14:40:00,10.596183776855469
2019-01-01 14:45:00,6.595207214355469
2019-01-01 14:50:00,5.6259613037109375
2019-01-01 14:55:00,7.920009613037109
2019-01-01 15:00:00,4.606679916381836
2019-01-01 15:05:00,4.629130363464356
2019-01-01 15:10:00,6.099141597747803
2019-01-01 15:15:00,5.607553958892822
2019-01-01 15:20:00,4.112058639526367
2019-01-01 15:25:00,7.2525529861450195
2019-01-01 15:30:00,7.8339524269104
2019-01-01 15:35:00,8.953389167785645
2019-01-01 15:40:00,8.304618835449219
2019-01-01 15:45:00,5.912339687347412
2019-01-01 15:50:00,6.776294708251953
2019-01-01 15:55:00,12.202485084533691
2019-01-01 16:00:00,5.277576446533203
2019-01-01 16:05:00,5.921710014343262
2019-01-01 16:10:00,8.489693641662598
2019-01-01 16:15:00,5.459902763366699
2019-01-01 16:20:00,7.757585048675537
2019-01-01 16:25:00,5.033995151519775
2019-01-01 16:30:00,17.144716262817383
2019-01-01 16:35:00,16.870275497436523
2019-01-01 16:40:00,7.843017578125
2019-01-01 16:45:00,93.98883819580078
2019-01-01 16:50:00,60.462135314941406
2019-01-01 16:55:00,73.25841522216797
2019-01-01 17:00:00,6.575108051300049
2019-01-01 17:05:00,13.004481315612791
2019-01-01 17:10:00,7.699764728546143
2019-01-01 17:15:00,6.403113842010498
2019-01-01 17:20:00,12.103046417236328
2019-01-01 17:25:00,13.768348693847656
2019-01-01 17:30:00,56.39287567138672
2019-01-01 17:35:00,96.686767578125
2019-01-01 17:40:00,8.171436309814453
2019-01-01 17:45:00,7.10342264175415
2019-01-01 17:50:00,10.97106647491455
2019-01-01 17:55:00,54.68555068969727
2019-01-01 18:00:00,67.12659454345703
2019-01-01 18:05:00,5.311911106109619
2019-01-01 18:10:00,8.964661598205566
2019-01-01 18:15:00,5.58695650100708
2019-01-01 18:20:00,10.444896697998049
2019-01-01 18:25:00,11.726208686828612
2019-01-01 18:30:00,6.324037075042725
2019-01-01 18:35:00,4.690586090087891
2019-01-01 18:40:00,6.278716087341309
2019-01-01 18:45:00,8.737954139709473
2019-01-01 18:50:00,17.312149047851562
2019-01-01 18:55:00,69.83251190185547
2019-01-01 19:00:00,21.38712310791016
2019-01-01 19:05:00,10.591708183288574
2019-01-01 19:10:00,14.404622077941896
2019-01-01 19:15:00,6.572267055511475
2019-01-01 19:20:00,14.97047233581543
2019-01-01 19:25:00,87.00423431396484
2019-01-01 19:30:00,40.41627502441406
2019-01-01 19:35:00,15.11064338684082
2019-01-01 19:40:00,7.847968578338623
2019-01-01 19:45:00,11.028250694274902
2019-01-01 19:50:00,11.362286567687988
2019-01-01 19:55:00,7.436702728271484
2019-01-01 20:00:00,7.771793365478516
2019-01-01 20:05:00,79.37196350097656
2019-01-01 20:10:00,16.947511672973633
2019-01-01 20:15:00,7.75188684463501
2019-01-01 20:20:00,6.659939289093018
2019-01-01 20:25:00,7.50096321105957
2019-01-01 20:30:00,15.446412086486816
2019-01-01 20:35:00,21.18553733825684
2019-01-01 20:40:00,6.862675189971924
2019-01-01 20:45:00,3.656992912292481
2019-01-01 20:50:00,5.351944923400879
2019-01-01 20:55:00,6.1567792892456055
2019-01-01 21:00:00,14.253236770629885
2019-01-01 21:05:00,7.134685039520264
2019-01-01 21:10:00,5.810383319854736
2019-01-01 21:15:00,4.962505340576172
2019-01-01 21:20:00,6.493386268615723
2019-01-01 21:25:00,7.924239635467529
2019-01-01 21:30:00,8.303343772888184
2019-01-01 21:35:00,5.606401920318604
2019-01-01 21:40:00,5.9544172286987305
2019-01-01 21:45:00,5.235686302185059
2019-01-01 21:50:00,4.075160026550293
2019-01-01 21:55:00,5.597815036773682
2019-01-01 22:00:00,16.415287017822266
2019-01-01 22:05:00,7.684582710266113
2019-01-01 22:10:00,6.667061805725098
2019-01-01 22:15:00,5.401574611663818
2019-01-01 22:20:00,46.1764030456543
2019-01-01 22:25:00,86.77326202392578
2019-01-01 22:30:00,46.32447052001953
2019-01-01 22:35:00,51.03153991699219
2019-01-01 22:40:00,80.91767883300781
2019-01-01 22:45:00,44.96458053588867
2019-01-01 22:50:00,84.1355209350586
2019-01-01 22:55:00,39.9442024230957
2019-01-01 23:00:00,78.66958618164062
2019-01-01 23:05:00,35.36450958251953
2019-01-01 23:10:00,34.13788986206055
2019-01-01 23:15:00,29.111328125
2019-01-01 23:20:00,28.26572036743164
2019-01-01 23:25:00,92.02879333496094
2019-01-01 23:30:00,94.67108917236328
2019-01-01 23:35:00,94.43627166748048
2019-01-01 23:40:00,53.55481719970703
2019-01-01 23:45:00,85.0367660522461
2019-01-01 23:50:00,89.65217590332031
2019-01-01 23:55:00,12.15310001373291
2019-01-02 00:00:00,7.8065185546875
2019-01-02 00:05:00,6.061742305755615
2019-01-02 00:10:00,91.10968780517578
2019-01-02 00:15:00,83.07774353027344
2019-01-02 00:20:00,20.8468074798584
2019-01-02 00:25:00,16.77893829345703
2019-01-02 00:30:00,14.317582130432127
2019-01-02 00:35:00,11.95525360107422
2019-01-02 00:40:00,7.640399932861328
2019-01-02 00:45:00,8.831850051879883
2019-01-02 00:50:00,6.973124027252197
2019-01-02 00:55:00,14.265564918518066
2019-01-02 01:00:00,8.045242309570312
2019-01-02 01:05:00,7.528937339782715
2019-01-02 01:10:00,6.837157249450684
2019-01-02 01:15:00,15.28061294555664
2019-01-02 01:20:00,5.39188289642334
2019-01-02 01:25:00,9.199448585510254
2019-01-02 01:30:00,7.196787357330322
2019-01-02 01:35:00,6.52171802520752
2019-01-02 01:40:00,93.3261260986328
2019-01-02 01:45:00,85.86783599853516
2019-01-02 01:50:00,15.393068313598633
2019-01-02 01:55:00,96.8432159423828
2019-01-02 02:00:00,96.72498321533205
2019-01-02 02:05:00,6.458648681640625
2019-01-02 02:10:00,7.04720401763916
2019-01-02 02:15:00,6.090428829193115
2019-01-02 02:20:00,7.986804485321045
2019-01-02 02:25:00,21.256948471069336
2019-01-02 02:30:00,6.605044841766357
2019-01-02 02:35:00,7.166079998016357
2019-01-02 02:40:00,6.348582267761231
2019-01-02 02:45:00,5.52314043045044
2019-01-02 02:50:00,6.70166540145874
2019-01-02 02:55:00,6.941364288330078
2019-01-02 03:00:00,10.817800521850586
2019-01-02 03:05:00,6.528739929199219
2019-01-02 03:10:00,6.564876079559326
2019-01-02 03:15:00,10.170658111572266
2019-01-02 03:20:00,6.242311000823975
2019-01-02 03:25:00,17.589378356933594
2019-01-02 03:30:00,17.19489097595215
2019-01-02 03:35:00,6.211475372314453
2019-01-02 03:40:00,8.153310775756836
2019-01-02 03:45:00,5.500493049621582
2019-01-02 03:50:00,72.61822509765625
2019-01-02 03:55:00,35.44295120239258
2019-01-02 04:00:00,7.048140048980713
2019-01-02 04:05:00,6.01580286026001
2019-01-02 04:10:00,15.477006912231444
2019-01-02 04:15:00,12.118815422058104
2019-01-02 04:20:00,96.88782501220705
2019-01-02 04:25:00,71.32268524169922
2019-01-02 04:30:00,14.368672370910645
2019-01-02 04:35:00,9.372726440429688
2019-01-02 04:40:00,7.038625717163086
2019-01-02 04:45:00,4.988466739654541
2019-01-02 04:50:00,4.360589027404785
2019-01-02 04:55:00,9.137151718139648
2019-01-02 05:00:00,15.31707763671875
2019-01-02 05:05:00,97.0932159423828
2019-01-02 05:10:00,76.46686553955078
2019-01-02 05:15:00,10.55027961730957
2019-01-02 05:20:00,6.843348026275635
2019-01-02 05:25:00,12.39527988433838
2019-01-02 05:30:00,83.92675018310547
2019-01-02 05:35:00,20.113431930541992
2019-01-02 05:40:00,19.99455451965332
2019-01-02 05:45:00,8.430951118469238
2019-01-02 05:50:00,80.64048767089844
2019-01-02 05:55:00,17.046045303344727
2019-01-02 06:00:00,24.76259994506836
2019-01-02 06:05:00,97.09881591796876
2019-01-02 06:10:00,40.30434036254883
2019-01-02 06:15:00,8.138565063476562
2019-01-02 06:20:00,5.970727443695068
2019-01-02 06:25:00,10.635679244995115
2019-01-02 06:30:00,9.210006713867188
2019-01-02 06:35:00,10.776331901550291
2019-01-02 06:40:00,63.96944046020508
2019-01-02 06:45:00,77.1491928100586
2019-01-02 06:50:00,64.28485870361328
2019-01-02 06:55:00,12.662623405456545
2019-01-02 07:00:00,11.291446685791016
2019-01-02 07:05:00,6.062569618225098
2019-01-02 07:10:00,8.056402206420898
2019-01-02 07:15:00,5.693789958953857
2019-01-02 07:20:00,10.762967109680176
2019-01-02 07:25:00,7.742378234863281
2019-01-02 07:30:00,11.106409072875977
2019-01-02 07:35:00,89.84622192382812
2019-01-02 07:40:00,20.532115936279297
2019-01-02 07:45:00,16.192167282104492
2019-01-02 07:50:00,5.876290321350098
2019-01-02 07:55:00,7.928109169006348
2019-01-02 08:00:00,95.00473022460938
2019-01-02 08:05:00,22.555320739746094
2019-01-02 08:10:00,5.839612483978272
2019-01-02 08:15:00,5.451072216033936
2019-01-02 08:20:00,6.700851917266846
2019-01-02 08:25:00,52.02492904663086
2019-01-02 08:30:00,87.96296691894531
2019-01-02 08:35:00,9.863529205322266
2019-01-02 08:40:00,16.810325622558594
2019-01-02 08:45:00,6.583639144897461
2019-01-02 08:50:00,4.989295482635498
2019-01-02 08:55:00,7.291594505310059
2019-01-02 09:00:00,6.855679035186768
2019-01-02 09:05:00,14.039942741394045
2019-01-02 09:10:00,85.4383773803711
2019-01-02 09:15:00,60.237770080566406
2019-01-02 09:20:00,11.110234260559082
2019-01-02 09:25:00,68.63587188720703
2019-01-02 09:30:00,18.68770980834961
2019-01-02 09:35:00,8.407662391662598
2019-01-02 09:40:00,6.350093364715576
2019-01-02 09:45:00,6.158064365386963
2019-01-02 09:50:00,6.044646739959717
2019-01-02 09:55:00,8.445756912231445
2019-01-02 10:00:00,5.174084663391113
2019-01-02 10:05:00,10.628973007202148
2019-01-02 10:10:00,93.21253967285156
2019-01-02 10:15:00,14.90231990814209
2019-01-02 10:20:00,14.34778118133545
2019-01-02 10:25:00,6.88108491897583
2019-01-02 10:30:00,7.522686004638672
2019-01-02 10:35:00,4.829414367675781
2019-01-02 10:40:00,6.910491466522217
2019-01-02 10:45:00,8.23653507232666
2019-01-02 10:50:00,5.546693325042725
2019-01-02 10:55:00,8.34536361694336
2019-01-02 11:00:00,55.367225646972656
2019-01-02 11:05:00,85.19168853759766
2019-01-02 11:10:00,18.999345779418945
2019-01-02 11:15:00,6.134828567504883
2019-01-02 11:20:00,7.851474761962891
2019-01-02 11:25:00,6.8722076416015625
2019-01-02 11:30:00,7.097190380096436
2019-01-02 11:35:00,5.618617057800293
2019-01-02 11:40:00,7.571341514587402
2019-01-02 11:45:00,5.37886381149292
2019-01-02 11:50:00,26.67169761657715
2019-01-02 11:55:00,84.33662414550781
2019-01-02 12:00:00,93.3325424194336
2019-01-02 12:05:00,18.154829025268555
2019-01-02 12:10:00,6.844783306121826
2019-01-02 12:15:00,4.943333625793457
2019-01-02 12:20:00,4.255475044250488
2019-01-02 12:25:00,7.2538018226623535
2019-01-02 12:30:00,14.949124336242676
2019-01-02 12:35:00,4.222782135009766
2019-01-02 12:40:00,91.52506256103516
2019-01-02 12:45:00,75.16141510009766
2019-01-02 12:50:00,86.95028686523438
2019-01-02 12:55:00,17.431766510009766
2019-01-02 13:00:00,6.550528049468994
2019-01-02 13:05:00,10.6862211227417
2019-01-02 13:10:00,8.369441986083984
2019-01-02 13:15:00,7.275975704193115
2019-01-02 13:20:00,6.573355197906494
2019-01-02 13:25:00,13.28506851196289
2019-01-02 13:30:00,5.601373672485352
2019-01-02 13:35:00,96.9292449951172
2019-01-02 13:40:00,82.3180923461914
2019-01-02 13:45:00,94.1804428100586
2019-01-02 13:50:00,23.788406372070312
2019-01-02 13:55:00,10.43310260772705
2019-01-02 14:00:00,11.44630241394043
2019-01-02 14:05:00,7.048554420471191
2019-01-02 14:10:00,7.608028411865234
2019-01-02 14:15:00,4.9739089012146
2019-01-02 14:20:00,12.273608207702637
2019-01-02 14:25:00,12.116585731506348
2019-01-02 14:30:00,85.68617248535156
2019-01-02 14:35:00,12.570894241333008
2019-01-02 14:40:00,79.53805541992188
2019-01-02 14:45:00,11.855677604675291
2019-01-02 14:50:00,9.220999717712402
2019-01-02 14:55:00,8.867447853088379
2019-01-02 15:00:00,8.580859184265137
2019-01-02 15:05:00,9.915717124938965
2019-01-02 15:10:00,7.376946926116943
2019-01-02 15:15:00,7.117683410644531
2019-01-02 15:20:00,4.945080280303955
2019-01-02 15:25:00,83.78939819335938
2019-01-02 15:30:00,60.32721710205078
2019-01-02 15:35:00,81.09668731689453
2019-01-02 15:40:00,18.53018951416016
2019-01-02 15:45:00,16.17744255065918
2019-01-02 15:50:00,5.968317031860352
2019-01-02 15:55:00,9.782147407531738
2019-01-02 16:00:00,4.447935581207275
2019-01-02 16:05:00,10.68581199645996
2019-01-02 16:10:00,6.514822483062744
2019-01-02 16:15:00,9.47632884979248
2019-01-02 16:20:00,7.1532883644104
2019-01-02 16:25:00,9.492023468017578
2019-01-02 16:30:00,15.030564308166504
2019-01-02 16:35:00,8.601704597473145
2019-01-02 16:40:00,6.360275268554688
2019-01-02 16:45:00,89.22241973876953
2019-01-02 16:50:00,17.244619369506836
2019-01-02 16:55:00,6.902572154998779
2019-01-02 17:00:00,6.00556230545044
2019-01-02 17:05:00,87.27828979492188
2019-01-02 17:10:00,15.767687797546388
2019-01-02 17:15:00,6.440111637115479
2019-01-02 17:20:00,6.750312805175781
2019-01-02 17:25:00,19.012514114379883
2019-01-02 17:30:00,9.971660614013672
2019-01-02 17:35:00,94.23775482177734
2019-01-02 17:40:00,85.25777435302734
2019-01-02 17:45:00,75.16352844238281
2019-01-02 17:50:00,82.05680847167969
2019-01-02 17:55:00,12.416913986206056
2019-01-02 18:00:00,9.879264831542969
2019-01-02 18:05:00,11.06833839416504
2019-01-02 18:10:00,87.62994384765625
2019-01-02 18:15:00,76.0990219116211
2019-01-02 18:20:00,8.671545028686523
2019-01-02 18:25:00,59.16826248168945
2019-01-02 18:30:00,73.6849365234375
2019-01-02 18:35:00,8.159198760986328
2019-01-02 18:40:00,79.73262023925781
2019-01-02 18:45:00,21.87282943725586
2019-01-02 18:50:00,8.192138671875
2019-01-02 18:55:00,9.00747013092041
2019-01-02 19:00:00,6.245311737060547
2019-01-02 19:05:00,12.478510856628418
2019-01-02 19:10:00,8.994429588317871
2019-01-02 19:15:00,6.546605587005615
2019-01-02 19:20:00,9.714696884155272
2019-01-02 19:25:00,87.02212524414062
2019-01-02 19:30:00,49.95588302612305
2019-01-02 19:35:00,6.450502395629883
2019-01-02 19:40:00,6.555283069610596
2019-01-02 19:45:00,5.685518264770508
2019-01-02 19:50:00,7.629629135131836
2019-01-02 19:55:00,81.79476928710938
2019-01-02 20:00:00,85.579833984375
2019-01-02 20:05:00,56.12247848510742
2019-01-02 20:10:00,7.4530348777771
2019-01-02 20:15:00,7.904887676239014
2019-01-02 20:20:00,6.395671367645264
2019-01-02 20:25:00,17.43448829650879
2019-01-02 20:30:00,16.560834884643555
2019-01-02 20:35:00,8.496776580810547
2019-01-02 20:40:00,27.229766773527093
2019-01-02 20:45:00,27.229766773527093
2019-01-02 20:50:00,27.229766773527093
2019-01-02 20:55:00,27.229766773527093
2019-01-02 21:00:00,27.229766773527093
2019-01-02 21:05:00,27.229766773527093
2019-01-02 21:10:00,27.229766773527093
2019-01-02 21:15:00,27.229766773527093
2019-01-02 21:20:00,27.229766773527093
2019-01-02 21:25:00,27.229766773527093
2019-01-02 21:30:00,27.229766773527093
2019-01-02 21:35:00,27.229766773527093
2019-01-02 21:40:00,27.229766773527093
2019-01-02 21:45:00,27.229766773527093
2019-01-02 21:50:00,27.229766773527093
2019-01-02 21:55:00,27.229766773527093
2019-01-02 22:00:00,27.229766773527093
2019-01-02 22:05:00,27.229766773527093
2019-01-02 22:10:00,27.229766773527093
2019-01-02 22:15:00,27.229766773527093
2019-01-02 22:20:00,27.229766773527093
2019-01-02 22:25:00,27.229766773527093
2019-01-02 22:30:00,27.229766773527093
2019-01-02 22:35:00,27.229766773527093
2019-01-02 22:40:00,27.229766773527093
2019-01-02 22:45:00,27.229766773527093
2019-01-02 22:50:00,27.229766773527093
2019-01-02 22:55:00,27.229766773527093
2019-01-02 23:00:00,27.229766773527093
2019-01-02 23:05:00,27.229766773527093
2019-01-02 23:10:00,27.229766773527093
2019-01-02 23:15:00,27.229766773527093
2019-01-02 23:20:00,27.229766773527093
2019-01-02 23:25:00,27.229766773527093
2019-01-02 23:30:00,27.229766773527093
2019-01-02 23:35:00,27.229766773527093
2019-01-02 23:40:00,27.229766773527093
2019-01-02 23:45:00,27.229766773527093
2019-01-02 23:50:00,27.229766773527093
2019-01-02 23:55:00,27.229766773527093
2019-01-03 00:00:00,27.229766773527093
2019-01-03 00:05:00,27.229766773527093
2019-01-03 00:10:00,27.229766773527093
2019-01-03 00:15:00,27.229766773527093
2019-01-03 00:20:00,27.229766773527093
2019-01-03 00:25:00,27.229766773527093
2019-01-03 00:30:00,27.229766773527093
2019-01-03 00:35:00,27.229766773527093
2019-01-03 00:40:00,27.229766773527093
2019-01-03 00:45:00,27.229766773527093
2019-01-03 00:50:00,13.068181991577148
2019-01-03 00:55:00,5.508137226104736
2019-01-03 01:00:00,57.62204360961914
2019-01-03 01:05:00,90.72338104248048
2019-01-03 01:10:00,8.652689933776855
2019-01-03 01:15:00,4.909491062164307
2019-01-03 01:20:00,4.363896369934082
2019-01-03 01:25:00,87.93482971191406
2019-01-03 01:30:00,88.34245300292969
2019-01-03 01:35:00,25.23723220825196
2019-01-03 01:40:00,5.797914981842041
2019-01-03 01:45:00,4.44257402420044
2019-01-03 01:50:00,11.64150333404541
2019-01-03 01:55:00,6.358757019042969
2019-01-03 02:00:00,6.932907581329346
2019-01-03 02:05:00,8.304311752319336
2019-01-03 02:10:00,11.359735488891602
2019-01-03 02:15:00,43.61545944213867
2019-01-03 02:20:00,91.6293716430664
2019-01-03 02:25:00,90.20436096191406
2019-01-03 02:30:00,93.42735290527344
2019-01-03 02:35:00,76.79345703125
2019-01-03 02:40:00,66.79292297363281
2019-01-03 02:45:00,10.973498344421388
2019-01-03 02:50:00,8.004794120788574
2019-01-03 02:55:00,7.309756278991699
2019-01-03 03:00:00,92.0863800048828
2019-01-03 03:05:00,16.568283081054688
2019-01-03 03:10:00,85.7195053100586
2019-01-03 03:15:00,83.13664245605469
2019-01-03 03:20:00,16.428956985473633
2019-01-03 03:25:00,18.477230072021484
2019-01-03 03:30:00,6.223936557769775
2019-01-03 03:35:00,10.19283390045166
2019-01-03 03:40:00,7.732261657714844
2019-01-03 03:45:00,4.247923851013184
2019-01-03 03:50:00,5.4100422859191895
2019-01-03 03:55:00,77.70506286621094
2019-01-03 04:00:00,73.37542724609375
2019-01-03 04:05:00,76.20248413085938
2019-01-03 04:10:00,11.580885887145996
2019-01-03 04:15:00,4.971559524536133
2019-01-03 04:20:00,4.514958381652832
2019-01-03 04:25:00,27.83471298217773
2019-01-03 04:30:00,85.27442169189453
2019-01-03 04:35:00,70.27782440185547
2019-01-03 04:40:00,95.07469177246094
2019-01-03 04:45:00,14.68685245513916
2019-01-03 04:50:00,5.007330894470215
2019-01-03 04:55:00,11.154829025268556
2019-01-03 05:00:00,6.622491359710693
2019-01-03 05:05:00,91.2318878173828
2019-01-03 05:10:00,10.242186546325684
2019-01-03 05:15:00,16.411991119384766
2019-01-03 05:20:00,6.322798252105713
2019-01-03 05:25:00,12.27056121826172
2019-01-03 05:30:00,82.63190460205078
2019-01-03 05:35:00,14.904086112976074
2019-01-03 05:40:00,16.930212020874023
2019-01-03 05:45:00,86.01252746582031
2019-01-03 05:50:00,21.716571807861328
2019-01-03 05:55:00,13.252456665039062
2019-01-03 06:00:00,89.35963439941406
2019-01-03 06:05:00,76.13092803955078
2019-01-03 06:10:00,10.184282302856444
2019-01-03 06:15:00,6.564568042755127
2019-01-03 06:20:00,86.4842529296875
2019-01-03 06:25:00,66.23703002929688
2019-01-03 06:30:00,41.850624084472656
2019-01-03 06:35:00,69.39875793457031
2019-01-03 06:40:00,96.08318328857422
2019-01-03 06:45:00,50.61316680908203
2019-01-03 06:50:00,87.93476867675781
2019-01-03 06:55:00,45.96304702758789
2019-01-03 07:00:00,68.26152038574219
2019-01-03 07:05:00,5.928028106689453
2019-01-03 07:10:00,12.878028869628906
2019-01-03 07:15:00,5.753710746765137
2019-01-03 07:20:00,5.596506118774414
2019-01-03 07:25:00,7.953175067901611
2019-01-03 07:30:00,5.392919540405273
2019-01-03 07:35:00,76.91487121582031
2019-01-03 07:40:00,14.536458969116213
2019-01-03 07:45:00,80.14591979980469
2019-01-03 07:50:00,6.643658638000488
2019-01-03 07:55:00,6.4267191886901855
2019-01-03 08:00:00,8.608637809753418
2019-01-03 08:05:00,7.229308605194092
2019-01-03 08:10:00,11.682683944702148
2019-01-03 08:15:00,7.371769905090332
2019-01-03 08:20:00,5.838332653045654
2019-01-03 08:25:00,38.64725112915039
2019-01-03 08:30:00,87.7911148071289
2019-01-03 08:35:00,88.90408325195312
2019-01-03 08:40:00,17.679410934448242
2019-01-03 08:45:00,7.590885162353516
2019-01-03 08:50:00,6.442893028259277
2019-01-03 08:55:00,5.555012226104736
2019-01-03 09:00:00,5.954115390777588
2019-01-03 09:05:00,4.815986156463623
2019-01-03 09:10:00,6.927912712097168
2019-01-03 09:15:00,5.685024261474609
2019-01-03 09:20:00,4.9346184730529785
2019-01-03 09:25:00,65.90027618408203
2019-01-03 09:30:00,87.94391632080078
2019-01-03 09:35:00,85.86820220947266
2019-01-03 09:40:00,25.51692771911621
2019-01-03 09:45:00,5.301616668701172
2019-01-03 09:50:00,7.758834362030029
2019-01-03 09:55:00,6.02035665512085
2019-01-03 10:00:00,5.560702800750732
2019-01-03 10:05:00,13.87431526184082
2019-01-03 10:10:00,12.814742088317873
2019-01-03 10:15:00,7.414830684661865
2019-01-03 10:20:00,9.51296329498291
2019-01-03 10:25:00,74.5173568725586
2019-01-03 10:30:00,85.88167572021484
2019-01-03 10:35:00,4.939159870147705
2019-01-03 10:40:00,6.165141105651856
2019-01-03 10:45:00,6.231327056884766
2019-01-03 10:50:00,5.85723352432251
2019-01-03 10:55:00,8.500649452209473
2019-01-03 11:00:00,8.126506805419922
2019-01-03 11:05:00,6.285591125488281
2019-01-03 11:10:00,48.9594955444336
2019-01-03 11:15:00,93.70887756347656
2019-01-03 11:20:00,72.72472381591797
2019-01-03 11:25:00,11.249282836914062
2019-01-03 11:30:00,13.2835693359375
2019-01-03 11:35:00,13.203737258911133
2019-01-03 11:40:00,6.55092191696167
2019-01-03 11:45:00,8.267507553100586
2019-01-03 11:50:00,8.401487350463867
2019-01-03 11:55:00,6.3210320472717285
2019-01-03 12:00:00,6.8459978103637695
2019-01-03 12:05:00,85.11381530761719
2019-01-03 12:10:00,79.14140319824219
2019-01-03 12:15:00,10.19429874420166
2019-01-03 12:20:00,7.020866394042969
2019-01-03 12:25:00,10.221513748168944
2019-01-03 12:30:00,13.773408889770508
2019-01-03 12:35:00,8.062176704406738
2019-01-03 12:40:00,9.390547752380373
2019-01-03 12:45:00,7.889172554016113
2019-01-03 12:50:00,65.5793685913086
2019-01-03 12:55:00,84.55988311767578
2019-01-03 13:00:00,58.12431335449219
2019-01-03 13:05:00,8.827689170837402
2019-01-03 13:10:00,9.660057067871094
2019-01-03 13:15:00,12.249540328979492
2019-01-03 13:20:00,7.83055305480957
2019-01-03 13:25:00,7.843500137329102
2019-01-03 13:30:00,15.207987785339355
2019-01-03 13:35:00,6.535138130187988
2019-01-03 13:40:00,5.979311943054199
2019-01-03 13:45:00,95.95328521728516
2019-01-03 13:50:00,81.79695892333984
2019-01-03 13:55:00,85.66592407226562
2019-01-03 14:00:00,16.228431701660156
2019-01-03 14:05:00,6.539585113525391
2019-01-03 14:10:00,6.777486801147461
2019-01-03 14:15:00,12.546940803527832
2019-01-03 14:20:00,7.242054462432861
2019-01-03 14:25:00,12.29751205444336
2019-01-03 14:30:00,5.853668212890625
2019-01-03 14:35:00,63.2931022644043
2019-01-03 14:40:00,96.19857025146484
2019-01-03 14:45:00,76.24304962158203
2019-01-03 14:50:00,14.75097370147705
2019-01-03 14:55:00,9.282072067260742
2019-01-03 15:00:00,4.079098701477051
2019-01-03 15:05:00,7.921396732330322
2019-01-03 15:10:00,7.180856704711914
2019-01-03 15:15:00,10.86334991455078
2019-01-03 15:20:00,81.34769439697266
2019-01-03 15:25:00,27.229766773527093
2019-01-03 15:30:00,27.229766773527093
2019-01-03 15:35:00,27.229766773527093
2019-01-03 15:40:00,27.229766773527093
2019-01-03 15:45:00,27.229766773527093
2019-01-03 15:50:00,27.229766773527093
2019-01-03 15:55:00,27.229766773527093
2019-01-03 16:00:00,27.229766773527093
2019-01-03 16:05:00,27.229766773527093
2019-01-03 16:10:00,27.229766773527093
2019-01-03 16:15:00,27.229766773527093
2019-01-03 16:20:00,27.229766773527093
2019-01-03 16:25:00,27.229766773527093
2019-01-03 16:30:00,27.229766773527093
2019-01-03 16:35:00,27.229766773527093
2019-01-03 16:40:00,27.229766773527093
2019-01-03 16:45:00,27.229766773527093
2019-01-03 16:50:00,27.229766773527093
2019-01-03 16:55:00,27.229766773527093
2019-01-03 17:00:00,27.229766773527093
2019-01-03 17:05:00,27.229766773527093
2019-01-03 17:10:00,27.229766773527093
2019-01-03 17:15:00,27.229766773527093
2019-01-03 17:20:00,27.229766773527093
2019-01-03 17:25:00,27.229766773527093
2019-01-03 17:30:00,27.229766773527093
2019-01-03 17:35:00,27.229766773527093
2019-01-03 17:40:00,27.229766773527093
2019-01-03 17:45:00,27.229766773527093
2019-01-03 17:50:00,27.229766773527093
2019-01-03 17:55:00,27.229766773527093
2019-01-03 18:00:00,27.229766773527093
2019-01-03 18:05:00,27.229766773527093
2019-01-03 18:10:00,27.229766773527093
2019-01-03 18:15:00,27.229766773527093
2019-01-03 18:20:00,27.229766773527093
2019-01-03 18:25:00,27.229766773527093
2019-01-03 18:30:00,27.229766773527093
2019-01-03 18:35:00,27.229766773527093
2019-01-03 18:40:00,27.229766773527093
2019-01-03 18:45:00,27.229766773527093
2019-01-03 18:50:00,27.229766773527093
2019-01-03 18:55:00,27.229766773527093
2019-01-03 19:00:00,27.229766773527093
2019-01-03 19:05:00,27.229766773527093
2019-01-03 19:10:00,27.229766773527093
2019-01-03 19:15:00,27.229766773527093
2019-01-03 19:20:00,27.229766773527093
2019-01-03 19:25:00,27.229766773527093
2019-01-03 19:30:00,27.229766773527093
2019-01-03 19:35:00,7.1252055168151855
2019-01-03 19:40:00,5.947518348693848
2019-01-03 19:45:00,3.473555326461792
2019-01-03 19:50:00,95.5008544921875
2019-01-03 19:55:00,56.40261459350586
2019-01-03 20:00:00,72.24085235595703
2019-01-03 20:05:00,8.744479179382324
2019-01-03 20:10:00,6.231603145599365
2019-01-03 20:15:00,8.339439392089844
2019-01-03 20:20:00,6.3381218910217285
2019-01-03 20:25:00,13.565542221069336
2019-01-03 20:30:00,13.341075897216797
2019-01-03 20:35:00,7.410418033599853
2019-01-03 20:40:00,6.241003036499023
2019-01-03 20:45:00,80.9945297241211
2019-01-03 20:50:00,74.32524108886719
2019-01-03 20:55:00,83.63822174072266
2019-01-03 21:00:00,18.568727493286133
2019-01-03 21:05:00,3.5942282676696777
2019-01-03 21:10:00,7.080390930175781
2019-01-03 21:15:00,12.24245548248291
2019-01-03 21:20:00,6.754529476165772
2019-01-03 21:25:00,14.85025691986084
2019-01-03 21:30:00,5.679390907287598
2019-01-03 21:35:00,6.380795478820801
2019-01-03 21:40:00,6.123981952667236
2019-01-03 21:45:00,5.531618595123291
2019-01-03 21:50:00,4.433656692504883
2019-01-03 21:55:00,6.398295402526856
2019-01-03 22:00:00,5.191244125366211
2019-01-03 22:05:00,8.006518363952637
2019-01-03 22:10:00,7.925652027130127
2019-01-03 22:15:00,12.20495319366455
2019-01-03 22:20:00,9.8467435836792
2019-01-03 22:25:00,76.97793579101562
2019-01-03 22:30:00,79.58907318115234
2019-01-03 22:35:00,15.950936317443848
2019-01-03 22:40:00,8.485234260559082
2019-01-03 22:45:00,7.827998161315918
2019-01-03 22:50:00,5.912964344024658
2019-01-03 22:55:00,8.35297679901123
2019-01-03 23:00:00,9.001335144042969
2019-01-03 23:05:00,64.68984985351562
2019-01-03 23:10:00,27.59790802001953
2019-01-03 23:15:00,94.93622589111328
2019-01-03 23:20:00,79.89079284667969
2019-01-03 23:25:00,74.9546890258789
2019-01-03 23:30:00,96.5991668701172
2019-01-03 23:35:00,80.48835754394531
2019-01-03 23:40:00,94.72737121582033
2019-01-03 23:45:00,75.61906433105469
2019-01-03 23:50:00,75.47017669677734
2019-01-03 23:55:00,83.17948913574219
2019-01-04 00:00:00,80.38223266601562
2019-01-04 00:05:00,80.9275131225586
2019-01-04 00:10:00,90.5656509399414
2019-01-04 00:15:00,89.33781433105469
2019-01-04 00:20:00,73.8526382446289
2019-01-04 00:25:00,66.9471435546875
2019-01-04 00:30:00,83.79776763916016
2019-01-04 00:35:00,67.8570785522461
2019-01-04 00:40:00,68.06690979003906
2019-01-04 00:45:00,81.26001739501953
2019-01-04 00:50:00,92.6374740600586
2019-01-04 00:55:00,91.13654327392578
2019-01-04 01:00:00,85.4136734008789
2019-01-04 01:05:00,80.95535278320312
2019-01-04 01:10:00,92.4893569946289
2019-01-04 01:15:00,68.08256530761719
2019-01-04 01:20:00,96.72084045410156
2019-01-04 01:25:00,90.31846618652344
2019-01-04 01:30:00,95.22711944580078
2019-01-04 01:35:00,80.99659729003906
2019-01-04 01:40:00,9.590561866760254
2019-01-04 01:45:00,67.75691223144531
2019-01-04 01:50:00,96.3740234375
2019-01-04 01:55:00,93.57317352294922
2019-01-04 02:00:00,89.62061309814453
2019-01-04 02:05:00,82.2595443725586
2019-01-04 02:10:00,87.29383850097656
2019-01-04 02:15:00,74.66516876220703
2019-01-04 02:20:00,17.850706100463867
2019-01-04 02:25:00,82.81302642822266
2019-01-04 02:30:00,78.0113296508789
2019-01-04 02:35:00,88.20281219482422
2019-01-04 02:40:00,15.816664695739746
2019-01-04 02:45:00,4.129180908203125
2019-01-04 02:50:00,91.55867767333984
2019-01-04 02:55:00,87.36714935302734
2019-01-04 03:00:00,78.88663482666016
2019-01-04 03:05:00,5.510217666625977
2019-01-04 03:10:00,9.687904357910156
2019-01-04 03:15:00,8.962158203125
2019-01-04 03:20:00,7.435549259185791
2019-01-04 03:25:00,10.558342933654783
2019-01-04 03:30:00,68.61065673828125
2019-01-04 03:35:00,96.1890640258789
2019-01-04 03:40:00,6.84001350402832
2019-01-04 03:45:00,12.883459091186523
2019-01-04 03:50:00,58.24525833129883
2019-01-04 03:55:00,20.55649185180664
2019-01-04 04:00:00,52.49043273925781
2019-01-04 04:05:00,82.38448333740234
2019-01-04 04:10:00,85.7811050415039
2019-01-04 04:15:00,81.08168029785156
2019-01-04 04:20:00,8.875107765197754
2019-01-04 04:25:00,96.6821746826172
2019-01-04 04:30:00,81.7582015991211
2019-01-04 04:35:00,79.57459259033203
2019-01-04 04:40:00,85.92827606201172
2019-01-04 04:45:00,69.59248352050781
2019-01-04 04:50:00,85.36557006835938
2019-01-04 04:55:00,9.44362449645996
2019-01-04 05:00:00,83.39653015136719
2019-01-04 05:05:00,84.40884399414062
2019-01-04 05:10:00,5.701648712158203
2019-01-04 05:15:00,80.65518188476562
2019-01-04 05:20:00,74.79093170166016
2019-01-04 05:25:00,85.25080108642578
2019-01-04 05:30:00,20.098047256469727
2019-01-04 05:35:00,88.59123229980469
2019-01-04 05:40:00,93.73613739013672
2019-01-04 05:45:00,14.350462913513184
2019-01-04 05:50:00,6.794267654418945
2019-01-04 05:55:00,74.30553436279297
2019-01-04 06:00:00,85.33602142333984
2019-01-04 06:05:00,74.87060546875
2019-01-04 06:10:00,79.67822265625
2019-01-04 06:15:00,80.88617706298828
2019-01-04 06:20:00,80.74988555908203
2019-01-04 06:25:00,80.2678451538086
2019-01-04 06:30:00,93.79674530029295
2019-01-04 06:35:00,85.33523559570312
2019-01-04 06:40:00,79.96483612060547
2019-01-04 06:45:00,11.82446575164795
2019-01-04 06:50:00,6.412072658538818
2019-01-04 06:55:00,93.89168548583984
2019-01-04 07:00:00,76.01974487304688
2019-01-04 07:05:00,87.9008560180664
2019-01-04 07:10:00,65.94284057617188
2019-01-04 07:15:00,67.83949279785156
2019-01-04 07:20:00,18.02320098876953
2019-01-04 07:25:00,8.674274444580078
2019-01-04 07:30:00,82.78295135498047
2019-01-04 07:35:00,80.69157409667969
2019-01-04 07:40:00,87.00807189941406
2019-01-04 07:45:00,70.47132110595703
2019-01-04 07:50:00,36.31950378417969
2019-01-04 07:55:00,7.670519828796387
2019-01-04 08:00:00,7.23349142074585
2019-01-04 08:05:00,80.35216522216797
2019-01-04 08:10:00,69.53624725341797
2019-01-04 08:15:00,80.76807403564453
2019-01-04 08:20:00,87.23117065429688
2019-01-04 08:25:00,14.659550666809082
2019-01-04 08:30:00,14.180214881896973
2019-01-04 08:35:00,5.930695533752441
2019-01-04 08:40:00,18.704647064208984
2019-01-04 08:45:00,23.044960021972656
2019-01-04 08:50:00,7.41256856918335
2019-01-04 08:55:00,78.94098663330078
2019-01-04 09:00:00,79.24412536621094
2019-01-04 09:05:00,96.54743194580078
2019-01-04 09:10:00,8.586322784423828
2019-01-04 09:15:00,16.375062942504883
2019-01-04 09:20:00,16.47646713256836
2019-01-04 09:25:00,78.37565612792969
2019-01-04 09:30:00,80.70372009277344
2019-01-04 09:35:00,85.81275939941406
2019-01-04 09:40:00,15.642891883850098
2019-01-04 09:45:00,11.961483001708984
2019-01-04 09:50:00,91.00394439697266
2019-01-04 09:55:00,17.373605728149414
2019-01-04 10:00:00,71.52937316894531
2019-01-04 10:05:00,80.83238983154297
2019-01-04 10:10:00,6.4909348487854
2019-01-04 10:15:00,71.2594985961914
2019-01-04 10:20:00,60.76619720458984
2019-01-04 10:25:00,82.19192504882812
2019-01-04 10:30:00,7.617802619934082
2019-01-04 10:35:00,69.27521514892578
2019-01-04 10:40:00,17.581356048583984
2019-01-04 10:45:00,88.7912826538086
2019-01-04 10:50:00,15.36990451812744
2019-01-04 10:55:00,11.48155689239502
2019-01-04 11:00:00,96.32852172851562
2019-01-04 11:05:00,81.72526550292969
2019-01-04 11:10:00,63.82770538330078
2019-01-04 11:15:00,78.67779541015625
2019-01-04 11:20:00,9.987781524658203
2019-01-04 11:25:00,8.298192024230957
2019-01-04 11:30:00,6.585183620452881
2019-01-04 11:35:00,5.038447380065918
2019-01-04 11:40:00,4.914278984069824
2019-01-04 11:45:00,5.685908317565918
2019-01-04 11:50:00,6.55452823638916
2019-01-04 11:55:00,48.84993743896485
2019-01-04 12:00:00,91.0369644165039
2019-01-04 12:05:00,79.82752227783203
2019-01-04 12:10:00,18.73805427551269
2019-01-04 12:15:00,9.491920471191406
2019-01-04 12:20:00,9.190616607666016
2019-01-04 12:25:00,13.06506061553955
2019-01-04 12:30:00,15.397553443908691
2019-01-04 12:35:00,5.807631492614746
2019-01-04 12:40:00,9.41945457458496
2019-01-04 12:45:00,93.03675079345705
2019-01-04 12:50:00,96.0749053955078
2019-01-04 12:55:00,80.7340087890625
2019-01-04 13:00:00,22.08376693725586
2019-01-04 13:05:00,8.6204195022583
2019-01-04 13:10:00,6.509611129760742
2019-01-04 13:15:00,4.7285237312316895
2019-01-04 13:20:00,7.809573173522949
2019-01-04 13:25:00,8.817082405090332
2019-01-04 13:30:00,5.019304275512695
2019-01-04 13:35:00,5.257524967193604
2019-01-04 13:40:00,82.11113739013672
2019-01-04 13:45:00,13.547693252563477
2019-01-04 13:50:00,73.5882797241211
2019-01-04 13:55:00,10.084549903869627
2019-01-04 14:00:00,5.598589897155762
2019-01-04 14:05:00,4.742297649383545
2019-01-04 14:10:00,12.298195838928224
2019-01-04 14:15:00,4.995724678039551
2019-01-04 14:20:00,6.390805721282959
2019-01-04 14:25:00,16.829099655151367
2019-01-04 14:30:00,49.97697067260742
2019-01-04 14:35:00,88.66820526123047
2019-01-04 14:40:00,82.79490661621094
2019-01-04 14:45:00,90.9274673461914
2019-01-04 14:50:00,7.746703147888184
2019-01-04 14:55:00,8.520910263061523
2019-01-04 15:00:00,82.26553344726562
2019-01-04 15:05:00,88.29743194580078
2019-01-04 15:10:00,83.21880340576172
2019-01-04 15:15:00,22.777925491333008
2019-01-04 15:20:00,77.47080993652344
2019-01-04 15:25:00,84.63102722167969
2019-01-04 15:30:00,73.5304183959961
2019-01-04 15:35:00,76.59605407714844
2019-01-04 15:40:00,10.664179801940918
2019-01-04 15:45:00,5.673568248748779
2019-01-04 15:50:00,5.680112838745117
2019-01-04 15:55:00,6.35457181930542
2019-01-04 16:00:00,59.847938537597656
2019-01-04 16:05:00,76.84624481201172
2019-01-04 16:10:00,18.90369987487793
2019-01-04 16:15:00,10.566970825195312
2019-01-04 16:20:00,6.253808975219727
2019-01-04 16:25:00,87.17491149902344
2019-01-04 16:30:00,10.539231300354004
2019-01-04 16:35:00,5.866917133331299
2019-01-04 16:40:00,8.500605583190918
2019-01-04 16:45:00,71.81838989257812
2019-01-04 16:50:00,12.74506664276123
2019-01-04 16:55:00,96.95613098144533
2019-01-04 17:00:00,80.40520477294922
2019-01-04 17:05:00,76.62235260009766
2019-01-04 17:10:00,73.01241302490234
2019-01-04 17:15:00,83.5735092163086
2019-01-04 17:20:00,95.90895080566406
2019-01-04 17:25:00,69.2748031616211
2019-01-04 17:30:00,79.837646484375
2019-01-04 17:35:00,17.907424926757812
2019-01-04 17:40:00,6.046380996704102
2019-01-04 17:45:00,91.20085906982422
2019-01-04 17:50:00,96.67815399169922
2019-01-04 17:55:00,70.98710632324219
2019-01-04 18:00:00,5.417779445648193
2019-01-04 18:05:00,8.496545791625977
2019-01-04 18:10:00,74.8362808227539
2019-01-04 18:15:00,16.688444137573242
2019-01-04 18:20:00,5.682990550994873
2019-01-04 18:25:00,16.270732879638672
2019-01-04 18:30:00,76.35883331298828
2019-01-04 18:35:00,84.43293762207031
2019-01-04 18:40:00,80.75275421142578
2019-01-04 18:45:00,9.88302230834961
2019-01-04 18:50:00,5.028475761413574
2019-01-04 18:55:00,77.68929290771484
2019-01-04 19:00:00,57.03818893432617
2019-01-04 19:05:00,85.41619110107422
2019-01-04 19:10:00,6.255914688110352
2019-01-04 19:15:00,8.415812492370605
2019-01-04 19:20:00,6.342385768890381
2019-01-04 19:25:00,13.681951522827148
2019-01-04 19:30:00,7.56730842590332
2019-01-04 19:35:00,79.57872009277344
2019-01-04 19:40:00,68.75811004638672
2019-01-04 19:45:00,77.21914672851562
2019-01-04 19:50:00,8.760066032409668
2019-01-04 19:55:00,84.12499237060547
2019-01-04 20:00:00,71.93057250976562
2019-01-04 20:05:00,73.91565704345703
2019-01-04 20:10:00,80.69107818603516
2019-01-04 20:15:00,92.31729125976562
2019-01-04 20:20:00,87.88607025146484
2019-01-04 20:25:00,75.88892364501953
2019-01-04 20:30:00,81.6036376953125
2019-01-04 20:35:00,5.92009973526001
2019-01-04 20:40:00,91.7737808227539
2019-01-04 20:45:00,91.28153228759766
2019-01-04 20:50:00,76.53132629394531
2019-01-04 20:55:00,94.44400787353516
2019-01-04 21:00:00,76.35124206542969
2019-01-04 21:05:00,30.787412643432617
2019-01-04 21:10:00,84.64846801757812
2019-01-04 21:15:00,82.54051971435547
2019-01-04 21:20:00,59.69148254394531
2019-01-04 21:25:00,84.73099517822266
2019-01-04 21:30:00,90.2646484375
2019-01-04 21:35:00,11.86118507385254
2019-01-04 21:40:00,9.996267318725586
2019-01-04 21:45:00,79.3695068359375
2019-01-04 21:50:00,16.216524124145508
2019-01-04 21:55:00,8.10778522491455
2019-01-04 22:00:00,8.137554168701172
2019-01-04 22:05:00,86.19253540039062
2019-01-04 22:10:00,66.97071838378906
2019-01-04 22:15:00,96.65457153320312
2019-01-04 22:20:00,8.99417781829834
2019-01-04 22:25:00,91.95549774169922
2019-01-04 22:30:00,96.86414337158205
2019-01-04 22:35:00,96.63134002685548
2019-01-04 22:40:00,75.94265747070312
2019-01-04 22:45:00,66.35831451416016
2019-01-04 22:50:00,73.61576080322266
2019-01-04 22:55:00,63.43989944458008
2019-01-04 23:00:00,66.23807525634766
2019-01-04 23:05:00,75.31278991699219
2019-01-04 23:10:00,19.425233840942383
2019-01-04 23:15:00,6.429072380065918
2019-01-04 23:20:00,8.4245023727417
2019-01-04 23:25:00,13.4939603805542
2019-01-04 23:30:00,91.36662292480467
2019-01-04 23:35:00,19.025251388549805
2019-01-04 23:40:00,17.148950576782227
2019-01-04 23:45:00,72.823486328125
2019-01-04 23:50:00,91.90747833251952
2019-01-04 23:55:00,96.72614288330078
2019-01-05 00:00:00,80.67437744140625
2019-01-05 00:05:00,90.84870910644533
2019-01-05 00:10:00,86.41986083984375
2019-01-05 00:15:00,9.246973037719728
2019-01-05 00:20:00,74.33516693115234
2019-01-05 00:25:00,96.39624786376952
2019-01-05 00:30:00,19.33051490783692
2019-01-05 00:35:00,7.396107196807861
2019-01-05 00:40:00,8.1879243850708
2019-01-05 00:45:00,79.0501937866211
2019-01-05 00:50:00,19.13729286193848
2019-01-05 00:55:00,96.72660064697266
2019-01-05 01:00:00,92.3851318359375
2019-01-05 01:05:00,69.30021667480469
2019-01-05 01:10:00,87.66683197021484
2019-01-05 01:15:00,64.24938201904297
2019-01-05 01:20:00,13.876840591430664
2019-01-05 01:25:00,85.30845642089844
2019-01-05 01:30:00,95.03206634521484
2019-01-05 01:35:00,97.38014221191406
2019-01-05 01:40:00,87.76465606689453
2019-01-05 01:45:00,84.19546508789062
2019-01-05 01:50:00,16.46978187561035
2019-01-05 01:55:00,75.9647216796875
2019-01-05 02:00:00,19.938331604003903
2019-01-05 02:05:00,84.0756607055664
2019-01-05 02:10:00,78.13430786132812
2019-01-05 02:15:00,77.29320526123047
2019-01-05 02:20:00,77.1513442993164
2019-01-05 02:25:00,20.87879180908203
2019-01-05 02:30:00,81.19029998779297
2019-01-05 02:35:00,96.2406997680664
2019-01-05 02:40:00,77.1253662109375
2019-01-05 02:45:00,83.13243103027344
2019-01-05 02:50:00,91.87147521972656
2019-01-05 02:55:00,66.20451354980469
2019-01-05 03:00:00,75.95552825927734
2019-01-05 03:05:00,9.022153854370115
2019-01-05 03:10:00,14.909896850585938
2019-01-05 03:15:00,5.928545951843262
2019-01-05 03:20:00,78.22221374511719
2019-01-05 03:25:00,85.80599212646484
2019-01-05 03:30:00,91.90938568115234
2019-01-05 03:35:00,65.13192749023438
2019-01-05 03:40:00,19.403705596923828
2019-01-05 03:45:00,7.3683762550354
2019-01-05 03:50:00,11.59579849243164
2019-01-05 03:55:00,79.31446075439453
2019-01-05 04:00:00,79.58504486083984
2019-01-05 04:05:00,84.20941162109375
2019-01-05 04:10:00,78.71758270263672
2019-01-05 04:15:00,8.550492286682129
2019-01-05 04:20:00,90.2681121826172
2019-01-05 04:25:00,70.77466583251953
2019-01-05 04:30:00,94.2288818359375
2019-01-05 04:35:00,75.72615814208984
2019-01-05 04:40:00,90.37559509277344
2019-01-05 04:45:00,16.09052276611328
2019-01-05 04:50:00,10.598288536071776
2019-01-05 04:55:00,6.611605644226074
2019-01-05 05:00:00,85.70664978027344
2019-01-05 05:05:00,9.844439506530762
2019-01-05 05:10:00,75.15132141113281
2019-01-05 05:15:00,81.90149688720703
2019-01-05 05:20:00,7.653512477874756
2019-01-05 05:25:00,10.218915939331056
2019-01-05 05:30:00,8.60656452178955
2019-01-05 05:35:00,5.896249294281006
2019-01-05 05:40:00,72.72809600830078
2019-01-05 05:45:00,69.52069854736328
2019-01-05 05:50:00,15.09489917755127
2019-01-05 05:55:00,96.72288513183594
2019-01-05 06:00:00,34.7987174987793
2019-01-05 06:05:00,86.66397857666016
2019-01-05 06:10:00,84.95250701904297
2019-01-05 06:15:00,12.36654567718506
2019-01-05 06:20:00,8.407441139221191
2019-01-05 06:25:00,78.81625366210938
2019-01-05 06:30:00,90.31189727783205
2019-01-05 06:35:00,57.31827926635742
2019-01-05 06:40:00,71.64736938476562
2019-01-05 06:45:00,86.71388244628906
2019-01-05 06:50:00,75.66519927978516
2019-01-05 06:55:00,19.59554672241211
2019-01-05 07:00:00,85.0499496459961
2019-01-05 07:05:00,96.33226776123048
2019-01-05 07:10:00,78.39874267578125
2019-01-05 07:15:00,79.28348541259766
2019-01-05 07:20:00,89.68966674804688
2019-01-05 07:25:00,68.27461242675781
2019-01-05 07:30:00,12.601466178894045
2019-01-05 07:35:00,87.47051239013672
2019-01-05 07:40:00,78.63565063476562
2019-01-05 07:45:00,83.22930145263672
2019-01-05 07:50:00,10.743120193481444
2019-01-05 07:55:00,88.89730072021484
2019-01-05 08:00:00,81.49651336669922
2019-01-05 08:05:00,10.940567016601562
2019-01-05 08:10:00,6.258379459381104
2019-01-05 08:15:00,61.00135803222656
2019-01-05 08:20:00,81.1043701171875
2019-01-05 08:25:00,67.94319915771484
2019-01-05 08:30:00,51.58863067626953
2019-01-05 08:35:00,89.67257690429688
2019-01-05 08:40:00,93.5714111328125
2019-01-05 08:45:00,80.07752990722656
2019-01-05 08:50:00,11.414937019348145
2019-01-05 08:55:00,87.90623474121094
2019-01-05 09:00:00,18.14067268371582
2019-01-05 09:05:00,4.580777168273926
2019-01-05 09:10:00,95.6778793334961
2019-01-05 09:15:00,11.827788352966309
2019-01-05 09:20:00,21.175668716430664
2019-01-05 09:25:00,7.0269646644592285
2019-01-05 09:30:00,14.582934379577637
2019-01-05 09:35:00,89.71643829345703
2019-01-05 09:40:00,80.42192840576172
2019-01-05 09:45:00,6.901108741760254
2019-01-05 09:50:00,67.06592559814453
2019-01-05 09:55:00,80.84278869628906
2019-01-05 10:00:00,86.57296752929688
2019-01-05 10:05:00,68.84961700439453
2019-01-05 10:10:00,18.69077110290528
2019-01-05 10:15:00,9.245061874389648
2019-01-05 10:20:00,17.798913955688477
2019-01-05 10:25:00,81.30189514160156
2019-01-05 10:30:00,73.55414581298828
2019-01-05 10:35:00,64.25028228759766
2019-01-05 10:40:00,77.28472137451172
2019-01-05 10:45:00,74.42530822753906
2019-01-05 10:50:00,79.58509063720703
2019-01-05 10:55:00,88.83412170410156
2019-01-05 11:00:00,77.4849853515625
2019-01-05 11:05:00,79.7923812866211
2019-01-05 11:10:00,72.22745513916016
2019-01-05 11:15:00,71.13632202148438
2019-01-05 11:20:00,87.0652084350586
2019-01-05 11:25:00,74.66222381591797
2019-01-05 11:30:00,15.430727005004885
2019-01-05 11:35:00,7.224746227264404
2019-01-05 11:40:00,6.300776958465576
2019-01-05 11:45:00,71.24307250976562
2019-01-05 11:50:00,90.20271301269533
2019-01-05 11:55:00,74.63964080810547
2019-01-05 12:00:00,7.140449047088623
2019-01-05 12:05:00,6.0210862159729
2019-01-05 12:10:00,16.197765350341797
2019-01-05 12:15:00,8.618391990661621
2019-01-05 12:20:00,5.635523796081543
2019-01-05 12:25:00,10.803284645080566
2019-01-05 12:30:00,11.45474338531494
2019-01-05 12:35:00,5.78852653503418
2019-01-05 12:40:00,6.239367961883545
2019-01-05 12:45:00,5.656681537628174
2019-01-05 12:50:00,6.217441558837891
2019-01-05 12:55:00,6.636458873748779
2019-01-05 13:00:00,12.210253715515137
2019-01-05 13:05:00,5.677764892578125
2019-01-05 13:10:00,9.521228790283203
2019-01-05 13:15:00,6.532296180725098
2019-01-05 13:20:00,5.851908206939697
2019-01-05 13:25:00,11.962742805480955
2019-01-05 13:30:00,12.919000625610352
2019-01-05 13:35:00,4.630156517028809
2019-01-05 13:40:00,6.772739410400391
2019-01-05 13:45:00,5.544656276702881
2019-01-05 13:50:00,5.520261764526367
2019-01-05 13:55:00,6.875867366790772
2019-01-05 14:00:00,7.72406005859375
2019-01-05 14:05:00,7.856171607971191
2019-01-05 14:10:00,8.924016952514648
2019-01-05 14:15:00,10.898794174194336
2019-01-05 14:20:00,5.7748847007751465
2019-01-05 14:25:00,6.459713459014893
2019-01-05 14:30:00,9.64272689819336
2019-01-05 14:35:00,4.926413059234619
2019-01-05 14:40:00,8.033616065979004
2019-01-05 14:45:00,8.686368942260742
2019-01-05 14:50:00,9.374835014343262
2019-01-05 14:55:00,7.482707500457764
2019-01-05 15:00:00,8.418685913085938
2019-01-05 15:05:00,6.7043890953063965
2019-01-05 15:10:00,6.263035297393799
2019-01-05 15:15:00,5.190526008605957
2019-01-05 15:20:00,5.017119407653809
2019-01-05 15:25:00,9.895806312561035
2019-01-05 15:30:00,6.483234405517578
2019-01-05 15:35:00,7.443248748779297
2019-01-05 15:40:00,5.166524410247803
2019-01-05 15:45:00,4.84152364730835
2019-01-05 15:50:00,4.876344680786133
2019-01-05 15:55:00,6.356913566589356
2019-01-05 16:00:00,7.616458892822266
2019-01-05 16:05:00,9.141202926635742
2019-01-05 16:10:00,4.893656730651856
2019-01-05 16:15:00,3.2562832832336426
2019-01-05 16:20:00,5.291198253631592
2019-01-05 16:25:00,5.667388439178467
2019-01-05 16:30:00,11.204432487487791
2019-01-05 16:35:00,8.182004928588867
2019-01-05 16:40:00,5.169915676116943
2019-01-05 16:45:00,9.670641899108888
2019-01-05 16:50:00,11.887489318847656
2019-01-05 16:55:00,6.290351390838623
2019-01-05 17:00:00,6.627877712249756
2019-01-05 17:05:00,5.63872766494751
2019-01-05 17:10:00,5.657482624053955
2019-01-05 17:15:00,6.810722351074219
2019-01-05 17:20:00,6.6451735496521
2019-01-05 17:25:00,7.7846903800964355
2019-01-05 17:30:00,13.70132827758789
2019-01-05 17:35:00,5.962995529174805
2019-01-05 17:40:00,6.395402908325195
2019-01-05 17:45:00,4.524174213409424
2019-01-05 17:50:00,6.133007049560547
2019-01-05 17:55:00,5.590860366821289
2019-01-05 18:00:00,5.170802116394043
2019-01-05 18:05:00,7.011695384979248
2019-01-05 18:10:00,8.603436470031738
2019-01-05 18:15:00,4.86593770980835
2019-01-05 18:20:00,8.122105598449707
2019-01-05 18:25:00,7.227854251861572
2019-01-05 18:30:00,5.477457523345947
2019-01-05 18:35:00,10.773210525512695
2019-01-05 18:40:00,5.251219749450684
2019-01-05 18:45:00,6.499167442321777
2019-01-05 18:50:00,7.860141754150391
2019-01-05 18:55:00,8.624929428100586
2019-01-05 19:00:00,6.25872278213501
2019-01-05 19:05:00,5.816050052642822
2019-01-05 19:10:00,8.657106399536133
2019-01-05 19:15:00,6.1202592849731445
2019-01-05 19:20:00,4.472224712371826
2019-01-05 19:25:00,6.861740112304688
2019-01-05 19:30:00,4.871325492858887
2019-01-05 19:35:00,8.605140686035156
2019-01-05 19:40:00,8.254175186157227
2019-01-05 19:45:00,5.377233505249023
2019-01-05 19:50:00,9.16116714477539
2019-01-05 19:55:00,5.607498645782471
2019-01-05 20:00:00,5.6672797203063965
2019-01-05 20:05:00,8.126708030700684
2019-01-05 20:10:00,6.593575954437256
2019-01-05 20:15:00,6.202671527862549
2019-01-05 20:20:00,5.428080081939697
2019-01-05 20:25:00,7.946305274963379
2019-01-05 20:30:00,15.65310764312744
2019-01-05 20:35:00,10.284954071044922
2019-01-05 20:40:00,6.030507564544678
2019-01-05 20:45:00,7.113554000854492
2019-01-05 20:50:00,5.278594970703125
2019-01-05 20:55:00,6.815861225128174
2019-01-05 21:00:00,5.018605709075928
2019-01-05 21:05:00,6.896490097045898
2019-01-05 21:10:00,6.0557050704956055
2019-01-05 21:15:00,9.730944633483888
2019-01-05 21:20:00,4.744165420532227
2019-01-05 21:25:00,7.809043884277344
2019-01-05 21:30:00,17.01752281188965
2019-01-05 21:35:00,10.045987129211426
2019-01-05 21:40:00,7.032440662384033
2019-01-05 21:45:00,4.16205358505249
2019-01-05 21:50:00,7.045302391052246
2019-01-05 21:55:00,7.681506156921387
2019-01-05 22:00:00,7.650905609130859
2019-01-05 22:05:00,5.168887138366699
2019-01-05 22:10:00,6.904162883758545
2019-01-05 22:15:00,3.9092049598693848
2019-01-05 22:20:00,5.533802032470703
2019-01-05 22:25:00,5.533802032470703
2019-01-05 22:30:00,4.152493000030518
2019-01-05 22:35:00,8.377910614013672
2019-01-05 22:40:00,5.78209114074707
2019-01-05 22:45:00,4.58189868927002
2019-01-05 22:50:00,7.695730209350586
2019-01-05 22:55:00,6.816827774047852
2019-01-05 23:00:00,9.106341361999512
2019-01-05 23:05:00,6.335000991821289
2019-01-05 23:10:00,9.533000946044922
2019-01-05 23:15:00,4.954743385314941
2019-01-05 23:20:00,7.7461090087890625
2019-01-05 23:25:00,7.03298282623291
2019-01-05 23:30:00,8.655064582824707
2019-01-05 23:35:00,9.6108980178833
2019-01-05 23:40:00,6.959033012390137
2019-01-05 23:45:00,6.299973487854004
2019-01-05 23:50:00,9.809682846069336
2019-01-05 23:55:00,6.006618499755859
2019-01-06 00:00:00,7.917264461517334
2019-01-06 00:05:00,5.177428245544434
2019-01-06 00:10:00,8.376177787780762
2019-01-06 00:15:00,9.60757541656494
2019-01-06 00:20:00,5.682108879089356
2019-01-06 00:25:00,5.682108879089356
2019-01-06 00:30:00,5.682108879089356
2019-01-06 00:35:00,5.682108879089356
2019-01-06 00:40:00,5.682108879089356
2019-01-06 00:45:00,6.434966087341309
2019-01-06 00:50:00,4.443289756774902
2019-01-06 00:55:00,5.78300142288208
2019-01-06 01:00:00,4.712817192077637
2019-01-06 01:05:00,6.765467643737793
2019-01-06 01:10:00,5.589703559875488
2019-01-06 01:15:00,5.062697887420654
2019-01-06 01:20:00,4.005871295928955
2019-01-06 01:25:00,5.330230712890625
2019-01-06 01:30:00,4.297372817993164
2019-01-06 01:35:00,9.93954372406006
2019-01-06 01:40:00,5.580230712890625
2019-01-06 01:45:00,9.566047668457031
2019-01-06 01:50:00,5.956532955169678
2019-01-06 01:55:00,14.75798797607422
2019-01-06 02:00:00,6.580731391906738
2019-01-06 02:05:00,7.465848445892334
2019-01-06 02:10:00,8.447247505187988
2019-01-06 02:15:00,6.94273853302002
2019-01-06 02:20:00,6.1412763595581055
2019-01-06 02:25:00,13.109728813171388
2019-01-06 02:30:00,4.449939250946045
2019-01-06 02:35:00,9.047928810119627
2019-01-06 02:40:00,6.633197784423828
2019-01-06 02:45:00,4.373737812042236
2019-01-06 02:50:00,4.804130554199219
2019-01-06 02:55:00,6.8913679122924805
2019-01-06 03:00:00,4.214977264404297
2019-01-06 03:05:00,3.469968557357788
2019-01-06 03:10:00,6.14057731628418
2019-01-06 03:15:00,7.11766529083252
2019-01-06 03:20:00,4.957664966583252
2019-01-06 03:25:00,5.673058032989502
2019-01-06 03:30:00,7.367937564849853
2019-01-06 03:35:00,13.932483673095703
2019-01-06 03:40:00,4.957033157348633
2019-01-06 03:45:00,8.005434036254883
2019-01-06 03:50:00,6.101217269897461
2019-01-06 03:55:00,6.932436466217041
2019-01-06 04:00:00,9.630459785461426
2019-01-06 04:05:00,5.407980442047119
2019-01-06 04:10:00,7.437162399291992
2019-01-06 04:15:00,6.267502307891846
2019-01-06 04:20:00,7.6478986740112305
2019-01-06 04:25:00,28.444599151611328
2019-01-06 04:30:00,9.217561721801758
2019-01-06 04:35:00,17.647083282470703
2019-01-06 04:40:00,5.484376907348633
2019-01-06 04:45:00,7.691840648651123
2019-01-06 04:50:00,5.976377487182617
2019-01-06 04:55:00,7.105865001678467
2019-01-06 05:00:00,6.177597522735596
2019-01-06 05:05:00,6.014396190643311
2019-01-06 05:10:00,5.593990325927734
2019-01-06 05:15:00,6.828896522521973
2019-01-06 05:20:00,7.776843070983887
2019-01-06 05:25:00,7.887125015258789
2019-01-06 05:30:00,5.06257963180542
2019-01-06 05:35:00,14.14159107208252
2019-01-06 05:40:00,13.114306449890137
2019-01-06 05:45:00,5.5479044914245605
2019-01-06 05:50:00,5.746528625488281
2019-01-06 05:55:00,7.8639326095581055
2019-01-06 06:00:00,6.738797664642334
2019-01-06 06:05:00,11.599939346313477
2019-01-06 06:10:00,8.142362594604492
2019-01-06 06:15:00,7.532727718353271
2019-01-06 06:20:00,15.3318510055542
2019-01-06 06:25:00,7.108850955963135
2019-01-06 06:30:00,6.4195876121521
2019-01-06 06:35:00,9.492667198181152
2019-01-06 06:40:00,8.156150817871094
2019-01-06 06:45:00,7.420488834381103
2019-01-06 06:50:00,6.036272048950195
2019-01-06 06:55:00,7.216399192810059
2019-01-06 07:00:00,8.708932876586914
2019-01-06 07:05:00,5.036907196044922
2019-01-06 07:10:00,8.763102531433105
2019-01-06 07:15:00,5.842010498046875
2019-01-06 07:20:00,3.802677154541016
2019-01-06 07:25:00,7.217994213104248
2019-01-06 07:30:00,6.272458553314209
2019-01-06 07:35:00,10.456269264221191
2019-01-06 07:40:00,7.129547595977783
2019-01-06 07:45:00,7.0769944190979
2019-01-06 07:50:00,5.392571926116943
2019-01-06 07:55:00,9.07192325592041
2019-01-06 08:00:00,8.329510688781738
2019-01-06 08:05:00,5.7679443359375
2019-01-06 08:10:00,8.612666130065918
2019-01-06 08:15:00,5.2451934814453125
2019-01-06 08:20:00,6.247759342193604
2019-01-06 08:25:00,7.545557498931885
2019-01-06 08:30:00,10.555669784545898
2019-01-06 08:35:00,16.090635299682617
2019-01-06 08:40:00,16.081459045410156
2019-01-06 08:45:00,4.585667610168457
2019-01-06 08:50:00,3.242489814758301
2019-01-06 08:55:00,5.440938949584961
2019-01-06 09:00:00,3.482402801513672
2019-01-06 09:05:00,2.7134621143341064
2019-01-06 09:10:00,5.560176849365234
2019-01-06 09:15:00,4.006678581237793
2019-01-06 09:20:00,3.5777294635772705
2019-01-06 09:25:00,4.8593573570251465
2019-01-06 09:30:00,5.139904022216797
2019-01-06 09:35:00,4.142662525177002
2019-01-06 09:40:00,5.028624534606934
2019-01-06 09:45:00,2.51021409034729
2019-01-06 09:50:00,3.4416816234588623
2019-01-06 09:55:00,5.011981964111328
2019-01-06 10:00:00,4.451020240783691
2019-01-06 10:05:00,2.572149515151977
2019-01-06 10:10:00,6.069890022277832
2019-01-06 10:15:00,2.8888423442840576
2019-01-06 10:20:00,3.069213628768921
2019-01-06 10:25:00,4.910274505615234
2019-01-06 10:30:00,6.265049934387207
2019-01-06 10:35:00,3.600341796875
2019-01-06 10:40:00,10.74204921722412
2019-01-06 10:45:00,3.494224548339844
2019-01-06 10:50:00,4.261606693267822
2019-01-06 10:55:00,6.11361837387085
2019-01-06 11:00:00,3.455063343048096
2019-01-06 11:05:00,2.2912611961364746
2019-01-06 11:10:00,3.3542957305908203
2019-01-06 11:15:00,5.974218368530273
2019-01-06 11:20:00,3.619178771972656
2019-01-06 11:25:00,5.226648807525635
2019-01-06 11:30:00,4.2956414222717285
2019-01-06 11:35:00,2.1652090549468994
2019-01-06 11:40:00,10.044983863830566
2019-01-06 11:45:00,2.711559772491455
2019-01-06 11:50:00,3.027862548828125
2019-01-06 11:55:00,5.1527485847473145
2019-01-06 12:00:00,3.625992774963379
2019-01-06 12:05:00,3.627277612686157
2019-01-06 12:10:00,6.604275226593018
2019-01-06 12:15:00,2.6295669078826904
2019-01-06 12:20:00,3.367314100265503
2019-01-06 12:25:00,5.148741245269775
2019-01-06 12:30:00,4.110268592834473
2019-01-06 12:35:00,10.391706466674805
2019-01-06 12:40:00,7.697505474090576
2019-01-06 12:45:00,3.2561752796173096
2019-01-06 12:50:00,3.893040657043457
2019-01-06 12:55:00,5.072380542755127
2019-01-06 13:00:00,3.538367509841919
2019-01-06 13:05:00,3.164396047592163
2019-01-06 13:10:00,4.9106950759887695
2019-01-06 13:15:00,2.6806423664093018
2019-01-06 13:20:00,3.135707139968872
2019-01-06 13:25:00,4.551217555999756
2019-01-06 13:30:00,2.838597297668457
2019-01-06 13:35:00,3.283231973648072
2019-01-06 13:40:00,8.41069221496582
2019-01-06 13:45:00,3.2746527194976807
2019-01-06 13:50:00,3.713740825653076
2019-01-06 13:55:00,6.374116897583008
2019-01-06 14:00:00,3.236485242843628
2019-01-06 14:05:00,2.89319396018982
2019-01-06 14:10:00,6.955214977264404
2019-01-06 14:15:00,3.022752285003662
2019-01-06 14:20:00,2.263143301010132
2019-01-06 14:25:00,5.181459426879883
2019-01-06 14:30:00,4.248793601989746
2019-01-06 14:35:00,3.4334020614624023
2019-01-06 14:40:00,12.559969902038574
2019-01-06 14:45:00,3.306807518005371
2019-01-06 14:50:00,3.157072067260742
2019-01-06 14:55:00,4.822685718536377
2019-01-06 15:00:00,3.734001398086548
2019-01-06 15:05:00,2.513765573501587
2019-01-06 15:10:00,3.3903465270996094
2019-01-06 15:15:00,3.4174463748931885
2019-01-06 15:20:00,2.8346869945526123
2019-01-06 15:25:00,5.479421615600586
2019-01-06 15:30:00,9.48960781097412
2019-01-06 15:35:00,3.303626298904419
2019-01-06 15:40:00,14.814652442932127
2019-01-06 15:45:00,3.1744182109832764
2019-01-06 15:50:00,3.447610855102539
2019-01-06 15:55:00,4.956294536590576
2019-01-06 16:00:00,3.767081022262573
2019-01-06 16:05:00,3.387155771255493
2019-01-06 16:10:00,5.20550537109375
2019-01-06 16:15:00,5.58188533782959
2019-01-06 16:20:00,3.862127304077149
2019-01-06 16:25:00,4.671713352203369
2019-01-06 16:30:00,3.212862253189087
2019-01-06 16:35:00,11.998254776000977
2019-01-06 16:40:00,5.702980041503906
2019-01-06 16:45:00,2.8276941776275635
2019-01-06 16:50:00,2.304750919342041
2019-01-06 16:55:00,6.835617065429688
2019-01-06 17:00:00,3.85499119758606
2019-01-06 17:05:00,2.3532164096832275
2019-01-06 17:10:00,3.915477752685547
2019-01-06 17:15:00,3.395153045654297
2019-01-06 17:20:00,4.932897567749023
2019-01-06 17:25:00,4.087917804718018
2019-01-06 17:30:00,3.917963981628418
2019-01-06 17:35:00,2.815627336502075
2019-01-06 17:40:00,7.928075313568115
2019-01-06 17:45:00,2.922794818878174
2019-01-06 17:50:00,4.141404628753662
2019-01-06 17:55:00,3.3032586574554443
2019-01-06 18:00:00,3.0129640102386475
2019-01-06 18:05:00,2.6467061042785645
2019-01-06 18:10:00,5.110179901123047
2019-01-06 18:15:00,3.949694156646729
2019-01-06 18:20:00,2.9786195755004883
2019-01-06 18:25:00,5.2888689041137695
2019-01-06 18:30:00,2.7262449264526367
2019-01-06 18:35:00,3.2130937576293945
2019-01-06 18:40:00,9.433968544006348
2019-01-06 18:45:00,3.951201677322388
2019-01-06 18:50:00,3.4467809200286865
2019-01-06 18:55:00,4.984978199005127
2019-01-06 19:00:00,3.200719118118286
2019-01-06 19:05:00,3.5859134197235107
2019-01-06 19:10:00,4.80590295791626
2019-01-06 19:15:00,3.1564199924468994
2019-01-06 19:20:00,3.4125747680664062
2019-01-06 19:25:00,5.009775638580322
2019-01-06 19:30:00,2.3704373836517334
2019-01-06 19:35:00,2.614891767501831
2019-01-06 19:40:00,9.558917045593262
2019-01-06 19:45:00,2.599130153656006
2019-01-06 19:50:00,3.625185966491699
2019-01-06 19:55:00,3.2026522159576416
2019-01-06 20:00:00,3.324659585952759
2019-01-06 20:05:00,2.199581384658813
2019-01-06 20:10:00,6.605463027954102
2019-01-06 20:15:00,3.722942352294922
2019-01-06 20:20:00,3.738916397094727
2019-01-06 20:25:00,5.416295528411865
2019-01-06 20:30:00,3.2894105911254883
2019-01-06 20:35:00,13.645393371582031
2019-01-06 20:40:00,9.83194637298584
2019-01-06 20:45:00,2.8193962574005127
2019-01-06 20:50:00,3.172801733016968
2019-01-06 20:55:00,6.825979709625244
2019-01-06 21:00:00,3.408976793289185
2019-01-06 21:05:00,2.814732313156128
2019-01-06 21:10:00,5.788489818572998
2019-01-06 21:15:00,2.6739048957824707
2019-01-06 21:20:00,3.4512834548950195
2019-01-06 21:25:00,4.540996074676514
2019-01-06 21:30:00,5.8991312980651855
2019-01-06 21:35:00,2.3734676837921143
2019-01-06 21:40:00,14.689516067504885
2019-01-06 21:45:00,2.558867216110229
2019-01-06 21:50:00,4.319660186767578
2019-01-06 21:55:00,4.665341854095459
2019-01-06 22:00:00,4.479959964752197
2019-01-06 22:05:00,3.261091470718384
2019-01-06 22:10:00,4.66073751449585
2019-01-06 22:15:00,3.3320908546447754
2019-01-06 22:20:00,3.2528202533721924
2019-01-06 22:25:00,3.2528202533721924
2019-01-06 22:30:00,4.859915256500244
2019-01-06 22:35:00,3.12770938873291
2019-01-06 22:40:00,6.1815571784973145
2019-01-06 22:45:00,7.548612594604492
2019-01-06 22:50:00,2.9913270473480225
2019-01-06 22:55:00,4.335620403289795
2019-01-06 23:00:00,3.737426280975342
2019-01-06 23:05:00,3.3238959312438965
2019-01-06 23:10:00,5.292120456695557
2019-01-06 23:15:00,3.423783540725708
2019-01-06 23:20:00,2.442990303039551
2019-01-06 23:25:00,6.20251989364624
2019-01-06 23:30:00,4.5875749588012695
2019-01-06 23:35:00,2.466033697128296
2019-01-06 23:40:00,2.648844003677368
2019-01-06 23:45:00,8.288115501403809
2019-01-06 23:50:00,3.354635715484619
2019-01-06 23:55:00,2.551456451416016
2019-01-07 00:00:00,2.49798321723938
2019-01-07 00:05:00,2.179320335388184
2019-01-07 00:10:00,6.606161117553711
2019-01-07 00:15:00,3.712190866470337
2019-01-07 00:20:00,3.879816055297852
2019-01-07 00:25:00,6.051787853240967
2019-01-07 00:30:00,2.6721339225769043
2019-01-07 00:35:00,12.795328140258787
2019-01-07 00:40:00,3.5252106189727783
2019-01-07 00:45:00,11.816522598266602
2019-01-07 00:50:00,3.5773181915283203
2019-01-07 00:55:00,4.8255486488342285
2019-01-07 01:00:00,3.183962821960449
2019-01-07 01:05:00,3.196058750152588
2019-01-07 01:10:00,4.374593257904053
2019-01-07 01:15:00,2.4886703491210938
2019-01-07 01:20:00,3.26066255569458
2019-01-07 01:25:00,6.092243671417236
2019-01-07 01:30:00,3.439709424972534
2019-01-07 01:35:00,3.2973129749298096
2019-01-07 01:40:00,5.336727619171143
2019-01-07 01:45:00,16.833864212036133
2019-01-07 01:50:00,3.338991403579712
2019-01-07 01:55:00,5.663224697113037
2019-01-07 02:00:00,3.1729061603546143
2019-01-07 02:05:00,2.4618444442749023
2019-01-07 02:10:00,4.339591503143311
2019-01-07 02:15:00,2.1917080879211426
2019-01-07 02:20:00,3.2163190841674805
2019-01-07 02:25:00,4.8429341316223145
2019-01-07 02:30:00,3.3568825721740723
2019-01-07 02:35:00,2.574666738510132
2019-01-07 02:40:00,4.396612644195557
2019-01-07 02:45:00,11.9822416305542
2019-01-07 02:50:00,3.3099443912506104
2019-01-07 02:55:00,4.443024158477783
2019-01-07 03:00:00,2.5914671421051025
2019-01-07 03:05:00,3.243581533432007
2019-01-07 03:10:00,5.705079078674316
2019-01-07 03:15:00,3.7642159461975098
2019-01-07 03:20:00,3.5216314792633057
2019-01-07 03:25:00,5.30967378616333
2019-01-07 03:30:00,3.16895055770874
2019-01-07 03:35:00,3.293124198913574
2019-01-07 03:40:00,6.773284912109375
2019-01-07 03:45:00,8.63739013671875
2019-01-07 03:50:00,3.440059423446656
2019-01-07 03:55:00,5.183636665344238
2019-01-07 04:00:00,3.201306104660034
2019-01-07 04:05:00,2.442772626876831
2019-01-07 04:10:00,5.31020975112915
2019-01-07 04:15:00,2.508297920227051
2019-01-07 04:20:00,3.432485342025757
2019-01-07 04:25:00,3.432485342025757
2019-01-07 04:30:00,3.1048834323883057
2019-01-07 04:35:00,13.437931060791016
2019-01-07 04:40:00,6.666786193847656
2019-01-07 04:45:00,7.370109558105469
2019-01-07 04:50:00,2.4767794609069824
2019-01-07 04:55:00,4.61221170425415
2019-01-07 05:00:00,3.1671807765960693
2019-01-07 05:05:00,2.534747838973999
2019-01-07 05:10:00,5.090907573699951
2019-01-07 05:15:00,3.4450254440307617
2019-01-07 05:20:00,2.42671012878418
2019-01-07 05:25:00,5.346386432647705
2019-01-07 05:30:00,3.994790554046631
2019-01-07 05:35:00,4.03013277053833
2019-01-07 05:40:00,5.120416641235352
2019-01-07 05:45:00,8.966050148010254
2019-01-07 05:50:00,3.5258827209472656
2019-01-07 05:55:00,4.780050754547119
2019-01-07 06:00:00,3.913501501083374
2019-01-07 06:05:00,2.45053505897522
2019-01-07 06:10:00,5.053308963775635
2019-01-07 06:15:00,2.327482223510742
2019-01-07 06:20:00,3.128739833831787
2019-01-07 06:25:00,5.312124252319336
2019-01-07 06:30:00,4.611011505126953
2019-01-07 06:35:00,2.558176040649414
2019-01-07 06:40:00,6.592474460601807
2019-01-07 06:45:00,7.83087158203125
2019-01-07 06:50:00,3.1151368618011475
2019-01-07 06:55:00,4.502078533172607
2019-01-07 07:00:00,3.5539984703063965
2019-01-07 07:05:00,2.5734426975250244
2019-01-07 07:10:00,4.970938682556152
2019-01-07 07:15:00,3.0317068099975586
2019-01-07 07:20:00,3.171985387802124
2019-01-07 07:25:00,3.482435464859009
2019-01-07 07:30:00,3.056082963943481
2019-01-07 07:35:00,3.352013349533081
2019-01-07 07:40:00,5.872088432312012
2019-01-07 07:45:00,10.748604774475098
2019-01-07 07:50:00,3.6171250343322754
2019-01-07 07:55:00,5.701311111450195
2019-01-07 08:00:00,4.228379726409912
2019-01-07 08:05:00,3.3413922786712646
2019-01-07 08:10:00,5.355210781097412
2019-01-07 08:15:00,2.9556422233581543
2019-01-07 08:20:00,4.680062294006348
2019-01-07 08:25:00,5.442884922027588
2019-01-07 08:30:00,3.787886142730713
2019-01-07 08:35:00,14.92262363433838
2019-01-07 08:40:00,5.52974271774292
2019-01-07 08:45:00,13.36872386932373
2019-01-07 08:50:00,3.328389406204224
2019-01-07 08:55:00,5.061080455780029
2019-01-07 09:00:00,3.3964014053344727
2019-01-07 09:05:00,2.826435804367065
2019-01-07 09:10:00,5.232256412506104
2019-01-07 09:15:00,3.296315193176269
2019-01-07 09:20:00,4.522576808929443
2019-01-07 09:25:00,5.286190032958984
2019-01-07 09:30:00,3.256289005279541
2019-01-07 09:35:00,2.651383399963379
2019-01-07 09:40:00,6.042362213134766
2019-01-07 09:45:00,10.883214950561523
2019-01-07 09:50:00,3.3434860706329346
2019-01-07 09:55:00,5.123648166656494
2019-01-07 10:00:00,2.910674810409546
2019-01-07 10:05:00,3.206853151321411
2019-01-07 10:10:00,3.494494915008545
2019-01-07 10:15:00,3.725708246231079
2019-01-07 10:20:00,2.623361349105835
2019-01-07 10:25:00,3.3061442375183105
2019-01-07 10:30:00,4.008747577667236
2019-01-07 10:35:00,3.164787530899048
2019-01-07 10:40:00,5.382660865783691
2019-01-07 10:45:00,7.887369155883789
2019-01-07 10:50:00,3.2068915367126465
2019-01-07 10:55:00,4.583153247833252
2019-01-07 11:00:00,3.392708301544189
2019-01-07 11:05:00,2.6228578090667725
2019-01-07 11:10:00,7.396547317504883
2019-01-07 11:15:00,2.487342596054077
2019-01-07 11:20:00,3.2470529079437256
2019-01-07 11:25:00,6.1212921142578125
2019-01-07 11:30:00,3.648984670639038
2019-01-07 11:35:00,2.283964872360229
2019-01-07 11:40:00,5.3406853675842285
2019-01-07 11:45:00,8.884758949279785
2019-01-07 11:50:00,3.210172653198242
2019-01-07 11:55:00,4.358865737915039
2019-01-07 12:00:00,2.356919288635254
2019-01-07 12:05:00,3.885009527206421
2019-01-07 12:10:00,4.427955627441406
2019-01-07 12:15:00,2.6544747352600098
2019-01-07 12:20:00,2.428407430648804
2019-01-07 12:25:00,5.8575968742370605
2019-01-07 12:30:00,3.6286354064941406
2019-01-07 12:35:00,13.92365550994873
2019-01-07 12:40:00,3.436974048614502
2019-01-07 12:45:00,4.0556960105896
2019-01-07 12:50:00,9.06891632080078
2019-01-07 12:55:00,5.174893379211426
2019-01-07 13:00:00,3.4116196632385254
2019-01-07 13:05:00,2.1799464225769043
2019-01-07 13:10:00,5.649470329284668
2019-01-07 13:15:00,3.2275469303131104
2019-01-07 13:20:00,3.283360004425049
2019-01-07 13:25:00,5.176578044891357
2019-01-07 13:30:00,2.652884721755981
2019-01-07 13:35:00,2.9091413021087646
2019-01-07 13:40:00,4.52561616897583
2019-01-07 13:45:00,2.5751707553863525
2019-01-07 13:50:00,8.320819854736328
2019-01-07 13:55:00,4.895365238189697
2019-01-07 14:00:00,3.364269733428955
2019-01-07 14:05:00,2.310401201248169
2019-01-07 14:10:00,5.229116916656494
2019-01-07 14:15:00,2.714783430099488
2019-01-07 14:20:00,3.693997621536255
2019-01-07 14:25:00,5.054335117340088
2019-01-07 14:30:00,3.2517895698547363
2019-01-07 14:35:00,4.145872116088867
2019-01-07 14:40:00,5.095688819885254
2019-01-07 14:45:00,2.699383497238159
2019-01-07 14:50:00,14.242012977600098
2019-01-07 14:55:00,5.158732891082764
2019-01-07 15:00:00,3.263847589492798
2019-01-07 15:05:00,2.511370897293091
2019-01-07 15:10:00,2.500934362411499
2019-01-07 15:15:00,3.024794578552246
2019-01-07 15:20:00,3.564740896224976
2019-01-07 15:25:00,5.573798656463623
2019-01-07 15:30:00,2.5942025184631348
2019-01-07 15:35:00,3.611161470413208
2019-01-07 15:40:00,4.10159969329834
2019-01-07 15:45:00,3.239197254180908
2019-01-07 15:50:00,14.159125328063965
2019-01-07 15:55:00,5.796994209289551
2019-01-07 16:00:00,3.210765600204468
2019-01-07 16:05:00,3.850775957107544
2019-01-07 16:10:00,5.670725345611572
2019-01-07 16:15:00,2.305058002471924
2019-01-07 16:20:00,2.217419147491455
2019-01-07 16:25:00,4.849244594573975
2019-01-07 16:30:00,3.326409816741944
2019-01-07 16:35:00,14.204934120178224
2019-01-07 16:40:00,3.97156023979187
2019-01-07 16:45:00,3.158616065979004
2019-01-07 16:50:00,17.516563415527344
2019-01-07 16:55:00,5.108673572540283
2019-01-07 17:00:00,3.5826849937438965
2019-01-07 17:05:00,2.967224597930908
2019-01-07 17:10:00,4.524408340454102
2019-01-07 17:15:00,2.9533870220184326
2019-01-07 17:20:00,2.7633721828460693
2019-01-07 17:25:00,5.934074878692627
2019-01-07 17:30:00,4.156485080718994
2019-01-07 17:35:00,3.1637496948242188
2019-01-07 17:40:00,4.877448081970215
2019-01-07 17:45:00,3.506556749343872
2019-01-07 17:50:00,7.470691204071045
2019-01-07 17:55:00,4.753287315368652
2019-01-07 18:00:00,3.91130805015564
2019-01-07 18:05:00,3.964993953704834
2019-01-07 18:10:00,5.261922836303711
2019-01-07 18:15:00,2.36315655708313
2019-01-07 18:20:00,3.2698328495025635
2019-01-07 18:25:00,6.294572830200195
2019-01-07 18:30:00,2.8991568088531494
2019-01-07 18:35:00,4.550057888031006
2019-01-07 18:40:00,4.03422737121582
2019-01-07 18:45:00,3.506770372390747
2019-01-07 18:50:00,9.86554718017578
2019-01-07 18:55:00,3.933912754058838
2019-01-07 19:00:00,3.425330400466919
2019-01-07 19:05:00,2.387947559356689
2019-01-07 19:10:00,3.3048856258392334
2019-01-07 19:15:00,3.49882173538208
2019-01-07 19:20:00,2.057530403137207
2019-01-07 19:25:00,6.171991348266602
2019-01-07 19:30:00,2.4709391593933105
2019-01-07 19:35:00,3.498333692550659
2019-01-07 19:40:00,4.217802047729492
2019-01-07 19:45:00,2.353006601333618
2019-01-07 19:50:00,18.260278701782227
2019-01-07 19:55:00,4.963043212890625
2019-01-07 20:00:00,3.3259477615356445
2019-01-07 20:05:00,2.349290609359741
2019-01-07 20:10:00,5.238976001739502
2019-01-07 20:15:00,3.320239543914795
2019-01-07 20:20:00,3.243811845779419
2019-01-07 20:25:00,5.427813529968262
2019-01-07 20:30:00,3.7164251804351807
2019-01-07 20:35:00,14.07632064819336
2019-01-07 20:40:00,4.171581745147705
2019-01-07 20:45:00,2.4898898601531982
2019-01-07 20:50:00,9.477654457092283
2019-01-07 20:55:00,4.288562774658203
2019-01-07 21:00:00,2.990841150283813
2019-01-07 21:05:00,2.597118139266968
2019-01-07 21:10:00,3.6872618198394775
2019-01-07 21:15:00,2.524184226989746
2019-01-07 21:20:00,2.2387728691101074
2019-01-07 21:25:00,5.769942760467529
2019-01-07 21:30:00,2.399575471878052
2019-01-07 21:35:00,4.136596202850342
2019-01-07 21:40:00,3.471643447875977
2019-01-07 21:45:00,3.096266031265259
2019-01-07 21:50:00,7.586496353149414
2019-01-07 21:55:00,4.559720039367676
2019-01-07 22:00:00,3.435927629470825
2019-01-07 22:05:00,3.2680959701538086
2019-01-07 22:10:00,4.109777450561523
2019-01-07 22:15:00,2.8872780799865723
2019-01-07 22:20:00,2.723936080932617
2019-01-07 22:25:00,2.723936080932617
2019-01-07 22:30:00,2.429133653640747
2019-01-07 22:35:00,3.427391767501831
2019-01-07 22:40:00,4.69740629196167
2019-01-07 22:45:00,4.2642035484313965
2019-01-07 22:50:00,13.107497215270996
2019-01-07 22:55:00,3.946025133132935
2019-01-07 23:00:00,3.993091106414795
2019-01-07 23:05:00,2.450843572616577
