date,prediction
2024-10-03 00:00:00,22.39598
2024-10-03 00:15:00,19.808691
2024-10-03 00:30:00,16.591805
2024-10-03 00:45:00,14.509033
2024-10-03 01:00:00,11.273324
2024-10-03 01:15:00,11.672693
2024-10-03 01:30:00,9.174378
2024-10-03 01:45:00,7.6529446
2024-10-03 02:00:00,4.4428134
2024-10-03 02:15:00,7.110797
2024-10-03 02:30:00,8.616443
2024-10-03 02:45:00,9.8491335
2024-10-03 03:00:00,11.615498
2024-10-03 03:15:00,9.116631
2024-10-03 03:30:00,11.233637
2024-10-03 03:45:00,17.305304
2024-10-03 04:00:00,20.241446
2024-10-03 04:15:00,28.993996
2024-10-03 04:30:00,31.865026
2024-10-03 04:45:00,36.691128
2024-10-03 05:00:00,47.549488
2024-10-03 05:15:00,60.726044
2024-10-03 05:30:00,82.252655
2024-10-03 05:45:00,118.00502
2024-10-03 06:00:00,162.33647
2024-10-03 06:15:00,202.51439
2024-10-03 06:30:00,213.4806
2024-10-03 06:45:00,202.14543
2024-10-03 07:00:00,202.8206
2024-10-03 07:15:00,216.42987
2024-10-03 07:30:00,229.12775
2024-10-03 07:45:00,229.03912
2024-10-03 08:00:00,215.65874
2024-10-03 08:15:00,207.68964
2024-10-03 08:30:00,200.40736
2024-10-03 08:45:00,189.39221
2024-10-03 09:00:00,182.42278
2024-10-03 09:15:00,174.95116
2024-10-03 09:30:00,171.66866
2024-10-03 09:45:00,171.02951
2024-10-03 10:00:00,172.03433
2024-10-03 10:15:00,175.69044
2024-10-03 10:30:00,179.77022
2024-10-03 10:45:00,184.1395
2024-10-03 11:00:00,188.36635
2024-10-03 11:15:00,188.2722
2024-10-03 11:30:00,188.64941
2024-10-03 11:45:00,187.27673
2024-10-03 12:00:00,185.04752
2024-10-03 12:15:00,190.59604
2024-10-03 12:30:00,195.01193
2024-10-03 12:45:00,197.75995
2024-10-03 13:00:00,204.49591
2024-10-03 13:15:00,213.9146
2024-10-03 13:30:00,220.43875
2024-10-03 13:45:00,227.6592
2024-10-03 14:00:00,231.07686
2024-10-03 14:15:00,243.43521
2024-10-03 14:30:00,258.98376
2024-10-03 14:45:00,275.82617
2024-10-03 15:00:00,302.97702
2024-10-03 15:15:00,328.98605
2024-10-03 15:30:00,354.42853
2024-10-03 15:45:00,373.79126
2024-10-03 16:00:00,382.24048
2024-10-03 16:15:00,381.17184
2024-10-03 16:30:00,375.59293
2024-10-03 16:45:00,365.3224
2024-10-03 17:00:00,358.3143
2024-10-03 17:15:00,336.07776
2024-10-03 17:30:00,316.19452
2024-10-03 17:45:00,291.60117
2024-10-03 18:00:00,271.9211
2024-10-03 18:15:00,251.18762
2024-10-03 18:30:00,229.49182
2024-10-03 18:45:00,206.98117
2024-10-03 19:00:00,191.69896
2024-10-03 19:15:00,177.4185
2024-10-03 19:30:00,163.44225
2024-10-03 19:45:00,148.29492
2024-10-03 20:00:00,129.66669
2024-10-03 20:15:00,118.54753
2024-10-03 20:30:00,109.306816
2024-10-03 20:45:00,100.54621
2024-10-03 21:00:00,93.24996
2024-10-03 21:15:00,82.17226
2024-10-03 21:30:00,71.49368
2024-10-03 21:45:00,62.633755
2024-10-03 22:00:00,55.704357
2024-10-03 22:15:00,51.212616
2024-10-03 22:30:00,44.672604
2024-10-03 22:45:00,36.97913
2024-10-03 23:00:00,31.821674
2024-10-03 23:15:00,25.94545
2024-10-03 23:30:00,20.56142
2024-10-03 23:45:00,18.566967
2024-10-04 00:00:00,14.1642275
2024-10-04 00:15:00,13.680018
2024-10-04 00:30:00,12.606002
2024-10-04 00:45:00,9.355722
2024-10-04 01:00:00,9.545618
2024-10-04 01:15:00,10.623589
2024-10-04 01:30:00,11.257907
2024-10-04 01:45:00,10.0954685
2024-10-04 02:00:00,7.14673
2024-10-04 02:15:00,8.477998
2024-10-04 02:30:00,10.295808
2024-10-04 02:45:00,10.693565
2024-10-04 03:00:00,11.433316
2024-10-04 03:15:00,8.332672
2024-10-04 03:30:00,8.673629
2024-10-04 03:45:00,11.135811
2024-10-04 04:00:00,13.110891
2024-10-04 04:15:00,20.839073
2024-10-04 04:30:00,23.720476
2024-10-04 04:45:00,29.090017
2024-10-04 05:00:00,38.68529
2024-10-04 05:15:00,50.175518
2024-10-04 05:30:00,69.06393
2024-10-04 05:45:00,99.108025
2024-10-04 06:00:00,134.94466
2024-10-04 06:15:00,163.57774
2024-10-04 06:30:00,177.7973
2024-10-04 06:45:00,181.1832
2024-10-04 07:00:00,189.65034
2024-10-04 07:15:00,203.61163
2024-10-04 07:30:00,212.1255
2024-10-04 07:45:00,212.26
2024-10-04 08:00:00,201.69777
2024-10-04 08:15:00,197.97986
2024-10-04 08:30:00,195.0748
2024-10-04 08:45:00,189.41182
2024-10-04 09:00:00,189.04703
2024-10-04 09:15:00,184.26778
2024-10-04 09:30:00,183.37987
2024-10-04 09:45:00,185.16144
2024-10-04 10:00:00,186.64912
2024-10-04 10:15:00,194.58885
2024-10-04 10:30:00,200.67929
2024-10-04 10:45:00,207.22899
2024-10-04 11:00:00,213.31482
2024-10-04 11:15:00,212.86636
2024-10-04 11:30:00,217.96326
2024-10-04 11:45:00,221.70328
2024-10-04 12:00:00,226.2816
2024-10-04 12:15:00,235.73285
2024-10-04 12:30:00,240.74901
2024-10-04 12:45:00,244.56612
2024-10-04 13:00:00,253.92908
2024-10-04 13:15:00,266.3231
2024-10-04 13:30:00,280.47446
2024-10-04 13:45:00,293.3331
2024-10-04 14:00:00,303.56302
2024-10-04 14:15:00,322.5668
2024-10-04 14:30:00,342.8338
2024-10-04 14:45:00,365.67462
2024-10-04 15:00:00,396.69202
2024-10-04 15:15:00,421.93567
2024-10-04 15:30:00,450.15057
2024-10-04 15:45:00,467.9097
2024-10-04 16:00:00,481.71817
2024-10-04 16:15:00,482.83246
2024-10-04 16:30:00,472.6094
2024-10-04 16:45:00,458.8043
2024-10-04 17:00:00,447.03204
2024-10-04 17:15:00,425.98917
2024-10-04 17:30:00,403.0244
2024-10-04 17:45:00,380.53525
2024-10-04 18:00:00,354.37665
2024-10-04 18:15:00,331.33414
2024-10-04 18:30:00,302.59595
2024-10-04 18:45:00,275.89243
2024-10-04 19:00:00,252.54381
2024-10-04 19:15:00,233.22687
2024-10-04 19:30:00,212.51
2024-10-04 19:45:00,194.63106
2024-10-04 20:00:00,172.57639
2024-10-04 20:15:00,156.37645
2024-10-04 20:30:00,145.89221
2024-10-04 20:45:00,130.70088
2024-10-04 21:00:00,120.42546
2024-10-04 21:15:00,104.77334
2024-10-04 21:30:00,94.405075
2024-10-04 21:45:00,84.50006
2024-10-04 22:00:00,75.14339
2024-10-04 22:15:00,68.13973
2024-10-04 22:30:00,61.793488
2024-10-04 22:45:00,56.264843
2024-10-04 23:00:00,49.82277
2024-10-04 23:15:00,42.47928
2024-10-04 23:30:00,38.673923
2024-10-04 23:45:00,37.835896
2024-10-05 00:00:00,34.559544
2024-10-05 00:15:00,35.05903
2024-10-05 00:30:00,33.216892
2024-10-05 00:45:00,27.137323
2024-10-05 01:00:00,24.107029
2024-10-05 01:15:00,24.744549
2024-10-05 01:30:00,24.29732
2024-10-05 01:45:00,22.858068
2024-10-05 02:00:00,18.343307
2024-10-05 02:15:00,18.309542
2024-10-05 02:30:00,19.128582
2024-10-05 02:45:00,15.746621
2024-10-05 03:00:00,14.494733
2024-10-05 03:15:00,10.86136
2024-10-05 03:30:00,11.0387535
2024-10-05 03:45:00,10.349513
2024-10-05 04:00:00,11.026425
2024-10-05 04:15:00,13.087283
2024-10-05 04:30:00,13.906699
2024-10-05 04:45:00,14.888544
2024-10-05 05:00:00,20.048817
2024-10-05 05:15:00,25.216621
2024-10-05 05:30:00,38.166023
2024-10-05 05:45:00,57.198994
2024-10-05 06:00:00,78.207
2024-10-05 06:15:00,95.33099
2024-10-05 06:30:00,104.0779
2024-10-05 06:45:00,105.35074
2024-10-05 07:00:00,111.29175
2024-10-05 07:15:00,121.50639
2024-10-05 07:30:00,131.66325
2024-10-05 07:45:00,136.17197
2024-10-05 08:00:00,130.98859
2024-10-05 08:15:00,130.80902
2024-10-05 08:30:00,133.27226
2024-10-05 08:45:00,136.64125
2024-10-05 09:00:00,140.73944
2024-10-05 09:15:00,143.19469
2024-10-05 09:30:00,149.68263
2024-10-05 09:45:00,156.73898
2024-10-05 10:00:00,164.0572
2024-10-05 10:15:00,173.50441
2024-10-05 10:30:00,185.65059
2024-10-05 10:45:00,190.17685
2024-10-05 11:00:00,195.55882
2024-10-05 11:15:00,197.3716
2024-10-05 11:30:00,202.06984
2024-10-05 11:45:00,198.75008
2024-10-05 12:00:00,195.34894
2024-10-05 12:15:00,197.49359
2024-10-05 12:30:00,200.14449
2024-10-05 12:45:00,200.11172
2024-10-05 13:00:00,200.60953
2024-10-05 13:15:00,203.23439
2024-10-05 13:30:00,205.24628
2024-10-05 13:45:00,208.14844
2024-10-05 14:00:00,205.45013
2024-10-05 14:15:00,217.22441
2024-10-05 14:30:00,226.03813
2024-10-05 14:45:00,233.62257
2024-10-05 15:00:00,249.53479
2024-10-05 15:15:00,263.03497
2024-10-05 15:30:00,278.94815
2024-10-05 15:45:00,284.92978
2024-10-05 16:00:00,286.44684
2024-10-05 16:15:00,285.53357
2024-10-05 16:30:00,277.7829
2024-10-05 16:45:00,268.06198
2024-10-05 17:00:00,259.85037
2024-10-05 17:15:00,247.59784
2024-10-05 17:30:00,234.37344
2024-10-05 17:45:00,222.14828
2024-10-05 18:00:00,212.85503
2024-10-05 18:15:00,203.5808
2024-10-05 18:30:00,187.4843
2024-10-05 18:45:00,174.32729
2024-10-05 19:00:00,163.83505
2024-10-05 19:15:00,155.53094
2024-10-05 19:30:00,147.03978
2024-10-05 19:45:00,139.74646
2024-10-05 20:00:00,126.949844
2024-10-05 20:15:00,120.24279
2024-10-05 20:30:00,111.764435
2024-10-05 20:45:00,104.26931
2024-10-05 21:00:00,97.14882
2024-10-05 21:15:00,90.18128
2024-10-05 21:30:00,83.41173
2024-10-05 21:45:00,75.56134
2024-10-05 22:00:00,71.11301
2024-10-05 22:15:00,66.02936
2024-10-05 22:30:00,62.34189
2024-10-05 22:45:00,54.13582
2024-10-05 23:00:00,48.14683
2024-10-05 23:15:00,45.23834
2024-10-05 23:30:00,40.953182
2024-10-05 23:45:00,37.17354
2024-10-06 00:00:00,31.291489
2024-10-06 00:15:00,30.915743
2024-10-06 00:30:00,29.947144
2024-10-06 00:45:00,28.83672
2024-10-06 01:00:00,25.76072
2024-10-06 01:15:00,23.134981
2024-10-06 01:30:00,20.428991
2024-10-06 01:45:00,17.180592
2024-10-06 02:00:00,9.070544
2024-10-06 02:15:00,6.937169
2024-10-06 02:30:00,4.8744335
2024-10-06 02:45:00,3.6899948
2024-10-06 03:00:00,3.9144099
2024-10-06 03:15:00,0.9822249
2024-10-06 03:30:00,-1.2357986
2024-10-06 03:45:00,0.7766168
2024-10-06 04:00:00,-2.9926605
2024-10-06 04:15:00,-5.208622
2024-10-06 04:30:00,-4.0860586
2024-10-06 04:45:00,-3.4477081
2024-10-06 05:00:00,2.5780654
2024-10-06 05:15:00,9.743981
2024-10-06 05:30:00,21.97677
2024-10-06 05:45:00,39.744083
2024-10-06 06:00:00,59.23073
2024-10-06 06:15:00,77.01554
2024-10-06 06:30:00,85.931015
2024-10-06 06:45:00,86.62803
2024-10-06 07:00:00,91.10694
2024-10-06 07:15:00,104.44154
2024-10-06 07:30:00,114.46424
2024-10-06 07:45:00,118.673836
2024-10-06 08:00:00,115.435326
2024-10-06 08:15:00,113.46337
2024-10-06 08:30:00,113.45499
2024-10-06 08:45:00,113.11814
2024-10-06 09:00:00,119.79094
2024-10-06 09:15:00,122.51294
2024-10-06 09:30:00,127.61565
2024-10-06 09:45:00,136.48955
2024-10-06 10:00:00,145.36731
2024-10-06 10:15:00,158.94533
2024-10-06 10:30:00,171.06197
2024-10-06 10:45:00,183.35231
2024-10-06 11:00:00,194.19334
2024-10-06 11:15:00,200.95946
2024-10-06 11:30:00,208.63991
2024-10-06 11:45:00,218.1847
2024-10-06 12:00:00,227.48499
2024-10-06 12:15:00,239.2541
2024-10-06 12:30:00,247.73724
2024-10-06 12:45:00,248.6518
2024-10-06 13:00:00,259.27255
2024-10-06 13:15:00,267.23312
2024-10-06 13:30:00,275.325
2024-10-06 13:45:00,290.51147
2024-10-06 14:00:00,299.74744
2024-10-06 14:15:00,314.2155
2024-10-06 14:30:00,335.69116
2024-10-06 14:45:00,352.0533
2024-10-06 15:00:00,378.46024
2024-10-06 15:15:00,406.09445
2024-10-06 15:30:00,430.531
2024-10-06 15:45:00,449.42853
2024-10-06 16:00:00,457.2943
2024-10-06 16:15:00,460.768
2024-10-06 16:30:00,457.59042
2024-10-06 16:45:00,450.66278
2024-10-06 17:00:00,439.82803
2024-10-06 17:15:00,420.50308
2024-10-06 17:30:00,399.4699
2024-10-06 17:45:00,378.7405
2024-10-06 18:00:00,364.0877
2024-10-06 18:15:00,343.29047
2024-10-06 18:30:00,321.05536
2024-10-06 18:45:00,288.2822
2024-10-06 19:00:00,267.13443
2024-10-06 19:15:00,255.48753
2024-10-06 19:30:00,242.29117
2024-10-06 19:45:00,222.19524
2024-10-06 20:00:00,203.96602
2024-10-06 20:15:00,190.37306
2024-10-06 20:30:00,180.89307
2024-10-06 20:45:00,166.92627
2024-10-06 21:00:00,152.6212
2024-10-06 21:15:00,138.03258
2024-10-06 21:30:00,130.19771
2024-10-06 21:45:00,120.06078
2024-10-06 22:00:00,111.29955
2024-10-06 22:15:00,105.17254
2024-10-06 22:30:00,98.73604
2024-10-06 22:45:00,91.21602
2024-10-06 23:00:00,86.6034
2024-10-06 23:15:00,76.09482
2024-10-06 23:30:00,76.08256
2024-10-06 23:45:00,74.193214
2024-10-07 00:00:00,67.151024
2024-10-07 00:15:00,64.75311
2024-10-07 00:30:00,66.26182
2024-10-07 00:45:00,63.976837
2024-10-07 01:00:00,63.601025
2024-10-07 01:15:00,64.36477
2024-10-07 01:30:00,61.46573
2024-10-07 01:45:00,65.62755
2024-10-07 02:00:00,62.463924
2024-10-07 02:15:00,61.511963
2024-10-07 02:30:00,67.23169
2024-10-07 02:45:00,71.836174
2024-10-07 03:00:00,76.19456
2024-10-07 03:15:00,75.237404
2024-10-07 03:30:00,76.88594
2024-10-07 03:45:00,81.9292
2024-10-07 04:00:00,82.300095
2024-10-07 04:15:00,84.811134
2024-10-07 04:30:00,90.14538
2024-10-07 04:45:00,92.71407
2024-10-07 05:00:00,108.331795
2024-10-07 05:15:00,125.4626
2024-10-07 05:30:00,145.5855
2024-10-07 05:45:00,172.65184
2024-10-07 06:00:00,206.7223
2024-10-07 06:15:00,233.803
2024-10-07 06:30:00,241.77956
2024-10-07 06:45:00,242.18723
2024-10-07 07:00:00,249.45042
2024-10-07 07:15:00,259.65762
2024-10-07 07:30:00,267.25708
2024-10-07 07:45:00,263.13593
2024-10-07 08:00:00,252.24077
2024-10-07 08:15:00,242.91037
2024-10-07 08:30:00,232.85925
2024-10-07 08:45:00,222.43369
2024-10-07 09:00:00,219.08598
2024-10-07 09:15:00,208.38077
2024-10-07 09:30:00,206.10863
2024-10-07 09:45:00,207.01167
2024-10-07 10:00:00,204.68785
2024-10-07 10:15:00,204.97874
2024-10-07 10:30:00,209.62788
2024-10-07 10:45:00,212.64249
2024-10-07 11:00:00,216.1868
2024-10-07 11:15:00,216.77722
2024-10-07 11:30:00,212.3111
2024-10-07 11:45:00,214.05983
2024-10-07 12:00:00,208.434
2024-10-07 12:15:00,207.12428
2024-10-07 12:30:00,205.86372
2024-10-07 12:45:00,201.50488
2024-10-07 13:00:00,198.98479
2024-10-07 13:15:00,199.36273
2024-10-07 13:30:00,204.43887
2024-10-07 13:45:00,209.19547
2024-10-07 14:00:00,209.63394
2024-10-07 14:15:00,219.25856
2024-10-07 14:30:00,231.1466
2024-10-07 14:45:00,239.19714
2024-10-07 15:00:00,250.10072
2024-10-07 15:15:00,270.6192
2024-10-07 15:30:00,284.55447
2024-10-07 15:45:00,292.75497
2024-10-07 16:00:00,299.11035
2024-10-07 16:15:00,293.79004
2024-10-07 16:30:00,289.35773
2024-10-07 16:45:00,283.11337
2024-10-07 17:00:00,271.2701
2024-10-07 17:15:00,251.74113
2024-10-07 17:30:00,235.71011
2024-10-07 17:45:00,220.46848
2024-10-07 18:00:00,206.62949
2024-10-07 18:15:00,194.15054
2024-10-07 18:30:00,179.07779
2024-10-07 18:45:00,159.92322
2024-10-07 19:00:00,153.24101
2024-10-07 19:15:00,145.80853
2024-10-07 19:30:00,135.44566
2024-10-07 19:45:00,119.66049
2024-10-07 20:00:00,101.091705
2024-10-07 20:15:00,94.78794
2024-10-07 20:30:00,89.942245
2024-10-07 20:45:00,80.732414
2024-10-07 21:00:00,75.02458
2024-10-07 21:15:00,64.835556
2024-10-07 21:30:00,52.38239
2024-10-07 21:45:00,48.30244
2024-10-07 22:00:00,45.29543
2024-10-07 22:15:00,40.87237
2024-10-07 22:30:00,36.728466
2024-10-07 22:45:00,36.059345
2024-10-07 23:00:00,29.791662
2024-10-07 23:15:00,22.290073
2024-10-07 23:30:00,23.719341
2024-10-07 23:45:00,22.015522
2024-10-08 00:00:00,18.650875
2024-10-08 00:15:00,20.227142
2024-10-08 00:30:00,17.123306
2024-10-08 00:45:00,19.509499
2024-10-08 01:00:00,15.366724
2024-10-08 01:15:00,13.003391
2024-10-08 01:30:00,13.892871
2024-10-08 01:45:00,20.296837
2024-10-08 02:00:00,14.267874
2024-10-08 02:15:00,13.715952
2024-10-08 02:30:00,18.025324
2024-10-08 02:45:00,21.087906
2024-10-08 03:00:00,25.858267
2024-10-08 03:15:00,21.62002
2024-10-08 03:30:00,27.029137
2024-10-08 03:45:00,29.4049
2024-10-08 04:00:00,36.52779
2024-10-08 04:15:00,50.12469
2024-10-08 04:30:00,53.254917
2024-10-08 04:45:00,55.823574
2024-10-08 05:00:00,64.448944
2024-10-08 05:15:00,80.0882
2024-10-08 05:30:00,101.5067
2024-10-08 05:45:00,133.03653
2024-10-08 06:00:00,165.96925
2024-10-08 06:15:00,195.10443
2024-10-08 06:30:00,208.94266
2024-10-08 06:45:00,215.41783
2024-10-08 07:00:00,222.6535
2024-10-08 07:15:00,233.66206
2024-10-08 07:30:00,239.12822
2024-10-08 07:45:00,241.78615
2024-10-08 08:00:00,237.57065
2024-10-08 08:15:00,234.03062
2024-10-08 08:30:00,230.41411
2024-10-08 08:45:00,224.14655
2024-10-08 09:00:00,222.77423
2024-10-08 09:15:00,213.97676
2024-10-08 09:30:00,218.14018
2024-10-08 09:45:00,220.98402
2024-10-08 10:00:00,220.48123
2024-10-08 10:15:00,228.003
2024-10-08 10:30:00,235.29529
2024-10-08 10:45:00,243.18803
2024-10-08 11:00:00,247.7851
2024-10-08 11:15:00,246.036
2024-10-08 11:30:00,254.03307
2024-10-08 11:45:00,251.85428
2024-10-08 12:00:00,243.93645
2024-10-08 12:15:00,248.3499
2024-10-08 12:30:00,245.3808
2024-10-08 12:45:00,240.80168
2024-10-08 13:00:00,234.11221
2024-10-08 13:15:00,240.30096
2024-10-08 13:30:00,238.36285
2024-10-08 13:45:00,237.45761
2024-10-08 14:00:00,239.44543
2024-10-08 14:15:00,247.62376
2024-10-08 14:30:00,264.77646
2024-10-08 14:45:00,285.49026
2024-10-08 15:00:00,308.54776
2024-10-08 15:15:00,331.7534
2024-10-08 15:30:00,348.52786
2024-10-08 15:45:00,360.6825
2024-10-08 16:00:00,365.61746
2024-10-08 16:15:00,360.29617
2024-10-08 16:30:00,351.77023
2024-10-08 16:45:00,348.34985
2024-10-08 17:00:00,339.38095
2024-10-08 17:15:00,326.3652
2024-10-08 17:30:00,312.00046
2024-10-08 17:45:00,295.00357
2024-10-08 18:00:00,275.20532
2024-10-08 18:15:00,256.05106
2024-10-08 18:30:00,235.79959
2024-10-08 18:45:00,218.0611
2024-10-08 19:00:00,210.68964
2024-10-08 19:15:00,199.31764
2024-10-08 19:30:00,190.81213
2024-10-08 19:45:00,174.4456
2024-10-08 20:00:00,155.06055
2024-10-08 20:15:00,141.3974
2024-10-08 20:30:00,130.8325
2024-10-08 20:45:00,121.37855
2024-10-08 21:00:00,110.95983
2024-10-08 21:15:00,104.77744
2024-10-08 21:30:00,93.70952
2024-10-08 21:45:00,90.50437
2024-10-08 22:00:00,85.17478
2024-10-08 22:15:00,78.00862
2024-10-08 22:30:00,67.8974
2024-10-08 22:45:00,57.903065
2024-10-08 23:00:00,54.440994
2024-10-08 23:15:00,53.20496
2024-10-08 23:30:00,44.99854
2024-10-08 23:45:00,39.27272
2024-10-09 00:00:00,35.92297
2024-10-09 00:15:00,30.705328
2024-10-09 00:30:00,26.852432
2024-10-09 00:45:00,18.212564
2024-10-09 01:00:00,17.190746
2024-10-09 01:15:00,16.577036
2024-10-09 01:30:00,15.326749
2024-10-09 01:45:00,12.553615
2024-10-09 02:00:00,9.293264
2024-10-09 02:15:00,7.5820155
2024-10-09 02:30:00,11.999721
2024-10-09 02:45:00,19.092836
2024-10-09 03:00:00,20.171282
2024-10-09 03:15:00,19.258944
2024-10-09 03:30:00,19.9209
2024-10-09 03:45:00,22.083336
2024-10-09 04:00:00,26.239939
2024-10-09 04:15:00,33.57704
2024-10-09 04:30:00,38.006065
2024-10-09 04:45:00,40.99168
2024-10-09 05:00:00,46.80696
2024-10-09 05:15:00,55.254196
2024-10-09 05:30:00,69.79414
2024-10-09 05:45:00,100.67957
2024-10-09 06:00:00,131.97592
2024-10-09 06:15:00,155.7759
2024-10-09 06:30:00,167.44412
2024-10-09 06:45:00,173.98328
2024-10-09 07:00:00,181.55798
2024-10-09 07:15:00,193.87125
2024-10-09 07:30:00,201.10236
2024-10-09 07:45:00,203.35838
2024-10-09 08:00:00,196.67981
2024-10-09 08:15:00,192.11615
2024-10-09 08:30:00,191.12451
2024-10-09 08:45:00,187.24196
2024-10-09 09:00:00,179.24281
2024-10-09 09:15:00,172.19615
2024-10-09 09:30:00,163.21346
2024-10-09 09:45:00,169.91888
2024-10-09 10:00:00,176.10995
2024-10-09 10:15:00,181.7785
2024-10-09 10:30:00,188.17667
2024-10-09 10:45:00,192.24579
2024-10-09 11:00:00,197.80998
2024-10-09 11:15:00,197.40184
2024-10-09 11:30:00,200.89899
2024-10-09 11:45:00,193.5748
2024-10-09 12:00:00,189.72934
2024-10-09 12:15:00,186.8813
2024-10-09 12:30:00,194.07608
2024-10-09 12:45:00,186.24286
2024-10-09 13:00:00,179.48438
2024-10-09 13:15:00,175.93062
2024-10-09 13:30:00,180.88316
2024-10-09 13:45:00,181.1457
2024-10-09 14:00:00,178.52873
2024-10-09 14:15:00,189.86577
2024-10-09 14:30:00,196.6202
2024-10-09 14:45:00,210.77658
2024-10-09 15:00:00,226.20528
2024-10-09 15:15:00,236.70006
2024-10-09 15:30:00,254.37506
2024-10-09 15:45:00,261.28867
2024-10-09 16:00:00,262.62195
2024-10-09 16:15:00,263.69678
2024-10-09 16:30:00,258.3256
2024-10-09 16:45:00,254.58475
2024-10-09 17:00:00,251.47829
2024-10-09 17:15:00,238.95834
2024-10-09 17:30:00,220.07869
2024-10-09 17:45:00,202.12523
2024-10-09 18:00:00,196.89984
2024-10-09 18:15:00,186.29172
2024-10-09 18:30:00,175.20224
2024-10-09 18:45:00,165.78664
2024-10-09 19:00:00,153.07231
2024-10-09 19:15:00,146.02278
2024-10-09 19:30:00,140.13788
2024-10-09 19:45:00,130.49147
2024-10-09 20:00:00,117.44102
2024-10-09 20:15:00,113.80761
2024-10-09 20:30:00,109.0752
2024-10-09 20:45:00,97.29328
2024-10-09 21:00:00,91.01242
2024-10-09 21:15:00,78.49165
2024-10-09 21:30:00,77.55142
2024-10-09 21:45:00,69.76604
2024-10-09 22:00:00,66.30912
2024-10-09 22:15:00,62.157
2024-10-09 22:30:00,52.831512
2024-10-09 22:45:00,43.757782
2024-10-09 23:00:00,43.697628
2024-10-09 23:15:00,33.45053
2024-10-09 23:30:00,32.003674
2024-10-09 23:45:00,28.068474
2024-10-10 00:00:00,22.671087
2024-10-10 00:15:00,22.978281
2024-10-10 00:30:00,16.568285
2024-10-10 00:45:00,19.849136
2024-10-10 01:00:00,13.604688
2024-10-10 01:15:00,18.617575
2024-10-10 01:30:00,14.63253
2024-10-10 01:45:00,11.223377
2024-10-10 02:00:00,11.500479
2024-10-10 02:15:00,20.506216
2024-10-10 02:30:00,22.380459
2024-10-10 02:45:00,13.785082
2024-10-10 03:00:00,21.30319
2024-10-10 03:15:00,12.796179
2024-10-10 03:30:00,15.836622
2024-10-10 03:45:00,23.933321
2024-10-10 04:00:00,29.22885
2024-10-10 04:15:00,28.560858
2024-10-10 04:30:00,30.51176
2024-10-10 04:45:00,29.869972
2024-10-10 05:00:00,39.495674
2024-10-10 05:15:00,53.837643
2024-10-10 05:30:00,71.86927
2024-10-10 05:45:00,93.27768
2024-10-10 06:00:00,123.77358
2024-10-10 06:15:00,147.87662
2024-10-10 06:30:00,158.1941
2024-10-10 06:45:00,159.66817
2024-10-10 07:00:00,166.97752
2024-10-10 07:15:00,181.79863
2024-10-10 07:30:00,199.32022
2024-10-10 07:45:00,213.07924
2024-10-10 08:00:00,199.68463
2024-10-10 08:15:00,191.98164
2024-10-10 08:30:00,188.98941
2024-10-10 08:45:00,179.7057
2024-10-10 09:00:00,178.62994
2024-10-10 09:15:00,175.0352
2024-10-10 09:30:00,178.9102
2024-10-10 09:45:00,177.70914
2024-10-10 10:00:00,177.04291
2024-10-10 10:15:00,176.47585
2024-10-10 10:30:00,190.67989
2024-10-10 10:45:00,208.96507
2024-10-10 11:00:00,218.6503
2024-10-10 11:15:00,215.09819
2024-10-10 11:30:00,214.78815
2024-10-10 11:45:00,207.19746
