timestamp,Chicago_TotalRevenue
2020-01-02,32825.390625
2020-01-03,37687.44921875
2020-01-04,13234.2099609375
2020-01-05,10339.3603515625
2020-01-06,23918.3203125
2020-01-07,35540.5390625
2020-01-08,32007.51953125
2020-01-09,18165.380859375
2020-01-10,13380.7197265625
2020-01-11,5649.580078125
2020-01-12,9523.8603515625
2020-01-13,44960.3203125
2020-01-14,72747.7890625
2020-01-15,24027.640625
2020-01-16,41614.0390625
2020-01-17,33810.33984375
2020-01-18,6914.77978515625
2020-01-19,16081.5400390625
2020-01-20,21018.439453125
2020-01-21,38525.51953125
2020-01-22,40979.05078125
2020-01-23,33023.1484375
2020-01-24,15509.330078125
2020-01-25,15282.169921875
2020-01-26,12735.2998046875
2020-01-27,41919.62109375
2020-01-28,67342.953125
2020-01-29,32004.130859375
2020-01-30,35310.171875
2020-01-31,31558.390625
2020-02-01,16033.259765625
2020-02-02,6155.91015625
2020-02-03,33115.87109375
2020-02-04,31892.189453125
2020-02-05,12753.759765625
2020-02-06,36585.8984375
2020-02-07,37174.12890625
2020-02-08,12922.9296875
2020-02-09,7042.9599609375
2020-02-10,84207.59375
2020-02-11,41376.55078125
2020-02-12,36640.8984375
2020-02-13,32720.970703125
2020-02-14,18300.8203125
2020-02-15,9847.9296875
2020-02-16,14466.5703125
2020-02-17,39641.328125
2020-02-18,48171.75
2020-02-19,32677.4609375
2020-02-20,29081.44921875
2020-02-21,9407.1103515625
2020-02-22,9331.473087086397
2020-02-23,9255.835822610294
2020-02-24,9180.19855813419
2020-02-25,9104.561293658087
2020-02-26,9028.924029181986
2020-02-27,8953.286764705883
2020-02-28,8877.64950022978
2020-02-29,8802.012235753677
2020-03-01,8726.374971277573
2020-03-02,8650.73770680147
2020-03-03,8575.100442325367
2020-03-04,8499.463177849264
2020-03-05,8423.825913373163
2020-03-06,8348.18864889706
2020-03-07,8272.551384420956
2020-03-08,8196.914119944853
2020-03-09,8121.27685546875
2020-03-10,8045.639590992647
2020-03-11,7970.002326516544
2020-03-12,7894.365062040441
2020-03-13,7818.727797564338
2020-03-14,7743.090533088235
2020-03-15,7667.453268612133
2020-03-16,7591.81600413603
2020-03-17,7516.178739659927
2020-03-18,7440.541475183823
2020-03-19,7364.90421070772
2020-03-20,7289.266946231617
2020-03-21,7213.629681755515
2020-03-22,7137.992417279412
2020-03-23,7062.3551528033095
2020-03-24,6986.717888327206
2020-03-25,6911.080623851103
2020-03-26,6835.443359375
2020-03-27,6759.806094898897
2020-03-28,6684.168830422794
2020-03-29,6608.5315659466905
2020-03-30,6532.894301470588
2020-03-31,6457.257036994485
2020-04-01,6381.619772518383
2020-04-02,6305.98250804228
2020-04-03,6230.345243566177
2020-04-04,6154.707979090073
2020-04-05,6079.07071461397
2020-04-06,6003.433450137867
2020-04-07,5927.796185661765
2020-04-08,5852.158921185662
2020-04-09,5776.521656709559
2020-04-10,5700.884392233456
2020-04-11,5625.247127757353
2020-04-12,5549.60986328125
2020-04-13,19103.689453125
2020-04-14,33834.6484375
2020-04-15,28684.75
2020-04-16,22942.099609375
2020-04-17,13831.740234375
2020-04-18,4737.7900390625
2020-04-19,5660.7001953125
2020-04-20,28242.33984375
2020-04-21,56137.921875
2020-04-22,27222.060546875
2020-04-23,9265.1103515625
2020-04-24,9714.75
2020-04-25,5313.990234375
2020-04-26,3468.93994140625
2020-04-27,38156.0
2020-04-28,50944.578125
2020-04-29,18626.01953125
2020-04-30,17311.060546875
2020-05-01,9913.349609375
2020-05-02,3492.679931640625
2020-05-03,2362.72998046875
2020-05-04,19154.310546875
2020-05-05,18135.830078125
2020-05-06,19886.830078125
2020-05-07,9747.099609375
2020-05-08,16081.5498046875
2020-05-09,3618.56005859375
2020-05-10,6215.43017578125
2020-05-11,11036.0595703125
2020-05-12,16658.439453125
2020-05-13,14832.009765625
2020-05-14,16432.369140625
2020-05-15,9970.4501953125
2020-05-16,4932.81005859375
2020-05-17,6632.8701171875
2020-05-18,22067.630859375
2020-05-19,34784.30859375
2020-05-20,8486.75
2020-05-21,14116.3203125
2020-05-22,9760.9501953125
2020-05-23,2615.300048828125
2020-05-24,3021.570068359375
2020-05-25,7590.66015625
2020-05-26,16649.900390625
2020-05-27,8373.6396484375
2020-05-28,13896.849609375
2020-05-29,14068.240234375
2020-05-30,5216.169921875
2020-05-31,5770.52001953125
2020-06-01,20580.259765625
2020-06-02,35556.421875
2020-06-03,10371.490234375
2020-06-04,17021.939453125
2020-06-05,8650.1103515625
2020-06-06,7179.2998046875
2020-06-07,4141.7900390625
2020-06-08,9223.419921875
2020-06-09,13066.990234375
2020-06-10,11564.1103515625
2020-06-11,11212.9697265625
2020-06-12,11162.179725796568
2020-06-13,11111.389725030638
2020-06-14,11060.599724264706
2020-06-15,11009.809723498774
2020-06-16,10959.019722732843
2020-06-17,10908.229721966913
2020-06-18,10857.43972120098
2020-06-19,10806.649720435049
2020-06-20,10755.859719669117
2020-06-21,10705.069718903187
2020-06-22,10654.279718137255
2020-06-23,10603.489717371323
2020-06-24,10552.699716605392
2020-06-25,10501.909715839462
2020-06-26,10451.11971507353
2020-06-27,10400.329714307598
2020-06-28,10349.539713541666
2020-06-29,10298.749712775736
2020-06-30,10247.959712009804
2020-07-01,10197.169711243872
2020-07-02,10146.37971047794
2020-07-03,10095.58970971201
2020-07-04,10044.799708946079
2020-07-05,9994.009708180147
2020-07-06,9943.219707414215
2020-07-07,9892.429706648285
2020-07-08,9841.639705882353
2020-07-09,9790.849705116421
2020-07-10,9740.05970435049
2020-07-11,9689.26970358456
2020-07-12,9638.479702818628
2020-07-13,9587.689702052696
2020-07-14,9536.899701286764
2020-07-15,9486.109700520834
2020-07-16,9435.319699754902
2020-07-17,9384.52969898897
2020-07-18,9333.739698223038
2020-07-19,9282.949697457108
2020-07-20,9232.159696691177
2020-07-21,9181.369695925245
2020-07-22,9130.579695159315
2020-07-23,9079.789694393383
2020-07-24,9028.999693627451
2020-07-25,8978.20969286152
2020-07-26,8927.419692095587
2020-07-27,8876.629691329657
2020-07-28,8825.839690563726
2020-07-29,8775.049689797794
2020-07-30,8724.259689031864
2020-07-31,8673.469688265932
2020-08-01,8622.6796875
2020-08-02,3013.22998046875
2020-08-03,25894.9609375
2020-08-04,30969.810546875
2020-08-05,29204.189453125
2020-08-06,7997.56005859375
2020-08-07,18655.380859375
2020-08-08,8176.8701171875
2020-08-09,7311.31005859375
2020-08-10,41849.421875
2020-08-11,43521.4296875
2020-08-12,24958.869140625
2020-08-13,28924.359375
2020-08-14,19578.4609375
2020-08-15,5535.18017578125
2020-08-16,4777.7099609375
2020-08-17,23498.7890625
2020-08-18,39978.6015625
2020-08-19,8526.919921875
2020-08-20,22712.609375
2020-08-21,25898.2109375
2020-08-22,5770.240234375
2020-08-23,9970.7802734375
2020-08-24,27182.080078125
2020-08-25,55560.91015625
2020-08-26,9148.1396484375
2020-08-27,3960.139892578125
2020-08-28,16137.2197265625
2020-08-29,4088.1201171875
2020-08-30,7977.85986328125
2020-08-31,41013.55859375
2020-09-01,30825.119140625
2020-09-02,16722.23046875
2020-09-03,19451.98046875
2020-09-04,26936.099609375
2020-09-05,7080.509765625
2020-09-06,10428.400390625
2020-09-07,21462.2890625
2020-09-08,16778.720703125
2020-09-09,20400.669921875
2020-09-10,24135.7890625
2020-09-11,10229.2802734375
2020-09-12,7693.830078125
2020-09-13,6319.5498046875
2020-09-14,26442.4609375
2020-09-15,36539.3984375
2020-09-16,13270.490234375
2020-09-17,23971.369140625
2020-09-18,13767.8203125
2020-09-19,7574.2900390625
2020-09-20,3026.1298828125
2020-09-21,49779.7890625
2020-09-22,35753.3984375
2020-09-23,7863.669921875
2020-09-24,22917.05078125
2020-09-25,19009.369140625
2020-09-26,9006.5302734375
2020-09-27,5953.080078125
2020-09-28,22215.529296875
2020-09-29,32750.80078125
2020-09-30,13587.400390625
2020-10-01,6435.8798828125
2020-10-02,14578.23046875
2020-10-03,7110.18017578125
2020-10-04,9899.1298828125
2020-10-05,52621.328125
2020-10-06,56885.62109375
2020-10-07,18872.0390625
2020-10-08,16432.5390625
2020-10-09,17308.470703125
2020-10-10,7417.18017578125
2020-10-11,7220.1298828125
2020-10-12,77506.0078125
2020-10-13,67996.6796875
2020-10-14,20244.740234375
2020-10-15,17831.41015625
2020-10-16,34829.03125
2020-10-17,11040.990234375
2020-10-18,12110.41015625
2020-10-19,37610.12890625
2020-10-20,22701.23046875
2020-10-21,23658.66015625
2020-10-22,38628.3203125
2020-10-23,37652.5
2020-10-24,7030.6298828125
2020-10-25,15229.83984375
2020-10-26,22498.810546875
2020-10-27,54442.48828125
2020-10-28,25133.73046875
2020-10-29,29072.439453125
2020-10-30,38521.08984375
2020-10-31,7313.3701171875
2020-11-01,13736.6396484375
2020-11-02,30022.05078125
2020-11-03,55186.51953125
2020-11-04,12116.5703125
2020-11-05,37372.8984375
2020-11-06,41435.2890625
2020-11-07,14253.1796875
2020-11-08,12171.1298828125
2020-11-09,57749.5703125
2020-11-10,53846.171875
2020-11-11,37086.8203125
2020-11-12,33385.3515625
2020-11-13,30418.939453125
2020-11-14,12451.7001953125
2020-11-15,2807.2900390625
2020-11-16,35991.16015625
2020-11-17,32150.83984375
2020-11-18,9097.66015625
2020-11-19,23602.0
2020-11-20,22227.580078125
2020-11-21,14039.5595703125
2020-11-22,14010.4501953125
2020-11-23,23999.73046875
2020-11-24,50138.37890625
2020-11-25,22514.4296875
2020-11-26,0.0
2020-11-27,5689.10986328125
2020-11-28,3104.27001953125
2020-11-29,10613.1201171875
2020-11-30,42140.23828125
2020-12-01,20455.150390625
2020-12-02,37618.51953125
2020-12-03,36871.9609375
2020-12-04,10991.23046875
2020-12-05,10991.01953125
2020-12-06,6632.669921875
2020-12-07,61764.19921875
2020-12-08,66746.2265625
2020-12-09,27121.259765625
2020-12-10,34612.16015625
2020-12-11,36104.37890625
2020-12-12,15189.41015625
2020-12-13,9851.830078125
2020-12-14,29986.9609375
2020-12-15,34755.8203125
2020-12-16,35315.109375
2020-12-17,12409.3203125
2020-12-18,12420.386967677696
2020-12-19,12431.453622855392
2020-12-20,12442.520278033087
2020-12-21,12453.586933210785
2020-12-22,12464.65358838848
2020-12-23,12475.720243566177
2020-12-24,12486.786898743872
2020-12-25,12497.853553921568
2020-12-26,12508.920209099264
2020-12-27,12519.986864276962
2020-12-28,12531.053519454657
2020-12-29,12542.120174632353
2020-12-30,12553.186829810049
2020-12-31,12564.253484987745
2021-01-01,12575.32014016544
2021-01-02,12586.386795343138
2021-01-03,12597.453450520834
2021-01-04,12608.52010569853
2021-01-05,12619.586760876226
2021-01-06,12630.653416053921
2021-01-07,12641.720071231617
2021-01-08,12652.786726409313
2021-01-09,12663.85338158701
2021-01-10,12674.920036764706
2021-01-11,12685.986691942402
2021-01-12,12697.053347120098
2021-01-13,12708.120002297794
2021-01-14,12719.18665747549
2021-01-15,12730.253312653187
2021-01-16,12741.319967830883
2021-01-17,12752.386623008579
2021-01-18,12763.453278186274
2021-01-19,12774.51993336397
2021-01-20,12785.586588541666
2021-01-21,12796.653243719364
2021-01-22,12807.71989889706
2021-01-23,12818.786554074755
2021-01-24,12829.853209252451
2021-01-25,12840.919864430147
2021-01-26,12851.986519607843
2021-01-27,12863.053174785538
2021-01-28,12874.119829963236
2021-01-29,12885.186485140932
2021-01-30,12896.253140318628
2021-01-31,12907.319795496323
2021-02-01,12918.38645067402
2021-02-02,12929.453105851715
2021-02-03,12940.519761029413
2021-02-04,12951.586416207108
2021-02-05,12962.653071384804
2021-02-06,12973.7197265625
2021-02-07,16431.259765625
2021-02-08,57481.05859375
2021-02-09,43314.48828125
2021-02-10,22628.060546875
2021-02-11,25093.5703125
2021-02-12,32208.849609375
2021-02-13,16408.6796875
2021-02-14,17915.169921875
2021-02-15,37209.05859375
2021-02-16,27617.900390625
2021-02-17,21121.0703125
2021-02-18,22339.240234375
2021-02-19,33492.171875
2021-02-20,14684.830078125
2021-02-21,11927.2099609375
2021-02-22,27824.640625
2021-02-23,86731.1328125
2021-02-24,34311.8203125
2021-02-25,47613.19140625
2021-02-26,50092.6796875
2021-02-27,8331.2900390625
2021-02-28,5717.22021484375
2021-03-01,26321.419921875
2021-03-02,56225.16015625
2021-03-03,33251.37890625
2021-03-04,7587.85986328125
2021-03-05,27000.189453125
2021-03-06,2611.4599609375
2021-03-07,3262.25
2021-03-08,15924.1298828125
2021-03-09,58789.8515625
2021-03-10,23138.310546875
2021-03-11,20186.5390625
2021-03-12,22459.98046875
2021-03-13,4451.2099609375
2021-03-14,7324.39990234375
2021-03-15,17775.98046875
2021-03-16,20282.41015625
2021-03-17,10462.4697265625
2021-03-18,32050.990234375
2021-03-19,16915.240234375
2021-03-20,9138.0498046875
2021-03-21,5082.56982421875
2021-03-22,40835.58984375
2021-03-23,33797.62890625
2021-03-24,30068.240234375
2021-03-25,29880.490042892157
2021-03-26,29692.739851409315
2021-03-27,29504.989659926472
2021-03-28,29317.239468443626
2021-03-29,29129.489276960783
2021-03-30,28941.73908547794
2021-03-31,28753.988893995098
2021-04-01,28566.238702512255
2021-04-02,28378.488511029413
2021-04-03,28190.73831954657
2021-04-04,28002.988128063727
2021-04-05,27815.23793658088
2021-04-06,27627.48774509804
2021-04-07,27439.737553615196
2021-04-08,27251.987362132353
2021-04-09,27064.23717064951
2021-04-10,26876.486979166668
2021-04-11,26688.736787683825
2021-04-12,26500.98659620098
2021-04-13,26313.236404718136
2021-04-14,26125.486213235294
2021-04-15,25937.73602175245
2021-04-16,25749.98583026961
2021-04-17,25562.235638786762
2021-04-18,25374.485447303923
2021-04-19,25186.735255821077
2021-04-20,24998.985064338234
2021-04-21,24811.23487285539
2021-04-22,24623.48468137255
2021-04-23,24435.734489889706
2021-04-24,24247.984298406864
2021-04-25,24060.23410692402
2021-04-26,23872.483915441175
2021-04-27,23684.733723958332
2021-04-28,23496.98353247549
2021-04-29,23309.233340992647
2021-04-30,23121.483149509804
2021-05-01,22933.73295802696
2021-05-02,22745.98276654412
2021-05-03,22558.232575061273
2021-05-04,22370.48238357843
2021-05-05,22182.732192095587
2021-05-06,21994.982000612745
2021-05-07,21807.231809129902
2021-05-08,21619.481617647056
2021-05-09,21431.731426164217
2021-05-10,21243.98123468137
2021-05-11,21056.231043198528
2021-05-12,20868.480851715685
2021-05-13,20680.730660232843
2021-05-14,20492.98046875
2021-05-15,5929.93017578125
2021-05-16,2137.7900390625
2021-05-17,30161.529296875
2021-05-18,26447.8203125
2021-05-19,18095.91015625
2021-05-20,16971.150390625
2021-05-21,15513.650390625
2021-05-22,6397.31005859375
2021-05-23,3399.1201171875
2021-05-24,19565.900390625
2021-05-25,12692.509765625
2021-05-26,12130.3798828125
2021-05-27,9759.3095703125
2021-05-28,20229.259765625
2021-05-29,3573.47998046875
2021-05-30,5874.83984375
2021-05-31,12334.330078125
2021-06-01,21418.23046875
2021-06-02,9397.259765625
2021-06-03,7428.41015625
2021-06-04,10430.91015625
2021-06-05,7093.52001953125
2021-06-06,5830.02978515625
2021-06-07,44488.83984375
2021-06-08,36306.3203125
2021-06-09,17582.8203125
2021-06-10,5865.759765625
2021-06-11,11587.0498046875
2021-06-12,6872.2998046875
2021-06-13,6403.0400390625
2021-06-14,12066.169921875
2021-06-15,29182.69921875
2021-06-16,8428.4501953125
2021-06-17,19617.009765625
2021-06-18,17809.810546875
2021-06-19,2934.31005859375
2021-06-20,5852.830078125
2021-06-21,22319.140625
2021-06-22,41111.0703125
2021-06-23,16564.0
2021-06-24,15092.0498046875
2021-06-25,10001.490234375
2021-06-26,3336.7900390625
2021-06-27,1880.43994140625
2021-06-28,22311.98046875
2021-06-29,16666.1796875
2021-06-30,10563.740234375
2021-07-01,7859.22021484375
2021-07-02,13816.0703125
2021-07-03,3873.610107421875
2021-07-04,0.0
2021-07-05,34560.87890625
2021-07-06,20750.880859375
2021-07-07,9331.7900390625
2021-07-08,8054.33984375
2021-07-09,8545.26953125
2021-07-10,4179.77978515625
2021-07-11,6879.0400390625
2021-07-12,41218.4609375
2021-07-13,15019.7099609375
2021-07-14,5586.52978515625
2021-07-15,11949.41015625
2021-07-16,4315.93994140625
2021-07-17,6049.72998046875
2021-07-18,6173.02001953125
2021-07-19,24236.9609375
2021-07-20,39268.578125
2021-07-21,13658.73046875
2021-07-22,15742.259765625
2021-07-23,7220.0
2021-07-24,4287.18994140625
2021-07-25,7171.9599609375
2021-07-26,17998.259765625
2021-07-27,26274.939453125
2021-07-28,12119.41015625
2021-07-29,9658.150390625
2021-07-30,12603.1103515625
2021-07-31,5091.0
2021-08-01,4065.2900390625
2021-08-02,46775.12890625
2021-08-03,34829.1796875
2021-08-04,10898.3701171875
2021-08-05,24056.640625
2021-08-06,15843.0595703125
2021-08-07,11782.7001953125
2021-08-08,4237.02001953125
2021-08-09,42492.62109375
2021-08-10,21141.880859375
2021-08-11,20497.779296875
2021-08-12,16685.099609375
2021-08-13,19887.119140625
2021-08-14,3170.659912109375
2021-08-15,6037.8701171875
2021-08-16,29193.390625
2021-08-17,20934.4296875
2021-08-18,29860.220703125
2021-08-19,21773.30078125
2021-08-20,12983.83984375
2021-08-21,9881.3603515625
2021-08-22,7427.58984375
2021-08-23,53574.25
2021-08-24,41075.171875
2021-08-25,15191.25
2021-08-26,14053.16015625
2021-08-27,7573.7900390625
2021-08-28,11776.16015625
2021-08-29,3024.510009765625
2021-08-30,61516.30078125
2021-08-31,14976.4599609375
2021-09-01,27270.859375
2021-09-02,24725.140625
2021-09-03,19535.08984375
2021-09-04,7854.580078125
2021-09-05,8784.8798828125
2021-09-06,59068.12890625
2021-09-07,58853.23046875
2021-09-08,14578.9599609375
2021-09-09,11391.2900390625
2021-09-10,13115.9296875
2021-09-11,5769.25
2021-09-12,3567.64990234375
2021-09-13,28969.759765625
2021-09-14,28154.4296875
2021-09-15,14700.73046875
2021-09-16,9297.1796875
2021-09-17,10018.9296875
2021-09-18,5563.009765625
2021-09-19,6934.72021484375
2021-09-20,16918.2109375
2021-09-21,63749.640625
2021-09-22,20151.359375
2021-09-23,20414.80078125
2021-09-24,14535.5400390625
2021-09-25,8853.990234375
2021-09-26,8958.990234375
2021-09-27,36587.140625
2021-09-28,51727.76171875
2021-09-29,15023.1103515625
2021-09-30,16744.98046875
2021-10-01,37942.3203125
2021-10-02,14171.16015625
2021-10-03,8486.5498046875
2021-10-04,38731.9609375
2021-10-05,73697.4375
2021-10-06,23910.05078125
2021-10-07,25550.69921875
2021-10-08,16073.669921875
2021-10-09,5375.9501953125
2021-10-10,8914.6201171875
2021-10-11,49880.5
2021-10-12,72635.6015625
2021-10-13,11331.5498046875
2021-10-14,28465.16015625
2021-10-15,26487.900390625
2021-10-16,14261.98046875
2021-10-17,6928.240234375
2021-10-18,83431.703125
2021-10-19,65760.328125
2021-10-20,43113.01953125
2021-10-21,19429.1796875
2021-10-22,41121.19921875
2021-10-23,8611.26953125
2021-10-24,5049.830078125
2021-10-25,51243.1015625
2021-10-26,58483.44140625
2021-10-27,41077.1015625
2021-10-28,24013.759765625
2021-10-29,28338.30078125
2021-10-30,9997.3203125
2021-10-31,14185.08984375
2021-11-01,71197.21875
2021-11-02,57892.6015625
2021-11-03,41287.51171875
2021-11-04,28380.9296875
2021-11-05,28072.640625
2021-11-06,11182.5400390625
2021-11-07,17997.3203125
2021-11-08,70524.53125
2021-11-09,41672.80859375
2021-11-10,18477.0703125
2021-11-11,26147.830078125
2021-11-12,16367.5498046875
2021-11-13,4615.10009765625
2021-11-14,16387.01953125
2021-11-15,69616.078125
2021-11-16,37952.4609375
2021-11-17,21899.240234375
2021-11-18,39085.55859375
2021-11-19,15695.740234375
2021-11-20,7910.3798828125
2021-11-21,17559.419921875
2021-11-22,81428.609375
2021-11-23,90838.7734375
2021-11-24,14865.76953125
2021-11-25,0.0
2021-11-26,24490.310546875
2021-11-27,9368.1201171875
2021-11-28,8411.3095703125
2021-11-29,79807.0234375
2021-11-30,36357.4296875
2021-12-01,32916.46875
2021-12-02,23753.26953125
2021-12-03,29142.609375
2021-12-04,15689.419921875
2021-12-05,5440.02978515625
2021-12-06,64381.078125
2021-12-07,72154.53125
2021-12-08,10415.9404296875
2021-12-09,34863.6015625
2021-12-10,47490.30078125
2021-12-11,11308.5302734375
2021-12-12,13332.669921875
2021-12-13,83849.6171875
2021-12-14,66009.828125
2021-12-15,28620.44921875
2021-12-16,16954.1796875
2021-12-17,36879.25
2021-12-18,6147.7001953125
2021-12-19,6587.10009765625
2021-12-20,36666.5390625
2021-12-21,82666.1171875
2021-12-22,29366.4609375
2021-12-23,19046.060546875
2021-12-24,15590.400390625
2021-12-25,0.0
2021-12-26,8615.1201171875
2021-12-27,78654.3984375
2021-12-28,103681.0390625
2021-12-29,30186.900390625
2021-12-30,31763.5703125
2021-12-31,27119.859375
2022-01-01,0.0
2022-01-02,15766.76953125
2022-01-03,44162.359375
2022-01-04,55283.5390625
2022-01-05,47312.7109375
2022-01-06,35875.1484375
2022-01-07,25948.330078125
2022-01-08,17017.0390625
2022-01-09,9295.98046875
2022-01-10,61453.05078125
2022-01-11,92798.0234375
2022-01-12,20879.390625
2022-01-13,32300.890625
2022-01-14,39024.671875
2022-01-15,17853.55078125
2022-01-16,11129.73046875
2022-01-17,31767.8203125
2022-01-18,89297.796875
2022-01-19,18757.439453125
2022-01-20,38346.96875
2022-01-21,40351.05078125
2022-01-22,18361.01953125
2022-01-23,16370.2900390625
2022-01-24,30834.869140625
2022-01-25,36496.3515625
2022-01-26,46449.01953125
2022-01-27,38718.76953125
2022-01-28,35672.69921875
2022-01-29,7664.509765625
2022-01-30,20686.83984375
2022-01-31,93329.4609375
2022-02-01,37190.2109375
2022-02-02,55448.48828125
2022-02-03,11822.1396484375
2022-02-04,41355.62890625
2022-02-05,4980.68017578125
2022-02-06,18523.349609375
2022-02-07,69485.0390625
2022-02-08,59817.69921875
2022-02-09,12758.759765625
2022-02-10,34584.55078125
2022-02-11,35282.828125
2022-02-12,10673.4404296875
2022-02-13,10319.599609375
2022-02-14,84861.6015625
2022-02-15,97515.0390625
2022-02-16,47487.46875
2022-02-17,43037.91015625
2022-02-18,41027.66015625
2022-02-19,17171.720703125
2022-02-20,9246.23046875
2022-02-21,82346.328125
2022-02-22,47624.08984375
2022-02-23,20228.630859375
2022-02-24,41882.3515625
2022-02-25,47897.01953125
2022-02-26,10427.650390625
2022-02-27,9968.25
2022-02-28,56468.58984375
2022-03-01,22697.66015625
2022-03-02,22531.970703125
2022-03-03,19345.580078125
2022-03-04,29993.5390625
2022-03-05,4094.820068359375
2022-03-06,12627.75
2022-03-07,13636.3603515625
2022-03-08,30615.740234375
2022-03-09,17268.2890625
2022-03-10,16693.69921875
2022-03-11,25286.8203125
2022-03-12,6942.39013671875
2022-03-13,11480.5703125
2022-03-14,36205.91015625
2022-03-15,60078.21875
2022-03-16,10552.2197265625
2022-03-17,11133.8798828125
2022-03-18,33831.1015625
2022-03-19,7412.06005859375
2022-03-20,6854.39990234375
2022-03-21,35731.44140625
2022-03-22,53987.421875
2022-03-23,26507.4609375
2022-03-24,15073.259765625
2022-03-25,26564.5703125
2022-03-26,12767.6904296875
2022-03-27,9899.8896484375
2022-03-28,50993.62890625
2022-03-29,60699.83984375
2022-03-30,15042.2099609375
2022-03-31,33204.48046875
2022-04-01,13133.8203125
2022-04-02,6362.5498046875
2022-04-03,6631.33984375
2022-04-04,21411.599609375
2022-04-05,32803.80078125
2022-04-06,16218.3603515625
2022-04-07,26370.2109375
2022-04-08,33027.8515625
2022-04-09,6139.3798828125
2022-04-10,3459.27001953125
2022-04-11,17246.720703125
2022-04-12,49330.859375
2022-04-13,32615.359375
2022-04-14,23326.400390625
2022-04-15,16714.419921875
2022-04-16,7495.52978515625
2022-04-17,7755.70743336397
2022-04-18,8015.885081571691
2022-04-19,8276.062729779413
2022-04-20,8536.240377987133
2022-04-21,8796.418026194853
2022-04-22,9056.595674402573
2022-04-23,9316.773322610294
2022-04-24,9576.950970818016
2022-04-25,9837.128619025736
2022-04-26,10097.306267233456
2022-04-27,10357.483915441177
2022-04-28,10617.661563648897
2022-04-29,10877.839211856619
2022-04-30,11138.016860064337
2022-05-01,11398.19450827206
2022-05-02,11658.37215647978
2022-05-03,11918.5498046875
2022-05-04,12178.727452895222
2022-05-05,12438.90510110294
2022-05-06,12699.082749310663
2022-05-07,12959.260397518383
2022-05-08,13219.438045726103
2022-05-09,13479.615693933825
2022-05-10,13739.793342141544
2022-05-11,13999.970990349266
2022-05-12,14260.148638556986
2022-05-13,14520.326286764706
2022-05-14,14780.503934972427
2022-05-15,15040.681583180147
2022-05-16,15300.859231387869
2022-05-17,15561.03687959559
2022-05-18,15821.21452780331
2022-05-19,16081.39217601103
2022-05-20,16341.56982421875
2022-05-21,16601.747472426472
2022-05-22,16861.925120634194
2022-05-23,17122.102768841913
2022-05-24,17382.28041704963
2022-05-25,17642.458065257353
2022-05-26,17902.635713465075
2022-05-27,18162.813361672794
2022-05-28,18422.991009880516
2022-05-29,18683.168658088238
2022-05-30,18943.346306295956
2022-05-31,19203.523954503675
2022-06-01,19463.7016027114
2022-06-02,19723.87925091912
2022-06-03,19984.056899126837
2022-06-04,20244.23454733456
2022-06-05,20504.41219554228
2022-06-06,20764.58984375
2022-06-07,21885.1796875
2022-06-08,21033.2109375
2022-06-09,13818.7900390625
2022-06-10,18877.849609375
2022-06-11,7119.68994140625
2022-06-12,5686.419921875
2022-06-13,28540.58984375
2022-06-14,13561.150390625
2022-06-15,20118.23046875
2022-06-16,11814.349609375
2022-06-17,10397.6103515625
2022-06-18,8099.22021484375
2022-06-19,4594.669921875
2022-06-20,26452.060546875
2022-06-21,12526.41015625
2022-06-22,8870.5703125
2022-06-23,20045.109375
2022-06-24,12267.2998046875
2022-06-25,6584.080078125
2022-06-26,5303.66015625
2022-06-27,5192.31982421875
2022-06-28,47016.078125
2022-06-29,22805.689453125
2022-06-30,16521.279296875
2022-07-01,9773.76953125
2022-07-02,7680.14013671875
2022-07-03,2247.610107421875
2022-07-04,0.0
2022-07-05,34440.7109375
2022-07-06,15931.23046875
2022-07-07,15063.5302734375
2022-07-08,6944.25
2022-07-09,6685.85009765625
2022-07-10,6814.43017578125
2022-07-11,28913.4296875
2022-07-12,22465.390625
2022-07-13,8595.169921875
2022-07-14,11044.2001953125
2022-07-15,20654.240234375
2022-07-16,7827.35986328125
2022-07-17,4420.58984375
2022-07-18,38091.671875
2022-07-19,30913.41015625
2022-07-20,12356.5498046875
2022-07-21,18314.310546875
2022-07-22,22974.869140625
2022-07-23,7688.3798828125
2022-07-24,6674.1298828125
2022-07-25,27873.16015625
2022-07-26,31804.58984375
2022-07-27,10868.3095703125
2022-07-28,18062.640625
2022-07-29,8648.240234375
2022-07-30,4584.64013671875
2022-07-31,8544.26953125
2022-08-01,16732.51953125
2022-08-02,25475.279296875
2022-08-03,25745.189453125
2022-08-04,6356.740234375
2022-08-05,20109.44921875
2022-08-06,11593.73046875
2022-08-07,6210.490234375
2022-08-08,63854.8515625
2022-08-09,35889.8984375
2022-08-10,15922.2998046875
2022-08-11,19605.380859375
2022-08-12,15792.7998046875
2022-08-13,11590.2001953125
2022-08-14,4835.1298828125
2022-08-15,71941.09375
2022-08-16,38585.62890625
2022-08-17,29042.73046875
2022-08-18,15454.8203125
2022-08-19,14687.2099609375
2022-08-20,6425.31982421875
2022-08-21,6369.509765625
2022-08-22,42030.41015625
2022-08-23,53368.390625
2022-08-24,23627.720703125
2022-08-25,30463.3203125
2022-08-26,35218.8984375
2022-08-27,10246.48046875
2022-08-28,4370.669921875
2022-08-29,45410.01953125
2022-08-30,7198.8701171875
2022-08-31,14470.4296875
2022-09-01,14591.5
2022-09-02,28014.029296875
2022-09-03,2898.679931640625
2022-09-04,3529.969970703125
2022-09-05,29208.080078125
2022-09-06,12934.009765625
2022-09-07,23872.759765625
2022-09-08,15784.2197265625
2022-09-09,9792.6904296875
2022-09-10,9674.76953125
2022-09-11,11463.51953125
2022-09-12,39993.26953125
2022-09-13,61865.1796875
2022-09-14,31599.19921875
2022-09-15,8724.08984375
2022-09-16,22228.169921875
2022-09-17,7999.419921875
2022-09-18,9750.8203125
2022-09-19,66306.546875
2022-09-20,58016.0
2022-09-21,15503.4404296875
2022-09-22,16198.2197265625
2022-09-23,30056.890625
2022-09-24,6780.77978515625
2022-09-25,7572.18994140625
2022-09-26,23080.76953125
2022-09-27,16906.119140625
2022-09-28,15239.1298828125
2022-09-29,35539.01953125
2022-09-30,34950.59718711703
2022-10-01,34362.174842984066
2022-10-02,33773.7524988511
2022-10-03,33185.33015471814
2022-10-04,32596.907810585173
2022-10-05,32008.485466452206
2022-10-06,31420.06312231924
2022-10-07,30831.640778186273
2022-10-08,30243.21843405331
2022-10-09,29654.796089920343
2022-10-10,29066.37374578738
2022-10-11,28477.951401654413
2022-10-12,27889.529057521446
2022-10-13,27301.10671338848
2022-10-14,26712.684369255512
2022-10-15,26124.26202512255
2022-10-16,25535.839680989586
2022-10-17,24947.41733685662
2022-10-18,24358.994992723652
2022-10-19,23770.572648590685
2022-10-20,23182.15030445772
2022-10-21,22593.727960324755
2022-10-22,22005.30561619179
2022-10-23,21416.883272058825
2022-10-24,20828.46092792586
2022-10-25,20240.03858379289
2022-10-26,19651.616239659925
2022-10-27,19063.19389552696
2022-10-28,18474.771551393995
2022-10-29,17886.349207261028
2022-10-30,17297.926863128065
2022-10-31,16709.504518995098
2022-11-01,16121.082174862131
2022-11-02,15532.659830729168
2022-11-03,14944.237486596201
2022-11-04,14355.815142463234
2022-11-05,13767.392798330271
2022-11-06,13178.970454197304
2022-11-07,12590.548110064337
2022-11-08,12002.12576593137
2022-11-09,11413.703421798407
2022-11-10,10825.28107766544
2022-11-11,10236.858733532474
2022-11-12,9648.43638939951
2022-11-13,9060.014045266544
2022-11-14,8471.591701133577
2022-11-15,7883.169357000614
2022-11-16,7294.747012867647
2022-11-17,6706.32466873468
2022-11-18,6117.902324601717
2022-11-19,5529.47998046875
2022-11-20,5453.75
2022-11-21,66163.7890625
2022-11-22,60730.12890625
2022-11-23,35201.80078125
2022-11-24,0.0
2022-11-25,27588.099609375
2022-11-26,10371.0
2022-11-27,17800.009765625
2022-11-28,49403.83984375
2022-11-29,43332.75
2022-11-30,23814.41015625
2022-12-01,9430.6201171875
2022-12-02,34294.46875
2022-12-03,5212.93994140625
2022-12-04,7625.43017578125
2022-12-05,51934.96875
2022-12-06,81882.8125
2022-12-07,16011.419921875
2022-12-08,54450.3984375
2022-12-09,5128.25
2022-12-10,12867.669921875
2022-12-11,4618.35009765625
2022-12-12,58123.9296875
2022-12-13,58047.078125
2022-12-14,29529.080078125
2022-12-15,20977.580078125
2022-12-16,43248.390625
2022-12-17,6696.7099609375
2022-12-18,21103.25
2022-12-19,81264.8671875
2022-12-20,30004.560546875
2022-12-21,40333.4296875
2022-12-22,26256.25
2022-12-23,33516.3984375
2022-12-24,18223.98046875
2022-12-25,0.0
2022-12-26,33127.05078125
2022-12-27,65368.26171875
2022-12-28,40009.87109375
2022-12-29,36833.87890625
2022-12-30,40753.1484375
2022-12-31,18214.55078125
2023-01-01,0.0
2023-01-02,110732.2890625
2023-01-03,32268.8203125
2023-01-04,43237.80859375
2023-01-05,17838.150390625
2023-01-06,37168.0703125
2023-01-07,9972.3798828125
2023-01-08,19534.8203125
2023-01-09,14887.5595703125
2023-01-10,32816.9609375
2023-01-11,26786.509765625
2023-01-12,29444.83984375
2023-01-13,8531.16015625
2023-01-14,21150.779296875
2023-01-15,18601.390625
2023-01-16,28212.349609375
2023-01-17,97971.1796875
2023-01-18,23703.439453125
2023-01-19,31696.029296875
2023-01-20,35138.7890625
2023-01-21,13915.6796875
2023-01-22,11292.1298828125
2023-01-23,61162.62109375
2023-01-24,69254.25
2023-01-25,39676.171875
2023-01-26,38301.62109375
2023-01-27,26424.740234375
2023-01-28,16273.98046875
2023-01-29,23229.140625
2023-01-30,99273.2421875
2023-01-31,105430.15625
2023-02-01,38597.69921875
2023-02-02,26830.6796875
2023-02-03,39136.23046875
2023-02-04,20554.109375
2023-02-05,13719.169921875
2023-02-06,45741.421875
2023-02-07,74309.0078125
2023-02-08,51618.25
2023-02-09,24503.3203125
2023-02-10,45619.51953125
2023-02-11,11639.009765625
2023-02-12,6679.06982421875
2023-02-13,65639.53125
2023-02-14,36988.98046875
2023-02-15,25573.6796875
2023-02-16,17551.880859375
2023-02-17,29765.5390625
2023-02-18,16959.55078125
2023-02-19,7359.66015625
2023-02-20,90558.09375
2023-02-21,53310.98828125
2023-02-22,41221.109375
2023-02-23,8774.330078125
2023-02-24,17049.16015625
2023-02-25,10035.6796875
2023-02-26,16311.169921875
2023-02-27,49562.75
2023-02-28,51744.69921875
2023-03-01,11217.76953125
2023-03-02,17601.140625
2023-03-03,14981.9404296875
2023-03-04,4141.490234375
2023-03-05,6112.2998046875
2023-03-06,25893.080078125
2023-03-07,56367.2890625
2023-03-08,21184.5703125
2023-03-09,32403.1796875
2023-03-10,19474.3203125
2023-03-11,12277.6298828125
2023-03-12,8249.5498046875
2023-03-13,43162.51171875
2023-03-14,65429.58984375
2023-03-15,30822.41015625
2023-03-16,30434.636623008577
2023-03-17,30046.863089767157
2023-03-18,29659.089556525734
2023-03-19,29271.316023284315
2023-03-20,28883.54249004289
2023-03-21,28495.768956801472
2023-03-22,28107.99542356005
2023-03-23,27720.22189031863
2023-03-24,27332.448357077206
2023-03-25,26944.674823835783
2023-03-26,26556.901290594364
2023-03-27,26169.12775735294
2023-03-28,25781.35422411152
2023-03-29,25393.580690870098
2023-03-30,25005.807157628675
2023-03-31,24618.033624387255
2023-04-01,24230.260091145836
2023-04-02,23842.486557904413
2023-04-03,23454.71302466299
2023-04-04,23066.93949142157
2023-04-05,22679.165958180147
2023-04-06,22291.392424938727
2023-04-07,21903.618891697304
2023-04-08,21515.84535845588
2023-04-09,21128.07182521446
2023-04-10,20740.298291973042
2023-04-11,20352.52475873162
2023-04-12,19964.751225490196
2023-04-13,19576.977692248773
2023-04-14,19189.204159007353
2023-04-15,18801.430625765934
2023-04-16,18413.65709252451
2023-04-17,18025.883559283087
2023-04-18,17638.110026041668
2023-04-19,17250.33649280025
2023-04-20,16862.562959558825
2023-04-21,16474.789426317402
2023-04-22,16087.01589307598
2023-04-23,15699.24235983456
2023-04-24,15311.468826593138
2023-04-25,14923.695293351717
2023-04-26,14535.921760110296
2023-04-27,14148.148226868874
2023-04-28,13760.374693627451
2023-04-29,13372.601160386032
2023-04-30,12984.827627144608
2023-05-01,12597.054093903189
2023-05-02,12209.280560661766
2023-05-03,11821.507027420343
2023-05-04,11433.733494178923
2023-05-05,11045.9599609375
2023-05-06,3179.68994140625
2023-05-07,5587.7001953125
2023-05-08,13952.9296875
2023-05-09,20250.890625
2023-05-10,22203.029296875
2023-05-11,24949.009765625
2023-05-12,23768.75
2023-05-13,1739.969970703125
2023-05-14,5965.0498046875
2023-05-15,38430.05078125
2023-05-16,29592.900390625
2023-05-17,20316.94921875
2023-05-18,22538.419921875
2023-05-19,15930.8095703125
2023-05-20,4522.7099609375
2023-05-21,3513.530029296875
2023-05-22,43590.30859375
2023-05-23,25767.4296875
2023-05-24,7825.81005859375
2023-05-25,11759.23046875
2023-05-26,14100.830078125
2023-05-27,9970.4501953125
2023-05-28,7097.2998046875
2023-05-29,42379.55078125
2023-05-30,22208.650390625
2023-05-31,16168.26953125
2023-06-01,17681.44921875
2023-06-02,17293.6796875
2023-06-03,6479.43017578125
2023-06-04,8589.5
2023-06-05,38460.1484375
2023-06-06,16720.060546875
2023-06-07,24980.5703125
2023-06-08,21163.4609375
2023-06-09,10770.3095703125
2023-06-10,3053.3701171875
2023-06-11,2568.780029296875
2023-06-12,21552.849609375
2023-06-13,19643.400390625
2023-06-14,11415.3603515625
2023-06-15,14251.6201171875
2023-06-16,18684.759765625
2023-06-17,4537.9501953125
2023-06-18,3855.260009765625
2023-06-19,28613.419921875
2023-06-20,43679.73046875
2023-06-21,11036.2197265625
2023-06-22,23452.189453125
2023-06-23,15685.6796875
2023-06-24,3040.659912109375
2023-06-25,6497.72998046875
2023-06-26,32887.671875
2023-06-27,17014.05078125
2023-06-28,12870.2998046875
2023-06-29,21745.060546875
2023-06-30,18006.5703125
2023-07-01,7956.97021484375
2023-07-02,6686.14013671875
2023-07-03,48354.46875
2023-07-04,0.0
2023-07-05,16329.0498046875
2023-07-06,11966.990234375
2023-07-07,6407.39013671875
2023-07-08,2995.0
2023-07-09,4548.3701171875
2023-07-10,23003.970703125
2023-07-11,23296.919921875
2023-07-12,11890.4599609375
2023-07-13,6361.85009765625
2023-07-14,15613.2099609375
2023-07-15,6158.0
2023-07-16,10436.3603515625
2023-07-17,42945.0390625
2023-07-18,50300.69140625
2023-07-19,19734.7890625
2023-07-20,18923.80078125
2023-07-21,10577.2900390625
2023-07-22,3067.2900390625
2023-07-23,7561.259765625
2023-07-24,27370.369140625
2023-07-25,42707.91015625
2023-07-26,7330.14990234375
2023-07-27,27201.91015625
2023-07-28,3785.389892578125
2023-07-29,5818.02978515625
2023-07-30,4811.60986328125
2023-07-31,14720.3203125
2023-08-01,66278.5
2023-08-02,30242.580078125
2023-08-03,34432.140625
2023-08-04,17740.9609375
2023-08-05,3724.659912109375
2023-08-06,12309.5498046875
2023-08-07,62530.01171875
2023-08-08,49857.5703125
2023-08-09,18879.669921875
2023-08-10,9093.099609375
2023-08-11,24334.55078125
2023-08-12,3698.800048828125
2023-08-13,6502.580078125
2023-08-14,50199.0703125
2023-08-15,52706.48046875
2023-08-16,9379.099609375
2023-08-17,9705.55353860294
2023-08-18,10032.007467830883
2023-08-19,10358.461397058823
2023-08-20,10684.915326286764
2023-08-21,11011.369255514706
2023-08-22,11337.823184742647
2023-08-23,11664.277113970587
2023-08-24,11990.73104319853
2023-08-25,12317.18497242647
2023-08-26,12643.638901654413
2023-08-27,12970.092830882353
2023-08-28,13296.546760110294
2023-08-29,13623.000689338234
2023-08-30,13949.454618566177
2023-08-31,14275.908547794117
2023-09-01,14602.36247702206
2023-09-02,14928.81640625
2023-09-03,15255.27033547794
2023-09-04,15581.724264705881
2023-09-05,15908.178193933823
2023-09-06,16234.632123161764
2023-09-07,16561.086052389706
2023-09-08,16887.539981617647
2023-09-09,17213.993910845587
2023-09-10,17540.447840073528
2023-09-11,17866.90176930147
2023-09-12,18193.355698529413
2023-09-13,18519.809627757353
2023-09-14,18846.263556985294
2023-09-15,19172.717486213234
2023-09-16,19499.171415441175
2023-09-17,19825.62534466912
2023-09-18,20152.079273897056
2023-09-19,20478.533203125
2023-09-20,20804.98713235294
2023-09-21,21131.44106158088
2023-09-22,21457.894990808825
2023-09-23,21784.348920036762
2023-09-24,22110.802849264706
2023-09-25,22437.256778492647
2023-09-26,22763.710707720587
2023-09-27,23090.164636948528
2023-09-28,23416.61856617647
2023-09-29,23743.072495404413
2023-09-30,24069.52642463235
2023-10-01,24395.980353860294
2023-10-02,24722.434283088234
2023-10-03,25048.888212316175
2023-10-04,25375.34214154412
2023-10-05,25701.796070772056
2023-10-06,26028.25
2023-10-07,9988.349609375
2023-10-08,20871.25
2023-10-09,104109.5625
2023-10-10,85168.4296875
2023-10-11,8991.9599609375
2023-10-12,17789.130859375
2023-10-13,17348.7890625
2023-10-14,19698.439453125
2023-10-15,10777.330078125
2023-10-16,107288.4921875
2023-10-17,65385.671875
2023-10-18,13537.150390625
2023-10-19,11599.169921875
2023-10-20,14097.990234375
2023-10-21,10103.1796875
2023-10-22,9632.7900390625
2023-10-23,91470.84375
2023-10-24,37981.73046875
2023-10-25,23458.5
2023-10-26,46905.55859375
2023-10-27,32861.890625
2023-10-28,17988.5
2023-10-29,17580.490234375
2023-10-30,104610.296875
2023-10-31,73427.2578125
2023-11-01,44719.28125
2023-11-02,47154.33984375
2023-11-03,40147.58984375
2023-11-04,18940.76953125
2023-11-05,8718.169921875
2023-11-06,56961.26171875
2023-11-07,53408.7109375
2023-11-08,54687.2109375
2023-11-09,27913.759765625
2023-11-10,20296.470703125
2023-11-11,10009.740234375
2023-11-12,5516.06005859375
2023-11-13,36120.19921875
2023-11-14,69358.0
2023-11-15,27908.83984375
2023-11-16,29504.91015625
2023-11-17,43090.12109375
2023-11-18,14601.4697265625
2023-11-19,10303.7001953125
2023-11-20,95763.78125
2023-11-21,48655.5703125
2023-11-22,20192.810546875
2023-11-23,0.0
2023-11-24,14501.4501953125
2023-11-25,19492.73046875
2023-11-26,5763.91015625
2023-11-27,44727.80859375
2023-11-28,44076.19140625
2023-11-29,35997.23828125
2023-11-30,28507.109375
2023-12-01,34261.640625
2023-12-02,18592.400390625
2023-12-03,7691.81982421875
2023-12-04,55500.890625
2023-12-05,73915.8984375
2023-12-06,13410.0400390625
2023-12-07,39238.98828125
2023-12-08,19813.130859375
2023-12-09,12267.7001953125
2023-12-10,16895.099609375
2023-12-11,28322.2890625
2023-12-12,93672.1484375
2023-12-13,29582.779296875
2023-12-14,44017.109375
2023-12-15,44086.1484375
2023-12-16,21313.169921875
2023-12-17,7919.43994140625
2023-12-18,40902.2890625
2023-12-19,89618.4375
2023-12-20,22759.400390625
2023-12-21,38072.4609375
2023-12-22,45718.33984375
2023-12-23,16742.5
2023-12-24,10093.83984375
2023-12-25,0.0
2023-12-26,70763.15625
2023-12-27,44820.359375
2023-12-28,23403.009765625
2023-12-29,23816.619140625
2023-12-30,21098.080078125
2023-12-31,11451.8603515625
2024-01-01,0.0
2024-01-02,75075.890625
2024-01-03,27039.0703125
2024-01-04,26865.208754595587
2024-01-05,26691.347196691175
2024-01-06,26517.485638786766
2024-01-07,26343.624080882353
2024-01-08,26169.76252297794
2024-01-09,25995.900965073528
2024-01-10,25822.03940716912
2024-01-11,25648.177849264706
2024-01-12,25474.316291360294
2024-01-13,25300.45473345588
2024-01-14,25126.593175551472
2024-01-15,24952.73161764706
2024-01-16,24778.870059742647
2024-01-17,24605.008501838234
2024-01-18,24431.146943933825
2024-01-19,24257.285386029413
2024-01-20,24083.423828125
2024-01-21,23909.562270220587
2024-01-22,23735.700712316175
2024-01-23,23561.839154411766
2024-01-24,23387.977596507353
2024-01-25,23214.11603860294
2024-01-26,23040.254480698528
2024-01-27,22866.39292279412
2024-01-28,22692.531364889706
2024-01-29,22518.669806985294
2024-01-30,22344.80824908088
2024-01-31,22170.94669117647
2024-02-01,21997.08513327206
2024-02-02,21823.223575367647
2024-02-03,21649.362017463234
2024-02-04,21475.500459558825
2024-02-05,21301.638901654413
2024-02-06,21127.77734375
2024-02-07,20953.915785845587
2024-02-08,20780.054227941175
2024-02-09,20606.192670036766
2024-02-10,20432.331112132353
2024-02-11,20258.46955422794
2024-02-12,20084.60799632353
2024-02-13,19910.74643841912
2024-02-14,19736.884880514706
2024-02-15,19563.023322610294
2024-02-16,19389.16176470588
2024-02-17,19215.30020680147
2024-02-18,19041.43864889706
2024-02-19,18867.577090992647
2024-02-20,18693.715533088234
2024-02-21,18519.853975183825
2024-02-22,18345.992417279413
2024-02-23,18172.130859375
2024-02-24,18958.2890625
2024-02-25,4262.759765625
2024-02-26,96489.1171875
2024-02-27,91707.4375
2024-02-28,22453.759765625
2024-02-29,50341.62890625
2024-03-01,32851.37890625
2024-03-02,7486.0498046875
2024-03-03,7190.43994140625
2024-03-04,25108.380859375
2024-03-05,50285.328125
2024-03-06,34605.8984375
2024-03-07,13904.73046875
2024-03-08,17994.310546875
2024-03-09,5436.22021484375
2024-03-10,6721.2998046875
2024-03-11,37525.51953125
2024-03-12,28642.80078125
2024-03-13,33637.828125
2024-03-14,19121.189453125
2024-03-15,27644.9609375
2024-03-16,5643.6298828125
2024-03-17,5392.4599609375
2024-03-18,43720.03125
2024-03-19,78723.78125
2024-03-20,4422.419921875
2024-03-21,17884.220703125
2024-03-22,12669.4404296875
2024-03-23,12493.7802734375
2024-03-24,10176.830078125
2024-03-25,50081.859375
2024-03-26,65307.328125
2024-03-27,33942.69921875
2024-03-28,19662.7890625
2024-03-29,18067.689453125
2024-03-30,14136.1904296875
2024-03-31,10981.009765625
2024-04-01,32273.580078125
2024-04-02,57945.6796875
2024-04-03,19920.900390625
2024-04-04,35690.26953125
2024-04-05,16516.060546875
2024-04-06,6309.990234375
2024-04-07,13628.3798828125
2024-04-08,48910.109375
2024-04-09,20307.939453125
2024-04-10,30525.41015625
2024-04-11,32498.169921875
2024-04-12,15040.240234375
2024-04-13,12489.33984375
2024-04-14,8204.16015625
2024-04-15,38378.9296875
2024-04-16,40143.0
2024-04-17,33513.12109375
2024-04-18,24270.189453125
2024-04-19,39817.640625
2024-04-20,8061.31982421875
2024-04-21,2991.27001953125
2024-04-22,65611.03125
2024-04-23,68979.1015625
2024-04-24,32610.779296875
2024-04-25,13304.1796875
2024-04-26,17392.060546875
2024-04-27,13494.5302734375
2024-04-28,19051.830078125
2024-04-29,58294.3515625
2024-04-30,66115.8203125
2024-05-01,21441.8203125
2024-05-02,22239.75
2024-05-03,9313.7099609375
2024-05-04,8621.169921875
2024-05-05,5334.06982421875
2024-05-06,40161.9296875
2024-05-07,32327.66015625
2024-05-08,26587.849609375
2024-05-09,26412.970703125
2024-05-10,9241.8798828125
2024-05-11,4717.22021484375
2024-05-12,8035.02978515625
2024-05-13,47497.80078125
2024-05-14,29381.849609375
2024-05-15,26732.08984375
2024-05-16,10592.0498046875
2024-05-17,11929.8095703125
2024-05-18,8134.56982421875
2024-05-19,3983.280029296875
2024-05-20,26594.580078125
2024-05-21,25303.58984375
2024-05-22,16796.849609375
2024-05-23,15203.9404296875
2024-05-24,27393.5703125
2024-05-25,8289.7802734375
2024-05-26,4141.31005859375
2024-05-27,20101.0703125
2024-05-28,50415.55078125
2024-05-29,21599.109375
2024-05-30,14006.7197265625
2024-05-31,13298.599609375
2024-06-01,5754.6298828125
2024-06-02,10365.33984375
2024-06-03,32257.859375
2024-06-04,53232.0703125
2024-06-05,24016.7109375
2024-06-06,10911.2900390625
2024-06-07,15820.5400390625
2024-06-08,5737.2900390625
2024-06-09,4495.259765625
2024-06-10,55162.80078125
2024-06-11,46291.859375
2024-06-12,10715.9296875
2024-06-13,21599.419921875
2024-06-14,9833.669921875
2024-06-15,3804.7099609375
2024-06-16,4967.93017578125
2024-06-17,45407.23828125
2024-06-18,19421.689453125
2024-06-19,25069.490234375
2024-06-20,24891.759765625
2024-06-21,16075.23046875
2024-06-22,4545.43994140625
2024-06-23,4133.5498046875
2024-06-24,28798.6796875
2024-06-25,36038.73828125
2024-06-26,6672.06005859375
2024-06-27,13619.5498046875
2024-06-28,10201.490234375
2024-06-29,4917.6201171875
2024-06-30,894.0
2024-07-01,47306.08984375
2024-07-02,36586.8203125
2024-07-03,13674.150390625
2024-07-04,0.0
2024-07-05,15749.3896484375
2024-07-06,4604.60009765625
2024-07-07,6697.490234375
2024-07-08,20928.900390625
2024-07-09,24266.869140625
2024-07-10,14515.73046875
2024-07-11,23876.439453125
2024-07-12,16788.0703125
2024-07-13,6999.43994140625
2024-07-14,3147.6201171875
2024-07-15,40240.921875
2024-07-16,24055.69921875
2024-07-17,23917.4296875
2024-07-18,4080.820068359375
2024-07-19,15374.6298828125
2024-07-20,3824.260009765625
2024-07-21,3044.679931640625
2024-07-22,19556.509765625
2024-07-23,25998.990234375
2024-07-24,22132.779296875
2024-07-25,15758.3896484375
2024-07-26,13603.8701171875
2024-07-27,4673.22998046875
2024-07-28,2373.739990234375
2024-07-29,21915.890625
2024-07-30,25490.83984375
2024-07-31,9986.3798828125
2024-08-01,13400.759765625
2024-08-02,10380.3203125
2024-08-03,15765.7099609375
2024-08-04,12450.0
2024-08-05,43243.51953125
2024-08-06,39153.4609375
2024-08-07,16150.259765625
2024-08-08,14842.9697265625
2024-08-09,21692.4296875
2024-08-10,12869.8203125
2024-08-11,12787.580078125
2024-08-12,63349.46875
2024-08-13,53107.078125
2024-08-14,16763.76953125
2024-08-15,17873.259765625
2024-08-16,15294.0
2024-08-17,12791.900390625
2024-08-18,7378.64990234375
2024-08-19,42579.33984375
2024-08-20,27846.75
2024-08-21,19784.91015625
2024-08-22,27645.330078125
2024-08-23,27933.279296875
2024-08-24,7635.259765625
2024-08-25,5562.6298828125
2024-08-26,49639.30859375
2024-08-27,32424.859375
2024-08-28,29417.94921875
2024-08-29,32442.419921875
2024-08-30,32385.83984375
2024-08-31,12996.9501953125
2024-09-01,11417.5595703125
2024-09-02,47530.6015625
2024-09-03,22887.369140625
2024-09-04,22684.23046875
2024-09-05,18258.970703125
2024-09-06,28945.23046875
2024-09-07,7705.33984375
2024-09-08,5323.580078125
2024-09-09,49519.0
2024-09-10,35700.890625
2024-09-11,27986.30078125
2024-09-12,21397.51953125
2024-09-13,33244.98046875
2024-09-14,12645.5595703125
2024-09-15,5602.9599609375
2024-09-16,68670.046875
2024-09-17,56929.640625
2024-09-18,12994.4697265625
2024-09-19,22600.2890625
2024-09-20,14281.3203125
2024-09-21,9131.33984375
2024-09-22,6275.83984375
2024-09-23,80901.078125
2024-09-24,63258.1484375
2024-09-25,30006.150390625
2024-09-26,30497.859375
2024-09-27,22369.279296875
2024-09-28,5937.47021484375
2024-09-29,10141.5498046875
2024-09-30,29693.419921875
2024-10-01,37983.78125
2024-10-02,36866.5
2024-10-03,16974.16015625
2024-10-04,47736.80859375
2024-10-05,10717.099609375
2024-10-06,15683.740234375
2024-10-07,47602.390625
2024-10-08,57723.62890625
2024-10-09,30360.94921875
2024-10-10,19296.939453125
2024-10-11,24532.390625
2024-10-12,22907.41015625
2024-10-13,18257.5390625
2024-10-14,43177.078125
2024-10-15,57528.41015625
2024-10-16,19769.44921875
2024-10-17,33114.69921875
2024-10-18,49810.2890625
2024-10-19,23881.5703125
2024-10-20,9711.0302734375
2024-10-21,43854.98046875
2024-10-22,88352.1328125
2024-10-23,35856.19140625
2024-10-24,11728.8095703125
2024-10-25,45690.078125
2024-10-26,8797.98046875
2024-10-27,7653.490234375
2024-10-28,79143.0625
2024-10-29,45997.37890625
2024-10-30,27299.98046875
2024-10-31,19621.560546875
2024-11-01,49331.109375
2024-11-02,9123.2900390625
2024-11-03,19962.609375
2024-11-04,107271.828125
2024-11-05,93904.609375
2024-11-06,6707.35986328125
2024-11-07,33462.6484375
2024-11-08,46347.921875
2024-11-09,24119.990234375
2024-11-10,18435.720703125
2024-11-11,99100.671875
2024-11-12,63478.3515625
2024-11-13,19269.150390625
2024-11-14,10262.0302734375
2024-11-15,30241.640625
2024-11-16,8387.9296875
2024-11-17,15892.4404296875
2024-11-18,104464.7890625
2024-11-19,80461.7109375
2024-11-20,22752.080078125
2024-11-21,19598.26953125
2024-11-22,28536.66015625
2024-11-23,14534.7197265625
2024-11-24,5091.1201171875
2024-11-25,77768.75
2024-11-26,30181.380859375
2024-11-27,33419.16015625
2024-11-28,0.0
2024-11-29,45930.98046875
2024-11-30,19251.970703125
2024-12-01,20536.94921875
2024-12-02,57311.71875
2024-12-03,50687.55859375
2024-12-04,55406.5703125
2024-12-05,12223.4296875
2024-12-06,39558.01953125
2024-12-07,14585.4501953125
2024-12-08,18651.69921875
2024-12-09,64462.5
2024-12-10,89431.609375
2024-12-11,18198.7890625
2024-12-12,46411.21875
2024-12-13,20857.630859375
2024-12-14,9975.91015625
2024-12-15,16285.150390625
2024-12-16,99292.3515625
2024-12-17,84738.2890625
2024-12-18,48187.96875
2024-12-19,17149.80078125
2024-12-20,21783.98046875
2024-12-21,8561.599609375
2024-12-22,6678.7001953125
2024-12-23,46011.19921875
2024-12-24,83649.03125
2024-12-25,0.0
2024-12-26,50282.1796875
2024-12-27,42688.51953125
2024-12-28,17525.990234375
2024-12-29,9064.740234375
2024-12-30,97611.9765625
2024-12-31,97434.4296875
2025-01-01,0.0
2025-01-02,50108.51171875
2025-01-03,46534.5703125
2025-01-04,12603.2802734375
2025-01-05,13226.150390625
2025-01-06,105814.2890625
2025-01-07,101488.9765625
2025-01-08,15393.9296875
2025-01-09,51107.71875
2025-01-10,8481.759765625
2025-01-11,19534.470703125
2025-01-12,12814.7001953125
2025-01-13,126836.90625
2025-01-14,96575.4921875
2025-01-15,23343.119140625
2025-01-16,32470.029296875
2025-01-17,25124.169921875
2025-01-18,12069.240234375
2025-01-19,8641.6201171875
2025-01-20,100482.6328125
2025-01-21,75469.4296875
2025-01-22,44847.1796875
2025-01-23,31107.109375
2025-01-24,16672.560546875
2025-01-25,21298.7109375
2025-01-26,21682.859375
2025-01-27,46365.078125
2025-01-28,37988.3984375
2025-01-29,49678.73828125
2025-01-30,43632.328125
2025-01-31,38725.328125
2025-02-01,10993.490234375
2025-02-02,24077.390625
2025-02-03,101905.0390625
2025-02-04,99083.2734375
2025-02-05,36512.75
2025-02-06,33644.5703125
2025-02-07,43323.1015625
2025-02-08,17881.8203125
2025-02-09,12996.6904296875
2025-02-10,63814.8984375
2025-02-11,107383.2421875
2025-02-12,42808.62890625
2025-02-13,63974.5703125
2025-02-14,45260.8984375
2025-02-15,13579.23046875
2025-02-16,24158.390625
2025-02-17,112724.7421875
2025-02-18,88157.75
2025-02-19,38914.1015625
2025-02-20,30474.1796875
2025-02-21,50608.921875
2025-02-22,17290.529296875
2025-02-23,11936.8095703125
2025-02-24,92547.2578125
2025-02-25,65643.9375
2025-02-26,33086.83984375
2025-02-27,46455.41015625
2025-02-28,29604.529296875
2025-03-01,8380.1396484375
2025-03-02,12258.490234375
2025-03-03,33855.359375
2025-03-04,62803.3984375
2025-03-05,35833.58984375
2025-03-06,16354.48046875
2025-03-07,12494.349609375
2025-03-08,8341.0595703125
2025-03-09,8033.72021484375
2025-03-10,66286.1328125
2025-03-11,23948.23046875
2025-03-12,30687.4609375
2025-03-13,16996.23046875
2025-03-14,24233.69921875
2025-03-15,14476.5595703125
2025-03-16,17992.08984375
2025-03-17,37559.25
2025-03-18,45181.8984375
2025-03-19,17996.91015625
2025-03-20,28244.869140625
2025-03-21,20664.990234375
2025-03-22,5849.330078125
2025-03-23,10582.509765625
2025-03-24,75665.9609375
2025-03-25,59668.6015625
2025-03-26,25385.580078125
2025-03-27,20212.720703125
2025-03-28,30842.490234375
2025-03-29,5970.31005859375
2025-03-30,11327.8798828125
2025-03-31,44054.46875
2025-04-01,61863.140625
2025-04-02,22402.890625
2025-04-03,11370.4404296875
2025-04-04,18577.919921875
2025-04-05,9444.3701171875
2025-04-06,3812.14990234375
2025-04-07,73076.6484375
2025-04-08,46284.66015625
2025-04-09,22737.4609375
2025-04-10,31975.7109375
2025-04-11,19104.189453125
2025-04-12,7200.93994140625
2025-04-13,10675.8798828125
2025-04-14,31302.919921875
2025-04-15,45763.921875
2025-04-16,17568.5390625
2025-04-17,20485.240234375
2025-04-18,18772.75
2025-04-19,5110.91015625
2025-04-20,8325.4697265625
2025-04-21,70822.6171875
2025-04-22,72793.703125
2025-04-23,37591.69921875
2025-04-24,19643.9609375
2025-04-25,25585.849609375
2025-04-26,8215.4697265625
2025-04-27,14157.1796875
2025-04-28,27987.490234375
2025-04-29,92713.2421875
2025-04-30,40611.3203125
2025-05-01,27323.630859375
2025-05-02,27560.5703125
2025-05-03,6536.14013671875
2025-05-04,6447.81982421875
2025-05-05,9733.099609375
2025-05-06,11910.9697265625
2025-05-07,11343.2099609375
2025-05-08,20225.990234375
2025-05-09,11352.349609375
2025-05-10,5124.77001953125
2025-05-11,3870.429931640625
2025-05-12,51868.98828125
2025-05-13,32912.5703125
2025-05-14,16035.8798828125
2025-05-15,22505.75
2025-05-16,28670.7109375
2025-05-17,6327.2001953125
2025-05-18,10171.7099609375
2025-05-19,23912.029296875
2025-05-20,22510.08984375
2025-05-21,15096.2900390625
2025-05-22,27244.759765625
2025-05-23,13687.0302734375
2025-05-24,5954.4501953125
2025-05-25,8564.5302734375
2025-05-26,53802.26171875
2025-05-27,35714.62109375
2025-05-28,21549.5
2025-05-29,16345.990234375
2025-05-30,22786.619140625
2025-05-31,9013.6298828125
2025-06-01,13250.080078125
2025-06-02,49107.6015625
2025-06-03,27739.26953125
2025-06-04,23476.490234375
2025-06-05,24701.30078125
2025-06-06,13042.7998046875
2025-06-07,2554.25
2025-06-08,4174.14990234375
2025-06-09,16720.880859375
2025-06-10,29106.330078125
2025-06-11,10862.4599609375
2025-06-12,28182.029296875
2025-06-13,8322.7900390625
2025-06-14,6690.64990234375
2025-06-15,6902.89013671875
2025-06-16,33761.2109375
2025-06-17,44664.55859375
2025-06-18,29997.69921875
2025-06-19,10693.580078125
2025-06-20,8521.16015625
2025-06-21,10676.169921875
2025-06-22,4761.56005859375
2025-06-23,20517.599609375
2025-06-24,55225.87109375
2025-06-25,13982.41015625
2025-06-26,10765.4697265625
2025-06-27,10510.6103515625
2025-06-28,5701.31005859375
2025-06-29,4737.64013671875
2025-06-30,42380.30859375
